# Blender v2.80 (sub 75) OBJ File: 'Dog Knight.blend'
# www.blender.org
mtllib Dog Knight.mtl
o Dog_Cube.001
v 0.342819 4.030728 -0.347352
v 0.603248 4.052694 0.083623
v 0.708830 4.650652 -0.317103
v 0.344392 4.065381 0.555417
v 0.300829 4.608337 -0.441255
v 0.347090 4.558908 0.570403
v 1.804121 4.775152 -0.030923
v 0.705748 4.371734 0.039366
v 0.708834 4.651363 0.331577
v 0.603437 4.917751 -0.012387
v 1.804121 4.644037 0.157974
v 1.804121 4.479752 0.007626
v 1.804121 4.644037 -0.189698
v 0.309334 4.316649 -0.422901
v 0.641915 4.284270 0.050841
v 0.340228 4.348292 0.580721
v 0.528192 4.644310 -0.394307
v 0.243475 4.790290 -0.429686
v 0.373654 4.882336 0.015484
v 0.310001 4.696307 0.497694
v 0.580866 4.618183 0.443913
v 0.573223 4.063583 0.417725
v 0.541841 4.024663 -0.199956
v 0.272839 3.725838 0.493381
v 0.529327 3.716251 0.099817
v 0.237757 3.709625 -0.269027
v 0.838721 4.381186 0.027064
v 0.810885 4.636784 -0.309304
v 0.822969 4.931963 -0.026575
v 0.810885 4.636784 0.309793
v 0.614828 4.819608 -0.249740
v 0.703062 4.447298 -0.227094
v 0.707214 4.457330 0.300132
v 0.620197 4.814516 0.242657
v 1.804121 4.742373 0.085509
v 1.804121 4.742373 -0.139825
v 1.804121 4.545702 0.143521
v 1.804121 4.545702 -0.166674
v 0.618827 4.344862 0.451493
v 0.572268 4.378352 -0.332671
v 0.457149 4.733531 0.346300
v 0.465733 4.818741 -0.337366
v 0.486801 3.711712 0.369815
v 0.459662 3.703229 -0.129048
v 0.829257 4.473675 -0.242276
v 0.829256 4.473675 0.282994
v 0.820590 4.845107 -0.238793
v 0.825217 4.819523 0.222678
v 2.789999 4.831400 -0.047978
v 2.789098 4.620375 0.146669
v 2.794483 4.452889 -0.029952
v 2.789999 4.609373 -0.237206
v 2.789999 4.775893 0.090785
v 2.789999 4.775893 -0.177767
v 2.789098 4.482089 0.129444
v 2.789999 4.482089 -0.193057
v 1.875295 4.740534 -0.137805
v 1.875295 4.772787 -0.030678
v 1.875295 4.481594 0.007344
v 1.875295 4.643777 -0.186866
v 1.875295 4.547019 -0.164115
v 1.729840 4.779736 -0.030842
v 1.729840 4.478682 0.008322
v 1.729840 4.645794 -0.192387
v 1.729839 4.746251 -0.141694
v 1.729839 4.545339 -0.168960
v 0.171015 4.969529 0.189933
v 0.190940 4.899808 -0.298264
v 0.213665 4.808573 0.302975
v 0.174910 4.872952 0.242482
v 0.163826 4.965476 -0.254873
v 0.311438 4.937537 0.011977
v 0.192207 3.010957 -0.424383
v 0.064975 2.788851 0.088606
v 0.404041 2.736014 0.455936
v 0.248325 2.942530 0.463070
v 0.269037 3.355109 0.475985
v 0.582832 3.404685 0.090084
v 0.231973 3.404820 -0.352886
v 0.543044 0.003101 0.293098
v 0.398079 2.740687 -0.361274
v 0.714567 2.865020 0.078386
v 0.123044 2.586546 0.072386
v 0.536684 0.003642 -0.158459
v 0.715590 0.105825 -0.177410
v 0.535449 0.103384 -0.403742
v 0.342295 0.101226 -0.177410
v 0.373869 0.355720 -0.172341
v 0.498226 0.360955 -0.348536
v 0.622584 0.366191 -0.172341
v 0.523033 0.365647 0.011086
v 0.546842 0.216433 0.321430
v 0.312090 0.100713 0.287220
v 0.792264 0.102613 0.346044
v 0.225758 3.219576 -0.451018
v 0.276306 3.159046 0.492592
v 0.501936 3.371828 0.377362
v 0.327325 2.995659 -0.424473
v 0.088148 2.790158 0.090263
v 0.326075 2.923641 0.446249
v 0.094412 2.826545 0.372636
v 0.083806 2.848868 -0.301410
v 0.506253 3.394092 -0.202359
v 0.642927 3.202162 0.086921
v 0.259797 3.530372 0.484135
v 0.538745 3.554826 0.092849
v 0.233507 3.528925 -0.288958
v 0.465642 2.523321 -0.352360
v 0.150613 2.435946 0.070297
v 0.465642 2.523321 0.466594
v 0.778800 2.606374 0.074880
v 0.183522 2.620460 0.342196
v 0.638430 2.833740 0.380008
v 0.650612 2.835731 -0.226232
v 0.183522 2.620460 -0.209244
v 0.534725 0.003630 -0.344467
v 0.363473 0.004143 -0.175720
v 0.546664 0.003784 0.060895
v 0.705978 0.003119 -0.175720
v 0.328882 0.095083 0.062987
v 0.420731 0.357029 -0.030433
v 0.765482 0.095722 0.062987
v 0.670555 0.105215 -0.347159
v 0.400344 0.101552 -0.347159
v 0.353785 0.223009 -0.166711
v 0.528197 0.221224 -0.377479
v 0.702608 0.219439 -0.166711
v 0.537652 0.277488 0.105152
v 0.776481 0.002433 0.341398
v 0.325249 0.003790 0.292233
v 0.375661 0.173232 0.247374
v 0.717645 0.180845 0.239152
v 0.622377 0.368978 -0.045972
v 0.591494 0.364882 -0.304487
v 0.404959 0.357029 -0.304487
v 0.519958 1.333101 0.211429
v 0.786968 1.395440 -0.164024
v 0.491994 1.430978 -0.560632
v 0.226295 1.398792 -0.145566
v 0.551264 3.179471 0.384130
v 0.557414 3.200935 -0.287506
v 0.131973 2.823394 0.349180
v 0.143814 2.827458 -0.307953
v 0.487730 3.547536 0.363562
v 0.478402 3.528695 -0.149081
v 0.715125 2.582369 -0.252110
v 0.222748 2.467838 -0.235647
v 0.221675 2.457789 0.366247
v 0.707739 2.584530 0.371752
v 0.671678 0.002962 -0.302503
v 0.394314 0.004280 -0.302503
v 0.356623 0.003336 0.063667
v 0.732602 0.003629 0.063667
v 0.358359 0.234385 0.092941
v 0.718083 0.231544 0.078129
v 0.659005 0.219885 -0.324787
v 0.397388 0.222563 -0.324787
v 0.717159 1.344990 0.128469
v 0.700484 1.439045 -0.400316
v 0.289654 1.440673 -0.386982
v 0.306329 1.346618 0.141802
v 0.470414 1.888261 0.319133
v 0.482615 1.720178 0.355574
v 0.504247 1.536582 0.273437
v 0.669422 1.958183 0.054388
v 0.700193 1.796067 0.056398
v 0.713710 1.624296 0.001347
v 0.462337 1.816646 -0.240220
v 0.258320 1.890372 0.041782
v 0.262625 1.743011 0.046535
v 0.259607 1.598947 0.042783
v 0.667890 1.558465 0.199732
v 0.653517 1.735766 0.250015
v 0.620066 1.896109 0.222299
v 0.637483 1.824633 -0.183082
v 0.301158 1.786072 -0.156090
v 0.308279 1.874032 0.240433
v 0.314567 1.726306 0.256480
v 0.329154 1.552764 0.231083
v 0.460775 2.265690 0.411459
v 0.727854 2.242784 0.028321
v 0.460775 2.173097 -0.346125
v 0.195554 2.181537 0.034468
v 0.661084 2.270102 0.300767
v 0.661084 2.201907 -0.257195
v 0.261664 2.159993 -0.251990
v 0.261664 2.230185 0.322309
v 2.331838 4.848921 -0.043550
v 2.330783 4.403539 -0.012853
v 2.323294 4.640624 -0.269438
v 2.324761 4.484402 -0.230662
v 2.325730 4.796847 -0.205029
v 2.320837 4.640851 0.202930
v 2.317267 4.798443 0.108564
v 2.320125 4.483258 0.184109
v 2.026571 4.745035 -0.149768
v 2.026571 4.779302 -0.038104
v 2.026571 4.475188 -0.003615
v 2.026571 4.642235 -0.195973
v 2.026571 4.539435 -0.172393
v 1.970493 4.642471 0.139122
v 1.970493 4.746697 0.071060
v 1.970493 4.538246 0.125547
v 1.277354 4.879861 -0.031855
v 1.274590 4.400013 0.018690
v 1.290769 4.644650 -0.277175
v 1.286669 4.795711 -0.202198
v 1.306405 4.643593 0.254823
v 1.288119 4.489105 -0.228720
v 1.312338 4.793380 0.146318
v 1.307624 4.489324 0.232518
v 0.319422 0.760444 -0.201666
v 0.497685 0.763473 -0.454216
v 0.690892 0.765646 -0.201666
v 0.516890 0.763473 0.056564
v 0.367404 0.761005 -0.000339
v 0.650654 0.765269 -0.000339
v 0.639678 0.765269 -0.376589
v 0.367404 0.761005 -0.376589
v 0.256901 1.099246 -0.201224
v 0.493527 1.133772 -0.562726
v 0.763410 1.100610 -0.218946
v 0.517731 1.067924 0.145131
v 0.703137 1.074969 0.062661
v 0.685528 1.122361 -0.452334
v 0.312699 1.120679 -0.439390
v 0.330308 1.073286 0.075605
v 1.603209 4.537236 -0.175397
v 1.645671 4.756731 0.097531
v 1.640954 4.537545 0.158946
v 1.592132 4.796064 -0.031161
v 1.589087 4.468858 0.008488
v 1.605363 4.645333 -0.203432
v 1.601247 4.760032 -0.149848
v 1.639764 4.643836 0.174443
v 0.214384 4.866254 0.738437
v 0.089393 5.336983 0.931151
v 0.280725 4.879532 0.569884
v 0.103280 5.512374 0.636858
v 0.325639 4.929039 0.397915
v 0.276126 5.728150 0.551962
v 0.313725 5.122354 0.249664
v 0.318383 5.886312 0.213048
v 0.288600 5.193662 0.600796
v 0.181662 5.141944 0.818969
v 0.346501 5.234092 0.430323
v 0.464429 5.279177 0.121653
v 0.244058 5.336419 0.667774
v 0.188020 5.240499 0.877712
v 0.371577 5.414791 0.501613
v 0.494753 5.493362 0.136288
v 0.192865 5.085384 0.209696
v 0.325911 5.886220 0.039069
v 0.342157 5.178067 0.043374
v 0.497116 5.503036 0.007093
v 0.275650 4.967628 -0.148115
v 0.331163 4.880115 -0.200388
v 0.466289 5.333390 -0.021686
v 0.222102 5.472992 0.576770
v 0.308824 5.782241 -0.185961
v 0.459050 5.485876 -0.087633
v 0.425362 5.456630 0.267746
v 0.394693 5.266632 0.256368
v 0.295984 5.784681 0.402867
v 0.626734 0.076830 0.399650
v 0.469878 0.086683 0.398590
v 0.470178 0.001488 0.402601
v 0.629938 0.002407 0.394520
v 0.556414 -0.004765 0.514754
v 0.370607 -0.004765 0.496688
v 0.736221 -0.003846 0.486922
v 0.380116 0.147625 0.444612
v 0.732662 0.136532 0.423365
v 0.553291 0.182306 0.469530
v 0.436228 -0.002157 0.467830
v 0.321156 0.005767 0.462518
v 0.598314 0.005365 0.483259
v 0.503860 0.004873 0.484336
v 0.792994 -0.004753 0.449277
v 0.666356 -0.001583 0.470805
v 0.508739 1.460692 0.249199
v 0.732156 1.540220 -0.046126
v 0.261420 1.522541 -0.004613
v 0.335710 1.475833 0.203318
v 0.679341 1.475527 0.172794
v 0.290678 1.669622 -0.209258
v 0.459965 1.697700 -0.306409
v 0.638212 1.697378 -0.237151
v 0.628132 2.006519 0.240638
v 0.467309 1.999897 0.339071
v 0.681382 2.049553 0.046005
v 0.462372 1.943157 -0.257208
v 0.244937 1.985461 0.039306
v 0.617447 1.956402 -0.187809
v 0.298399 1.988880 0.259313
v 0.301208 1.921366 -0.190456
v 0.364320 2.851877 0.449391
v 0.350269 2.912978 -0.403979
v 0.663656 3.092692 0.083856
v 0.099464 2.707705 0.084466
v 0.151974 2.728021 0.346916
v 0.607307 3.037826 0.380186
v 0.585799 3.082375 -0.265025
v 0.156690 2.760333 -0.275944
v 1.057342 4.855237 -0.021208
v 1.049149 4.404762 0.016362
v 1.033556 4.617548 -0.214032
v 1.049361 4.781460 -0.154474
v 1.046851 4.618197 0.206319
v 1.043720 4.483753 -0.170713
v 1.062686 4.781596 0.119664
v 1.056988 4.484779 0.188276
v 2.117216 4.827058 -0.042975
v 2.119609 4.424614 -0.011542
v 2.095772 4.641753 -0.228550
v 2.099261 4.502775 -0.198351
v 2.099709 4.642004 0.165304
v 2.090636 4.782496 0.086786
v 2.097899 4.501511 0.149644
v 2.101951 4.780732 -0.175075
v 2.609827 4.845296 -0.047093
v 2.611366 4.426799 -0.021130
v 2.609827 4.622183 -0.280098
v 2.609827 4.478727 -0.231494
v 2.604100 4.622172 0.198155
v 2.609642 4.790336 0.117905
v 2.608549 4.478206 0.177665
v 2.609827 4.789518 -0.209615
v 0.304159 5.067973 0.020129
v 0.284306 3.864242 -0.318012
v 0.557692 3.838314 0.101575
v 0.288314 3.873078 0.490701
v 0.523147 3.852065 0.381633
v 0.491563 3.840083 -0.144075
v 0.057863 4.517399 0.643210
v 0.055680 4.347662 0.661664
v 0.045768 4.135864 0.627630
v 0.316919 4.008309 -0.325833
v 0.572338 4.018588 0.087771
v 0.319488 4.041728 0.512482
v 0.542683 4.036938 0.379980
v 0.511264 3.994901 -0.179727
v 0.044158 4.102525 0.590556
v 0.260529 5.538212 -0.343092
v 0.360529 5.413856 -0.214105
v 0.211877 5.310369 -0.321083
v 0.358379 5.245654 -0.140166
v 0.173145 5.159138 -0.286028
v 0.301798 5.119220 -0.142390
v 0.104654 5.368580 0.805071
v 0.403696 3.169810 0.457501
v 0.191479 1.287771 0.530364
v 0.235456 1.611435 0.526303
v 0.281704 1.984057 0.517188
v 0.323470 2.356679 0.512147
v 0.362374 2.729300 0.491217
v 0.237246 3.159914 0.510047
v 0.095740 1.267931 0.556327
v 0.173127 2.729172 0.535596
v 0.155118 2.356550 0.544748
v 0.138636 1.983928 0.551556
v 0.123431 1.611306 0.554751
v 0.239282 3.218361 -0.455907
v 0.328338 3.161359 0.487721
v 0.645514 3.201647 0.087707
v 0.551337 3.179869 0.386546
v 0.571800 3.197800 -0.284228
v 0.854230 1.997228 -0.175845
v 0.854330 1.987311 0.229673
v 0.952851 2.018467 0.033215
v 0.899829 2.009581 0.166293
v 0.902057 2.000586 -0.106528
v 0.689639 2.886114 0.408168
v 0.764818 2.594385 0.380697
v 0.832079 2.301983 0.299699
v 0.896754 2.314425 0.051582
v 0.829084 2.610383 0.061424
v 0.768760 2.907414 0.075963
v 0.458704 2.863375 0.518645
v 0.602292 2.572894 0.483631
v 0.726128 2.280356 0.376662
v 0.836033 2.298742 -0.196728
v 0.758435 2.596897 -0.268817
v 0.681361 2.895776 -0.288019
v 0.708354 2.303801 -0.333802
v 0.559792 2.609213 -0.443049
v 0.388195 2.916364 -0.473382
v 0.717351 3.054780 0.081360
v 0.628431 3.044492 -0.283008
v 0.311563 3.068200 -0.466778
v 0.640011 3.032652 0.407116
v 0.392804 3.011204 0.516336
v 0.604668 3.190758 0.232213
v 0.932814 2.014024 0.094841
v 0.735673 2.896764 0.237152
v 0.803425 2.602384 0.216148
v 0.870890 2.308204 0.170728
v 0.685155 3.043716 0.239324
v 0.607662 3.201058 -0.092308
v 0.932540 2.013448 -0.043907
v 0.730146 2.905516 -0.113279
v 0.798845 2.607561 -0.110947
v 0.871479 2.310504 -0.079824
v 0.677977 3.053557 -0.108076
v 0.273106 3.180783 0.520519
v 0.650037 3.234705 0.089811
v 0.222069 3.251076 -0.463374
v 0.555430 3.209358 0.402377
v 0.561611 3.233724 -0.295732
v 0.430659 5.274898 0.216567
v 0.462832 5.480815 0.213432
v 0.317953 5.845702 0.344960
v 0.360622 5.577115 0.517791
v 0.448343 5.697176 0.174424
v 0.388137 5.619000 0.359606
v 0.417857 5.664773 0.266518
v 0.411591 5.666368 -0.136172
v 0.431494 5.714389 0.034447
v 3.361095 4.770815 -0.051415
v 3.344376 4.657672 0.193653
v 3.328692 4.595471 -0.043027
v 3.344376 4.657672 -0.325876
v 2.872744 4.472735 -0.027749
v 2.872744 4.627496 -0.278854
v 2.872744 4.816488 -0.052865
v 2.872744 4.627496 0.233170
v 3.356008 4.754243 0.122760
v 3.356068 4.744579 -0.234232
v 3.336747 4.600626 0.176187
v 3.333778 4.609787 -0.303100
v 2.872744 4.519983 -0.217978
v 2.872744 4.519983 0.209420
v 2.872744 4.769239 -0.196895
v 2.872744 4.769239 0.151823
v 3.331426 4.619369 -0.168449
v 3.338230 4.615549 0.041920
v 3.358472 4.677353 -0.163845
v 3.358443 4.672681 0.040285
v 3.136946 4.798031 -0.068173
v 3.152382 4.669849 0.205303
v 3.136946 4.548697 -0.026327
v 3.136946 4.660439 -0.324245
v 3.136946 4.763632 0.138729
v 3.136946 4.763632 -0.236669
v 3.136946 4.583096 0.185225
v 3.136946 4.595171 -0.309980
v 3.188178 4.613347 0.311866
v 3.027183 4.587071 0.395200
v 3.032647 4.687822 0.387955
v 3.026449 4.515517 0.362273
v 3.181890 4.702992 0.312562
v 3.176510 4.544752 0.289794
v 3.241521 4.569284 0.562405
v 3.248078 4.524484 0.569210
v 3.234445 4.492317 0.545838
v 3.318853 4.581808 0.504820
v 3.312316 4.510719 0.489519
v 3.331577 4.541947 0.508028
v 3.799467 4.654641 0.189460
v 3.822121 4.701955 0.136593
v 3.783307 4.619681 0.193090
v 3.784409 4.619521 0.074761
v 3.811521 4.658590 0.078975
v 3.848033 4.698109 -0.055883
v 3.795301 4.631741 -0.056177
v 3.798345 4.638320 -0.121132
v 3.808565 4.642929 0.002007
v 3.834140 4.676054 -0.116903
v 3.832402 4.665304 -0.000697
v 3.768767 4.658752 -0.309456
v 3.787756 4.699972 -0.256980
v 3.754523 4.633822 -0.302108
v 3.752626 4.633428 -0.207686
v 3.779162 4.657175 -0.202697
v 3.485114 4.627037 -0.143255
v 3.482912 4.610055 -0.048923
v 3.490610 4.636510 0.023349
v 3.506936 4.677623 0.020405
v 3.509078 4.741374 -0.053660
v 3.506959 4.693690 -0.142270
v 3.499777 4.666164 -0.180643
v 3.497537 4.726288 -0.245896
v 3.486837 4.657462 -0.318202
v 3.474949 4.622300 -0.185370
v 3.477108 4.616040 -0.300345
v 3.477627 4.657672 0.191431
v 3.489446 4.741085 0.121851
v 3.469999 4.600626 0.181112
v 3.491695 4.672681 0.056936
v 3.471482 4.615549 0.058571
v 3.647332 4.661935 -0.194054
v 3.624949 4.625529 -0.198917
v 3.645274 4.706883 -0.253649
v 3.635666 4.657228 -0.313009
v 3.626895 4.622930 -0.300573
v 3.676622 4.631875 -0.129087
v 3.685367 4.639922 0.012302
v 3.699167 4.717329 -0.053444
v 3.676973 4.620068 -0.051804
v 3.699161 4.674849 0.009496
v 3.695270 4.688499 -0.126177
v 3.692391 4.657682 0.186908
v 3.686054 4.612009 0.184317
v 3.687286 4.620060 0.076513
v 3.701967 4.715546 0.131846
v 3.704076 4.668570 0.075496
v 3.513552 4.739747 0.122985
v 3.515786 4.672215 0.058908
v 3.501989 4.657674 0.190310
v 3.494507 4.601917 0.181475
v 3.495961 4.616061 0.060473
v 3.675958 4.657681 0.187663
v 3.669523 4.611137 0.184072
v 3.670774 4.619715 0.075230
v 3.685706 4.716447 0.131082
v 3.687825 4.668884 0.074166
v 3.458674 4.608804 -0.048787
v 3.483150 4.677969 0.021557
v 3.483174 4.694339 -0.144487
v 3.460918 4.626433 -0.145180
v 3.466517 4.636084 0.024556
v 3.485332 4.742661 -0.053900
v 3.657834 4.619080 -0.051219
v 3.680399 4.675123 0.010820
v 3.676433 4.689013 -0.127515
v 3.657467 4.631397 -0.130187
v 3.666365 4.639585 0.013674
v 3.680406 4.718346 -0.053222
v 3.516969 4.725638 -0.246303
v 3.506394 4.657434 -0.317767
v 3.496776 4.616831 -0.300533
v 3.519188 4.665679 -0.181701
v 3.494641 4.622670 -0.186443
v 3.661536 4.661579 -0.194828
v 3.639358 4.625801 -0.199702
v 3.659492 4.706408 -0.253947
v 3.649976 4.657209 -0.312691
v 3.641287 4.623509 -0.300711
v 3.850566 4.645265 0.139232
v 3.863044 4.641974 -0.057483
v 3.824427 4.657012 -0.256980
v 3.294595 4.502440 0.430317
v 3.168920 4.478567 0.506420
v 3.307547 4.563065 0.447363
v 3.172321 4.541499 0.531649
v 3.163113 4.614974 0.514592
v 3.289082 4.628020 0.437421
v 3.315425 4.515747 0.566529
v 0.177994 5.899198 0.420608
v 0.177461 5.965807 0.032176
v 0.163928 5.854299 -0.221853
v 0.179590 5.941038 0.412192
v 0.144473 5.572062 -0.385391
v 0.180680 5.982293 0.228175
v 0.148880 5.818964 0.574149
v 0.138300 5.067763 0.299568
v 0.140048 5.052097 0.412567
v 0.110293 5.056653 0.250602
v 0.134416 5.030945 0.574880
v 0.129079 4.936380 0.745797
v 1.425812 4.853093 -0.033304
v 1.421269 4.418684 0.015018
v 1.446885 4.645137 -0.257443
v 1.440400 4.787925 -0.188458
v 1.458432 4.643781 0.232360
v 1.443013 4.503273 -0.216258
v 1.467787 4.784932 0.132855
v 1.460340 4.503554 0.212067
v 1.125922 4.507386 -0.163322
v 1.149694 4.763166 0.108615
v 1.146523 4.508021 0.172369
v 1.133501 4.829738 -0.021941
v 1.128943 4.437065 0.013880
v 1.120267 4.627869 -0.201947
v 1.129061 4.763781 -0.146565
v 1.140884 4.627916 0.189035
v 2.083566 4.762039 -0.153856
v 2.096777 4.802054 -0.039537
v 2.099757 4.451039 -0.008664
v 2.078165 4.641992 -0.200598
v 2.081080 4.521946 -0.175367
v 2.068552 4.642235 0.143948
v 2.060609 4.763752 0.075215
v 2.066967 4.520720 0.130240
v -0.342819 4.030728 -0.347352
v -0.603248 4.052694 0.083623
v -0.708830 4.650652 -0.317103
v -0.344392 4.065381 0.555417
v -0.300829 4.608337 -0.441255
v -0.347090 4.558908 0.570403
v -1.804121 4.775152 -0.030923
v -0.705748 4.371734 0.039366
v -0.708834 4.651363 0.331577
v -0.603437 4.917751 -0.012387
v -1.804121 4.644037 0.157974
v -1.804121 4.479752 0.007626
v -1.804121 4.644037 -0.189698
v -0.309334 4.316649 -0.422901
v -0.641915 4.284270 0.050841
v -0.340228 4.348292 0.580721
v -0.528192 4.644310 -0.394307
v -0.243475 4.790290 -0.429686
v -0.373654 4.882336 0.015484
v -0.310001 4.696307 0.497694
v -0.580866 4.618183 0.443913
v -0.573223 4.063583 0.417725
v -0.541841 4.024663 -0.199956
v -0.272839 3.725838 0.493381
v -0.529327 3.716251 0.099817
v -0.237757 3.709625 -0.269027
v -0.838721 4.381186 0.027064
v -0.810885 4.636784 -0.309304
v -0.822969 4.931963 -0.026575
v -0.810885 4.636784 0.309793
v -0.614828 4.819608 -0.249740
v -0.703062 4.447298 -0.227094
v -0.707214 4.457330 0.300132
v -0.620197 4.814516 0.242657
v -1.804121 4.742373 0.085509
v -1.804121 4.742373 -0.139825
v -1.804121 4.545702 0.143521
v -1.804121 4.545702 -0.166674
v -0.618827 4.344862 0.451493
v -0.572268 4.378352 -0.332671
v -0.457149 4.733531 0.346300
v -0.465733 4.818741 -0.337366
v -0.486801 3.711712 0.369815
v -0.459662 3.703229 -0.129048
v -0.829257 4.473675 -0.242276
v -0.829256 4.473675 0.282994
v -0.820590 4.845107 -0.238793
v -0.825217 4.819523 0.222678
v -2.789999 4.831400 -0.047978
v -2.789098 4.620375 0.146669
v -2.794483 4.452889 -0.029952
v -2.789999 4.609373 -0.237206
v -2.789999 4.775893 0.090785
v -2.789999 4.775893 -0.177767
v -2.789098 4.482089 0.129444
v -2.789999 4.482089 -0.193057
v -1.875295 4.740534 -0.137805
v -1.875295 4.772787 -0.030678
v -1.875295 4.481594 0.007344
v -1.875295 4.643777 -0.186866
v -1.875295 4.547019 -0.164115
v -1.729840 4.779736 -0.030842
v -1.729840 4.478682 0.008322
v -1.729840 4.645794 -0.192387
v -1.729839 4.746251 -0.141694
v -1.729839 4.545339 -0.168960
v -0.171015 4.969529 0.189933
v -0.190940 4.899808 -0.298264
v -0.213665 4.808573 0.302975
v -0.174910 4.872952 0.242482
v -0.163826 4.965476 -0.254873
v -0.311438 4.937537 0.011977
v -0.192207 3.010957 -0.424383
v -0.064975 2.788851 0.088606
v -0.404041 2.736014 0.455936
v -0.248325 2.942530 0.463070
v -0.269037 3.355109 0.475985
v -0.582832 3.404685 0.090084
v -0.231973 3.404820 -0.352886
v -0.543044 0.003101 0.293098
v -0.398079 2.740687 -0.361274
v -0.714567 2.865020 0.078386
v -0.123044 2.586546 0.072386
v -0.536684 0.003642 -0.158459
v -0.715590 0.105825 -0.177410
v -0.535449 0.103384 -0.403742
v -0.342295 0.101226 -0.177410
v -0.373869 0.355720 -0.172341
v -0.498226 0.360955 -0.348536
v -0.622584 0.366191 -0.172341
v -0.523033 0.365647 0.011086
v -0.546842 0.216433 0.321430
v -0.312090 0.100713 0.287220
v -0.792264 0.102613 0.346044
v -0.225758 3.219576 -0.451018
v -0.276306 3.159046 0.492592
v -0.501936 3.371828 0.377362
v -0.327325 2.995659 -0.424473
v -0.088148 2.790158 0.090263
v -0.326075 2.923641 0.446249
v -0.094412 2.826545 0.372636
v -0.083806 2.848868 -0.301410
v -0.506253 3.394092 -0.202359
v -0.642927 3.202162 0.086921
v -0.259797 3.530372 0.484135
v -0.538745 3.554826 0.092849
v -0.233507 3.528925 -0.288958
v -0.465642 2.523321 -0.352360
v -0.150613 2.435946 0.070297
v -0.465642 2.523321 0.466594
v -0.778800 2.606374 0.074880
v -0.183522 2.620460 0.342196
v -0.638430 2.833740 0.380008
v -0.650612 2.835731 -0.226232
v -0.183522 2.620460 -0.209244
v -0.534725 0.003630 -0.344467
v -0.363473 0.004143 -0.175720
v -0.546664 0.003784 0.060895
v -0.705978 0.003119 -0.175720
v -0.328882 0.095083 0.062987
v -0.420731 0.357029 -0.030433
v -0.765482 0.095722 0.062987
v -0.670555 0.105215 -0.347159
v -0.400344 0.101552 -0.347159
v -0.353785 0.223009 -0.166711
v -0.528197 0.221224 -0.377479
v -0.702608 0.219439 -0.166711
v -0.537652 0.277488 0.105152
v -0.776481 0.002433 0.341398
v -0.325249 0.003790 0.292233
v -0.375661 0.173232 0.247374
v -0.717645 0.180845 0.239152
v -0.622377 0.368978 -0.045972
v -0.591494 0.364882 -0.304487
v -0.404959 0.357029 -0.304487
v -0.519958 1.333101 0.211429
v -0.786968 1.395440 -0.164024
v -0.491994 1.430978 -0.560632
v -0.226295 1.398792 -0.145566
v -0.551264 3.179471 0.384130
v -0.557414 3.200935 -0.287506
v -0.131973 2.823394 0.349180
v -0.143814 2.827458 -0.307953
v -0.487730 3.547536 0.363562
v -0.478402 3.528695 -0.149081
v -0.715125 2.582369 -0.252110
v -0.222748 2.467838 -0.235647
v -0.221675 2.457789 0.366247
v -0.707739 2.584530 0.371752
v -0.671678 0.002962 -0.302503
v -0.394314 0.004280 -0.302503
v -0.356623 0.003336 0.063667
v -0.732602 0.003629 0.063667
v -0.358359 0.234385 0.092941
v -0.718083 0.231544 0.078129
v -0.659005 0.219885 -0.324787
v -0.397388 0.222563 -0.324787
v -0.717159 1.344990 0.128469
v -0.700484 1.439045 -0.400316
v -0.289654 1.440673 -0.386982
v -0.306329 1.346618 0.141802
v -0.470414 1.888261 0.319133
v -0.495566 1.720178 0.355574
v -0.515405 1.536433 0.273437
v -0.669422 1.958183 0.054388
v -0.700193 1.796067 0.056398
v -0.713710 1.624296 0.001347
v -0.462337 1.816646 -0.240220
v -0.258320 1.890372 0.041782
v -0.262625 1.743011 0.046535
v -0.259607 1.598947 0.042783
v -0.667890 1.558465 0.199732
v -0.653517 1.735766 0.250015
v -0.620066 1.896109 0.222299
v -0.637483 1.824633 -0.183082
v -0.301158 1.786072 -0.156090
v -0.308279 1.874032 0.240433
v -0.314567 1.726306 0.256480
v -0.329154 1.552764 0.231083
v -0.460775 2.265690 0.411459
v -0.727854 2.242784 0.028321
v -0.460775 2.173097 -0.346125
v -0.195554 2.181537 0.034468
v -0.661084 2.270102 0.300767
v -0.661084 2.201907 -0.257195
v -0.261664 2.159993 -0.251990
v -0.261664 2.230185 0.322309
v -2.331838 4.848921 -0.043550
v -2.330783 4.403539 -0.012853
v -2.323294 4.640624 -0.269438
v -2.324761 4.484402 -0.230662
v -2.325730 4.796847 -0.205029
v -2.320837 4.640851 0.202930
v -2.317267 4.798443 0.108564
v -2.320125 4.483258 0.184109
v -2.026571 4.745035 -0.149768
v -2.026571 4.779302 -0.038104
v -2.026571 4.475188 -0.003615
v -2.026571 4.642235 -0.195973
v -2.026571 4.539435 -0.172393
v -1.970493 4.642471 0.139122
v -1.970493 4.746697 0.071060
v -1.970493 4.538246 0.125547
v -1.277354 4.879861 -0.031855
v -1.274590 4.400013 0.018690
v -1.290769 4.644650 -0.277175
v -1.286669 4.795711 -0.202198
v -1.306405 4.643593 0.254823
v -1.288119 4.489105 -0.228720
v -1.312338 4.793380 0.146318
v -1.307624 4.489324 0.232518
v -0.319422 0.760444 -0.201666
v -0.497685 0.763473 -0.454216
v -0.690892 0.765646 -0.201666
v -0.516890 0.763473 0.056564
v -0.367404 0.761005 -0.000339
v -0.650654 0.765269 -0.000339
v -0.639678 0.765269 -0.376589
v -0.367404 0.761005 -0.376589
v -0.256901 1.099246 -0.201224
v -0.493527 1.133772 -0.562726
v -0.763410 1.100610 -0.218946
v -0.517731 1.067924 0.145131
v -0.703137 1.074969 0.062661
v -0.685528 1.122361 -0.452334
v -0.312699 1.120679 -0.439390
v -0.330308 1.073286 0.075605
v -1.603209 4.537236 -0.175397
v -1.645671 4.756731 0.097531
v -1.640954 4.537545 0.158946
v -1.592132 4.796064 -0.031161
v -1.589087 4.468858 0.008488
v -1.605363 4.645333 -0.203432
v -1.601247 4.760032 -0.149848
v -1.639764 4.643836 0.174443
v -0.214384 4.866254 0.738437
v -0.089393 5.336983 0.931151
v -0.280725 4.879532 0.569884
v -0.103280 5.512374 0.636858
v -0.325639 4.929039 0.397915
v -0.276126 5.728150 0.551962
v -0.313725 5.122354 0.249664
v -0.318383 5.886312 0.213048
v -0.288600 5.193662 0.600796
v -0.181662 5.141944 0.818969
v -0.346501 5.234092 0.430323
v -0.464429 5.279177 0.121653
v -0.244058 5.336419 0.667774
v -0.188020 5.240499 0.877712
v -0.371577 5.414791 0.501613
v -0.494753 5.493362 0.136288
v -0.192865 5.085384 0.209696
v -0.325911 5.886220 0.039069
v -0.342157 5.178067 0.043374
v -0.497116 5.503036 0.007093
v -0.275650 4.967628 -0.148115
v -0.331163 4.880115 -0.200388
v -0.466289 5.333390 -0.021686
v -0.222102 5.472992 0.576770
v -0.308824 5.782241 -0.185961
v -0.459050 5.485876 -0.087633
v -0.425362 5.456630 0.267746
v -0.394693 5.266632 0.256368
v 0.000000 5.890707 0.447199
v -0.295984 5.784681 0.402867
v -0.626734 0.076830 0.399650
v -0.469878 0.086683 0.398590
v -0.470178 0.001488 0.402601
v -0.629938 0.002407 0.394520
v -0.556414 -0.004765 0.514754
v -0.370607 -0.004765 0.496688
v -0.736221 -0.003846 0.486922
v -0.380116 0.147625 0.444612
v -0.732662 0.136532 0.423365
v -0.553291 0.182306 0.469530
v -0.436228 -0.002157 0.467830
v -0.321156 0.005767 0.462518
v -0.598314 0.005365 0.483259
v -0.503860 0.004873 0.484336
v -0.792994 -0.004753 0.449277
v -0.666356 -0.001583 0.470805
v -0.523483 1.460840 0.249199
v -0.732156 1.540220 -0.046126
v -0.261420 1.522541 -0.004613
v -0.335710 1.475833 0.203318
v -0.679341 1.475527 0.172794
v -0.290678 1.669622 -0.209258
v -0.459965 1.697700 -0.306409
v -0.638212 1.697378 -0.237151
v -0.628132 2.006519 0.240638
v -0.467309 1.999897 0.339071
v -0.681382 2.049553 0.046005
v -0.462372 1.943157 -0.257208
v -0.244937 1.985461 0.039306
v -0.617447 1.956402 -0.187809
v -0.298399 1.988880 0.259313
v -0.301208 1.921366 -0.190456
v -0.364320 2.851877 0.449391
v -0.350269 2.912978 -0.403979
v -0.663656 3.092692 0.083856
v -0.099464 2.707705 0.084466
v -0.151974 2.728021 0.346916
v -0.607307 3.037826 0.380186
v -0.585799 3.082375 -0.265025
v -0.156690 2.760333 -0.275944
v -1.057342 4.855237 -0.021208
v -1.049149 4.404762 0.016362
v -1.033556 4.617548 -0.214032
v -1.049361 4.781460 -0.154474
v -1.046851 4.618197 0.206319
v -1.043720 4.483753 -0.170713
v -1.062686 4.781596 0.119664
v -1.056988 4.484779 0.188276
v -2.117216 4.827058 -0.042975
v -2.119609 4.424614 -0.011542
v -2.095772 4.641753 -0.228550
v -2.099261 4.502775 -0.198351
v -2.099709 4.642004 0.165304
v -2.090636 4.782496 0.086786
v -2.097899 4.501511 0.149644
v -2.101951 4.780732 -0.175075
v -2.609827 4.845296 -0.047093
v -2.611366 4.426799 -0.021130
v -2.609827 4.622183 -0.280098
v -2.609827 4.478727 -0.231494
v -2.604100 4.622172 0.198155
v -2.609642 4.790336 0.117905
v -2.608549 4.478206 0.177665
v -2.609827 4.789518 -0.209615
v -0.304159 5.067973 0.020129
v 0.000000 4.933301 0.277763
v 0.000000 4.850321 0.315809
v 0.000000 4.575367 -0.537719
v 0.000000 4.509578 0.605112
v 0.000000 4.190013 0.584402
v 0.000000 4.039019 -0.386853
v 0.000000 4.300184 -0.477431
v 0.000000 4.366230 0.618296
v 0.000000 4.790612 -0.513704
v 0.000000 4.639177 0.522448
v 0.000000 3.735204 0.531763
v 0.000000 3.710485 -0.301738
v 0.000000 4.977125 -0.319411
v 0.000000 4.903417 -0.388621
v 0.000000 4.753005 0.388766
v 0.000000 3.349943 0.509539
v 0.000000 3.412464 -0.359252
v 0.000000 2.788686 0.087363
v 0.000000 2.942530 0.470726
v 0.000000 3.010957 -0.384712
v 0.000000 3.183567 -0.417709
v 0.000000 3.150237 0.526278
v 0.000000 2.868352 -0.244457
v 0.000000 2.826545 0.372636
v 0.000000 3.518539 0.525813
v 0.000000 3.537937 -0.318417
v 0.000000 4.969333 0.756935
v 0.000000 5.370180 0.956767
v 0.000000 4.987166 0.573486
v 0.000000 5.518689 0.664095
v 0.000000 5.026886 0.415266
v 0.000000 5.804750 0.608170
v 0.000000 5.060501 0.336455
v 0.000000 5.980675 0.253369
v 0.000000 5.102901 0.825510
v 0.000000 5.221634 0.892109
v 0.000000 5.026393 0.287252
v 0.000000 5.988972 0.011511
v 0.000000 5.892717 -0.225224
v -0.284306 3.864242 -0.318012
v -0.557692 3.838314 0.101575
v -0.288314 3.873078 0.490701
v 0.000000 3.902603 0.538157
v -0.523147 3.852065 0.381633
v 0.000000 3.870823 -0.340117
v -0.491563 3.840083 -0.144075
v -0.057863 4.517399 0.643210
v -0.055680 4.347662 0.661664
v -0.045768 4.135864 0.627630
v -0.316919 4.008309 -0.325833
v -0.572338 4.018588 0.087771
v -0.319488 4.041728 0.512482
v -0.542683 4.036938 0.379980
v 0.000000 4.028254 -0.363000
v -0.511264 3.994901 -0.179727
v -0.044158 4.102525 0.590556
v 0.000000 4.103983 0.575498
v -0.260529 5.538212 -0.343092
v -0.360529 5.413856 -0.214105
v 0.000000 5.591359 -0.408303
v -0.211877 5.310369 -0.321083
v -0.358379 5.245654 -0.140166
v 0.000000 5.324068 -0.382836
v -0.173145 5.159138 -0.286028
v -0.301798 5.119220 -0.142390
v 0.000000 5.164743 -0.337960
v -0.104654 5.368580 0.805071
v 0.000000 5.416739 0.787425
v -0.403696 3.169810 0.457501
v 0.000000 3.155141 0.531786
v -0.191479 1.287771 0.530364
v 0.000000 1.248092 0.569812
v 0.000000 2.729043 0.555869
v 0.000000 2.356421 0.563266
v 0.000000 1.983799 0.568319
v 0.000000 1.611178 0.569759
v -0.235456 1.611435 0.526303
v -0.281704 1.984057 0.517188
v -0.323470 2.356679 0.512147
v -0.362374 2.729300 0.491217
v -0.237246 3.159914 0.510047
v -0.095740 1.267931 0.556327
v -0.173127 2.729172 0.535596
v -0.155118 2.356550 0.544748
v -0.138636 1.983928 0.551556
v -0.123431 1.611306 0.554751
v -0.239282 3.218361 -0.455907
v -0.328338 3.161359 0.487721
v -0.645514 3.201647 0.087707
v -0.551337 3.179869 0.386546
v -0.571800 3.197800 -0.284228
v -0.854230 1.997228 -0.175845
v -0.854330 1.987311 0.229673
v -0.952851 2.018467 0.033215
v -0.899829 2.009581 0.166293
v -0.902057 2.000586 -0.106528
v -0.689639 2.886114 0.408168
v -0.764818 2.594385 0.380697
v -0.832079 2.301983 0.299699
v -0.896754 2.314425 0.051582
v -0.829084 2.610383 0.061424
v -0.768760 2.907414 0.075963
v -0.458704 2.863375 0.518645
v -0.602292 2.572894 0.483631
v -0.726128 2.280356 0.376662
v -0.836033 2.298742 -0.196728
v -0.758435 2.596897 -0.268817
v -0.681361 2.895776 -0.288019
v -0.708354 2.303801 -0.333802
v -0.559792 2.609213 -0.443049
v -0.388195 2.916364 -0.473382
v -0.717351 3.054780 0.081360
v -0.628431 3.044492 -0.283008
v -0.311563 3.068200 -0.466778
v -0.640011 3.032652 0.407116
v -0.392804 3.011204 0.516336
v -0.604668 3.190758 0.232213
v -0.932814 2.014024 0.094841
v -0.735673 2.896764 0.237152
v -0.803425 2.602384 0.216148
v -0.870890 2.308204 0.170728
v -0.685155 3.043716 0.239324
v -0.607662 3.201058 -0.092308
v -0.932540 2.013448 -0.043907
v -0.730146 2.905516 -0.113279
v -0.798845 2.607561 -0.110947
v -0.871479 2.310504 -0.079824
v -0.677977 3.053557 -0.108076
v -0.273106 3.180783 0.520519
v -0.650037 3.234705 0.089811
v -0.222069 3.251076 -0.463374
v 0.000000 3.177030 0.547360
v -0.555430 3.209358 0.402377
v 0.000000 3.228434 -0.457751
v -0.561611 3.233724 -0.295732
v -0.430659 5.274898 0.216567
v -0.462832 5.480815 0.213432
v -0.317953 5.845702 0.344960
v 0.000000 5.937711 0.439404
v -0.360622 5.577115 0.517791
v -0.448343 5.697176 0.174424
v -0.388137 5.619000 0.359606
v -0.417857 5.664773 0.266518
v -0.411591 5.666368 -0.136172
v -0.431494 5.714389 0.034447
v -3.361095 4.770815 -0.051415
v -3.344376 4.657672 0.193653
v -3.328692 4.595471 -0.043027
v -3.344376 4.657672 -0.325876
v -2.872744 4.472735 -0.027749
v -2.872744 4.627496 -0.278854
v -2.872744 4.816488 -0.052865
v -2.872744 4.627496 0.233170
v -3.356008 4.754243 0.122760
v -3.356068 4.744579 -0.234232
v -3.336747 4.600626 0.176187
v -3.333778 4.609787 -0.303100
v -2.872744 4.519983 -0.217978
v -2.872744 4.519983 0.209420
v -2.872744 4.769239 -0.196895
v -2.872744 4.769239 0.151823
v -3.331426 4.619369 -0.168449
v -3.338230 4.615549 0.041920
v -3.358472 4.677353 -0.163845
v -3.358443 4.672681 0.040285
v -3.136946 4.798031 -0.068173
v -3.152382 4.669849 0.205303
v -3.136946 4.548697 -0.026327
v -3.136946 4.660439 -0.324245
v -3.136946 4.763632 0.138729
v -3.136946 4.763632 -0.236669
v -3.136946 4.583096 0.185225
v -3.136946 4.595171 -0.309980
v -3.188178 4.613347 0.311866
v -3.027183 4.587071 0.395200
v -3.032647 4.687822 0.387955
v -3.026449 4.515517 0.362273
v -3.181890 4.702992 0.312562
v -3.176510 4.544752 0.289794
v -3.241521 4.569284 0.562405
v -3.248078 4.524484 0.569210
v -3.234445 4.492317 0.545838
v -3.318853 4.581808 0.504820
v -3.312316 4.510719 0.489519
v -3.331577 4.541947 0.508028
v -3.799467 4.654641 0.189460
v -3.822121 4.701955 0.136593
v -3.783307 4.619681 0.193090
v -3.784409 4.619521 0.074761
v -3.811521 4.658590 0.078975
v -3.848033 4.698109 -0.055883
v -3.795301 4.631741 -0.056177
v -3.798345 4.638320 -0.121132
v -3.808565 4.642929 0.002007
v -3.834140 4.676054 -0.116903
v -3.832402 4.665304 -0.000697
v -3.768767 4.658752 -0.309456
v -3.787756 4.699972 -0.256980
v -3.754523 4.633822 -0.302108
v -3.752626 4.633428 -0.207686
v -3.779162 4.657175 -0.202697
v -3.485114 4.627037 -0.143255
v -3.482912 4.610055 -0.048923
v -3.490610 4.636510 0.023349
v -3.506936 4.677623 0.020405
v -3.509078 4.741374 -0.053660
v -3.506959 4.693690 -0.142270
v -3.499777 4.666164 -0.180643
v -3.497537 4.726288 -0.245896
v -3.486837 4.657462 -0.318202
v -3.474949 4.622300 -0.185370
v -3.477108 4.616040 -0.300345
v -3.477627 4.657672 0.191431
v -3.489446 4.741085 0.121851
v -3.469999 4.600626 0.181112
v -3.491695 4.672681 0.056936
v -3.471482 4.615549 0.058571
v -3.647332 4.661935 -0.194054
v -3.624949 4.625529 -0.198917
v -3.645274 4.706883 -0.253649
v -3.635666 4.657228 -0.313009
v -3.626895 4.622930 -0.300573
v -3.676622 4.631875 -0.129087
v -3.685367 4.639922 0.012302
v -3.699167 4.717329 -0.053444
v -3.676973 4.620068 -0.051804
v -3.699161 4.674849 0.009496
v -3.695270 4.688499 -0.126177
v -3.692391 4.657682 0.186908
v -3.686054 4.612009 0.184317
v -3.687286 4.620060 0.076513
v -3.701967 4.715546 0.131846
v -3.704076 4.668570 0.075496
v -3.513552 4.739747 0.122985
v -3.515786 4.672215 0.058908
v -3.501989 4.657674 0.190310
v -3.494507 4.601917 0.181475
v -3.495961 4.616061 0.060473
v -3.675958 4.657681 0.187663
v -3.669523 4.611137 0.184072
v -3.670774 4.619715 0.075230
v -3.685706 4.716447 0.131082
v -3.687825 4.668884 0.074166
v -3.458674 4.608804 -0.048787
v -3.483150 4.677969 0.021557
v -3.483174 4.694339 -0.144487
v -3.460918 4.626433 -0.145180
v -3.466517 4.636084 0.024556
v -3.485332 4.742661 -0.053900
v -3.657834 4.619080 -0.051219
v -3.680399 4.675123 0.010820
v -3.676433 4.689013 -0.127515
v -3.657467 4.631397 -0.130187
v -3.666365 4.639585 0.013674
v -3.680406 4.718346 -0.053222
v -3.516969 4.725638 -0.246303
v -3.506394 4.657434 -0.317767
v -3.496776 4.616831 -0.300533
v -3.519188 4.665679 -0.181701
v -3.494641 4.622670 -0.186443
v -3.661536 4.661579 -0.194828
v -3.639358 4.625801 -0.199702
v -3.659492 4.706408 -0.253947
v -3.649976 4.657209 -0.312691
v -3.641287 4.623509 -0.300711
v -3.850566 4.645265 0.139232
v -3.863044 4.641974 -0.057483
v -3.824427 4.657012 -0.256980
v -3.294595 4.502440 0.430317
v -3.168920 4.478567 0.506420
v -3.307547 4.563065 0.447363
v -3.172321 4.541499 0.531649
v -3.163113 4.614974 0.514592
v -3.289082 4.628020 0.437421
v -3.315425 4.515747 0.566529
v -0.177994 5.899198 0.420608
v -0.177461 5.965807 0.032176
v -0.163928 5.854299 -0.221853
v -0.179590 5.941038 0.412192
v -0.144473 5.572062 -0.385391
v -0.180680 5.982293 0.228175
v -0.148880 5.818964 0.574149
v -0.138300 5.067763 0.299568
v -0.140048 5.052097 0.412567
v -0.110293 5.056653 0.250602
v -0.134416 5.030945 0.574880
v -0.129079 4.936380 0.745797
v -1.425812 4.853093 -0.033304
v -1.421269 4.418684 0.015018
v -1.446885 4.645137 -0.257443
v -1.440400 4.787925 -0.188458
v -1.458432 4.643781 0.232360
v -1.443013 4.503273 -0.216258
v -1.467787 4.784932 0.132855
v -1.460340 4.503554 0.212067
v -1.125922 4.507386 -0.163322
v -1.149694 4.763166 0.108615
v -1.146523 4.508021 0.172369
v -1.133501 4.829738 -0.021941
v -1.128943 4.437065 0.013880
v -1.120267 4.627869 -0.201947
v -1.129061 4.763781 -0.146565
v -1.140884 4.627916 0.189035
v -2.083566 4.762039 -0.153856
v -2.096777 4.802054 -0.039537
v -2.099757 4.451039 -0.008664
v -2.078165 4.641992 -0.200598
v -2.081080 4.521946 -0.175367
v -2.068552 4.642235 0.143948
v -2.060609 4.763752 0.075215
v -2.066967 4.520720 0.130240
v 0.000000 3.016693 -0.394664
v 0.000000 3.672981 -1.109415
v 0.042610 3.030160 -0.391453
v 0.068945 3.065418 -0.383044
v 0.068945 3.108998 -0.372650
v 0.042610 3.144256 -0.364242
v 0.000000 3.157723 -0.361030
v -0.042610 3.144256 -0.364242
v -0.068945 3.108998 -0.372650
v -0.068945 3.065418 -0.383044
v -0.042610 3.030160 -0.391453
v 0.000000 2.974135 -0.703476
v 0.115811 3.008521 -0.688193
v 0.187386 3.098545 -0.648183
v 0.187386 3.209820 -0.598727
v 0.115811 3.299844 -0.558717
v 0.000000 3.334230 -0.543434
v -0.115811 3.299844 -0.558717
v -0.187386 3.209820 -0.598727
v -0.187386 3.098545 -0.648183
v -0.115811 3.008521 -0.688193
v 0.000000 3.145092 -0.968313
v 0.087331 3.167347 -0.950710
v 0.141304 3.225612 -0.904624
v 0.141304 3.297631 -0.847659
v 0.087331 3.355896 -0.801573
v 0.000000 3.378151 -0.783969
v -0.087331 3.355896 -0.801573
v -0.141304 3.297631 -0.847659
v -0.141304 3.225612 -0.904624
v -0.087331 3.167347 -0.950710
v 0.000000 3.425711 -1.116605
v 0.048098 3.432543 -1.102549
v 0.077824 3.450429 -1.065752
v 0.077824 3.472538 -1.020267
v 0.048098 3.490424 -0.983470
v 0.000000 3.497256 -0.969414
v -0.048098 3.490424 -0.983470
v -0.077824 3.472538 -1.020267
v -0.077824 3.450429 -1.065752
v -0.048098 3.432543 -1.102549
v 0.120311 3.048558 -0.821492
v 0.194667 3.138918 -0.773439
v 0.194667 3.250610 -0.714044
v 0.120311 3.340970 -0.665992
v 0.000000 3.375485 -0.647637
v -0.120311 3.340970 -0.665992
v -0.194667 3.250610 -0.714044
v -0.194667 3.138918 -0.773440
v -0.120311 3.048558 -0.821492
v 0.000000 3.014043 -0.839846
v 0.087796 2.988269 -0.554229
v 0.142058 3.057645 -0.526577
v 0.142058 3.143399 -0.492398
v 0.087796 3.212775 -0.464746
v 0.000000 3.239275 -0.454184
v -0.087796 3.212775 -0.464746
v -0.142058 3.143399 -0.492398
v -0.142058 3.057645 -0.526577
v -0.087796 2.988269 -0.554229
v 0.000000 2.961769 -0.564791
v 0.072374 3.298951 -1.057891
v 0.117104 3.333668 -1.008379
v 0.117104 3.376581 -0.947180
v 0.072374 3.411298 -0.897669
v 0.000000 3.424558 -0.878757
v -0.072374 3.411298 -0.897669
v -0.117104 3.376581 -0.947180
v -0.117104 3.333668 -1.008379
v -0.072374 3.298951 -1.057891
v 0.000000 3.285691 -1.076802
v -0.000519 5.944927 0.214190
v 0.005166 6.204201 0.248204
v 0.028896 5.944927 0.220686
v 0.047076 5.944927 0.237693
v 0.047076 5.944927 0.258715
v 0.028896 5.944927 0.275722
v -0.000519 5.944927 0.282218
v -0.029935 5.944927 0.275722
v -0.048114 5.944927 0.258715
v -0.048114 5.944927 0.237693
v -0.029935 5.944927 0.220686
v -0.000519 5.999512 0.239816
v 0.006735 5.999512 0.241418
v 0.011219 5.999512 0.245612
v 0.011219 5.999512 0.250796
v 0.006735 5.999512 0.254991
v -0.000519 5.999512 0.256593
v -0.007774 5.999512 0.254991
v -0.012257 5.999512 0.250796
v -0.012257 5.999512 0.245612
v -0.007774 5.999512 0.241418
v -0.000519 6.054101 0.208859
v 0.033284 6.050226 0.216374
v 0.054176 6.047830 0.236046
v 0.054176 6.047830 0.260362
v 0.033284 6.050226 0.280035
v -0.000519 6.054101 0.287549
v -0.034323 6.057978 0.280035
v -0.055215 6.060373 0.260362
v -0.055215 6.060373 0.236046
v -0.034323 6.057978 0.216374
v 0.025264 6.022732 0.223862
v 0.041198 6.020565 0.238906
v 0.041198 6.020565 0.257502
v 0.025264 6.022732 0.272546
v -0.000519 6.026238 0.278293
v -0.026303 6.029745 0.272546
v -0.042237 6.031912 0.257502
v -0.042237 6.031912 0.238906
v -0.026302 6.029745 0.223862
v -0.000519 6.026238 0.218116
v 0.007440 6.108116 0.226775
v 0.025749 6.110979 0.230868
v 0.037065 6.112748 0.241582
v 0.037065 6.112748 0.254826
v 0.025749 6.110979 0.265540
v 0.007440 6.108116 0.269633
v -0.010869 6.105254 0.265540
v -0.022185 6.103485 0.254826
v -0.022185 6.103485 0.241582
v -0.010869 6.105254 0.230868
v 0.032738 6.073138 0.221471
v 0.050130 6.070672 0.237993
v 0.050130 6.070672 0.258415
v 0.032738 6.073138 0.274938
v 0.004597 6.077129 0.281248
v -0.023544 6.081120 0.274938
v -0.040936 6.083587 0.258415
v -0.040936 6.083587 0.237993
v -0.023544 6.081120 0.221471
v 0.004597 6.077129 0.215160
v 0.000050 6.144788 0.235734
v 0.010638 6.142828 0.238115
v 0.017183 6.141616 0.244351
v 0.017183 6.141616 0.252058
v 0.010638 6.142828 0.258293
v 0.000050 6.144788 0.260675
v -0.010539 6.146749 0.258293
v -0.017084 6.147960 0.252058
v -0.017084 6.147960 0.244351
v -0.010539 6.146749 0.238115
v 0.483427 1.821481 0.389209
v 0.483230 1.642121 0.369665
v 0.483769 1.488627 0.287299
v 0.585037 1.548914 0.270888
v 0.657111 1.668535 0.299073
v 0.639645 1.826517 0.326844
v 0.323502 1.826629 0.327157
v 0.308130 1.668234 0.299417
v 0.381389 1.548627 0.270961
v 0.483602 1.541995 0.320866
v 0.483427 1.824061 0.370193
v 0.483230 1.644701 0.350650
v 0.483769 1.491207 0.268284
v 0.585037 1.551494 0.251872
v 0.657111 1.671115 0.280058
v 0.639645 1.829097 0.307828
v 0.323502 1.829208 0.308142
v 0.308130 1.670814 0.280402
v 0.381389 1.551207 0.251946
v 0.483602 1.544575 0.301851
v -0.483427 1.821481 0.389209
v -0.483230 1.642121 0.369665
v -0.483769 1.488627 0.287299
v -0.585037 1.548914 0.270888
v -0.657111 1.668535 0.299073
v -0.639645 1.826517 0.326844
v -0.323502 1.826629 0.327157
v -0.308130 1.668234 0.299417
v -0.381389 1.548627 0.270961
v -0.483602 1.541995 0.320866
v -0.483427 1.824061 0.370193
v -0.483230 1.644701 0.350650
v -0.483769 1.491207 0.268284
v -0.585037 1.551494 0.251872
v -0.657111 1.671115 0.280058
v -0.639645 1.829097 0.307828
v -0.323502 1.829208 0.308142
v -0.308130 1.670814 0.280402
v -0.381389 1.551207 0.251946
v -0.483602 1.544575 0.301851
v 0.590155 5.846679 0.510027
v 0.669759 5.550999 0.394634
v 0.593378 5.860527 0.476061
v 0.674762 5.559103 0.350421
v 0.652833 5.707386 0.422584
v 0.658067 5.721264 0.383277
v 0.529757 5.450837 0.241858
v 0.524644 5.428228 0.296377
v 0.406886 5.889679 0.493530
v 0.389298 5.912283 0.430059
v 0.478817 5.659900 0.369650
v 0.491360 5.712828 0.306548
v 0.609885 5.457686 0.268879
v 0.497357 5.892030 0.429059
v 0.577084 5.671210 0.384026
v 0.591580 5.454279 0.310098
v 0.497503 5.879835 0.478768
v 0.585219 5.712833 0.336362
v -0.590155 5.846679 0.510027
v -0.669759 5.550999 0.394634
v -0.593378 5.860527 0.476061
v -0.674762 5.559103 0.350421
v -0.652833 5.707386 0.422584
v -0.658067 5.721264 0.383277
v -0.529757 5.450837 0.241858
v -0.524644 5.428228 0.296377
v -0.406886 5.889679 0.493530
v -0.389298 5.912283 0.430059
v -0.478817 5.659900 0.369650
v -0.491360 5.712828 0.306548
v -0.609885 5.457686 0.268879
v -0.497357 5.892030 0.429059
v -0.577084 5.671210 0.384026
v -0.591580 5.454279 0.310098
v -0.497503 5.879835 0.478768
v -0.585219 5.712833 0.336362
vt 0.183857 0.453407
vt 0.205390 0.449982
vt 0.213979 0.478455
vt 0.197153 0.485120
vt 0.160224 0.456583
vt 0.178292 0.494779
vt 0.149717 0.511896
vt 0.130119 0.478694
vt 0.107346 0.450337
vt 0.150243 0.426613
vt 0.177682 0.417675
vt 0.197689 0.413859
vt 0.171974 0.382446
vt 0.189284 0.379965
vt 0.142106 0.389168
vt 0.110273 0.397670
vt 0.098606 0.347189
vt 0.132016 0.345946
vt 0.163914 0.344846
vt 0.183810 0.341672
vt 0.068848 0.453111
vt 0.089736 0.435201
vt 0.081405 0.473363
vt 0.064296 0.488946
vt 0.052001 0.471858
vt 0.583683 0.448849
vt 0.575719 0.426538
vt 0.598387 0.427121
vt 0.595556 0.450642
vt 0.598410 0.470581
vt 0.583861 0.474736
vt 0.161104 0.311032
vt 0.179963 0.308640
vt 0.133413 0.315216
vt 0.101200 0.312615
vt 0.102270 0.281085
vt 0.124625 0.280636
vt 0.157162 0.273328
vt 0.178248 0.273328
vt 0.885670 0.421154
vt 0.871730 0.421154
vt 0.873583 0.395193
vt 0.887538 0.389752
vt 0.098466 0.496705
vt 0.120052 0.529310
vt 0.096343 0.540988
vt 0.081154 0.513090
vt 0.077969 0.312036
vt 0.084480 0.280826
vt 0.067216 0.340679
vt 0.046606 0.329425
vt 0.060458 0.308653
vt 0.632615 0.408774
vt 0.629420 0.429578
vt 0.603517 0.403683
vt 0.609619 0.374813
vt 0.638062 0.388479
vt 0.095972 0.400312
vt 0.082749 0.366927
vt 0.587532 0.507044
vt 0.603193 0.503984
vt 0.605339 0.535828
vt 0.591240 0.538924
vt 0.058802 0.359887
vt 0.034453 0.352293
vt 0.598864 0.560591
vt 0.609664 0.554680
vt 0.603817 0.349334
vt 0.615641 0.352745
vt 0.587895 0.367101
vt 0.020793 0.476626
vt 0.022397 0.505335
vt 0.000429 0.355621
vt 0.000715 0.326583
vt 0.579474 0.397498
vt 0.642669 0.366156
vt 0.636670 0.540766
vt 0.633225 0.524781
vt 0.629293 0.500338
vt 0.627155 0.473179
vt 0.626173 0.453711
vt 0.832005 0.458478
vt 0.855784 0.460292
vt 0.855106 0.479096
vt 0.831911 0.475832
vt 0.832330 0.437569
vt 0.855322 0.436007
vt 0.830932 0.501623
vt 0.854796 0.501790
vt 0.852603 0.523962
vt 0.828161 0.526555
vt 0.830348 0.372548
vt 0.855784 0.375473
vt 0.854842 0.397410
vt 0.831452 0.396054
vt 0.826939 0.545685
vt 0.853799 0.543595
vt 0.832348 0.417206
vt 0.855089 0.417164
vt 0.729677 0.421141
vt 0.730080 0.404658
vt 0.739713 0.421214
vt 0.739770 0.437617
vt 0.729224 0.437446
vt 0.728017 0.495308
vt 0.728633 0.468609
vt 0.739193 0.468932
vt 0.737968 0.495768
vt 0.727043 0.515570
vt 0.728891 0.453707
vt 0.739604 0.453911
vt 0.717965 0.453322
vt 0.718426 0.436988
vt 0.717824 0.468353
vt 0.717765 0.495087
vt 0.719360 0.420747
vt 0.739269 0.736146
vt 0.707054 0.743299
vt 0.706196 0.726420
vt 0.737111 0.723718
vt 0.862273 0.395896
vt 0.871762 0.358671
vt 0.880262 0.362273
vt 0.856642 0.421154
vt 0.062313 0.524635
vt 0.049339 0.508087
vt 0.076477 0.546244
vt 0.033335 0.300446
vt 0.044426 0.273318
vt 0.065773 0.273321
vt 0.042392 0.594415
vt 0.071301 0.604055
vt 0.077012 0.618240
vt 0.046981 0.618240
vt 0.026143 0.618240
vt 0.018512 0.594921
vt 0.012213 0.555311
vt 0.040464 0.579198
vt 0.071630 0.595284
vt 0.127416 0.609176
vt 0.127252 0.618240
vt 0.127714 0.605990
vt 0.167049 0.598792
vt 0.169821 0.604544
vt 0.169582 0.618240
vt 0.185467 0.569340
vt 0.212365 0.546012
vt 0.226386 0.554870
vt 0.191952 0.576003
vt 0.159371 0.587737
vt 0.427481 0.026625
vt 0.460705 0.033201
vt 0.458395 0.053964
vt 0.427573 0.052203
vt 0.399521 0.052908
vt 0.395799 0.024800
vt 0.192932 0.585903
vt 0.218421 0.586465
vt 0.216522 0.618240
vt 0.190604 0.618240
vt 0.247332 0.303977
vt 0.251502 0.304747
vt 0.250735 0.336130
vt 0.247149 0.335547
vt 0.226245 0.306153
vt 0.228227 0.336638
vt 0.205985 0.339845
vt 0.204702 0.306294
vt 0.205318 0.273329
vt 0.225844 0.273329
vt 0.247147 0.273329
vt 0.251127 0.273329
vt 0.250966 0.368535
vt 0.254362 0.368014
vt 0.265071 0.406187
vt 0.261699 0.407373
vt 0.231117 0.372670
vt 0.240704 0.407891
vt 0.222132 0.408827
vt 0.211525 0.376457
vt 0.267696 0.445692
vt 0.271294 0.444369
vt 0.280454 0.468882
vt 0.273713 0.469857
vt 0.246000 0.445006
vt 0.248569 0.472700
vt 0.233225 0.474405
vt 0.228855 0.445652
vt 0.966178 0.639671
vt 0.939520 0.635848
vt 0.947263 0.608392
vt 0.970584 0.611296
vt 0.993308 0.614808
vt 0.993943 0.649570
vt 0.048539 0.573808
vt 0.079369 0.589085
vt 0.024045 0.548679
vt 0.292946 0.064324
vt 0.325384 0.045855
vt 0.335157 0.074589
vt 0.306913 0.089285
vt 0.571298 0.026992
vt 0.571675 0.055050
vt 0.536671 0.054946
vt 0.534269 0.033838
vt 0.012095 0.511421
vt 0.000429 0.514974
vt 0.232219 0.519192
vt 0.242784 0.525152
vt 0.360095 0.032324
vt 0.368295 0.060653
vt 0.126732 0.594294
vt 0.495922 0.036570
vt 0.495863 0.055858
vt 0.973105 0.584262
vt 0.952187 0.579192
vt 0.958127 0.564192
vt 0.976039 0.561449
vt 0.992095 0.568925
vt 0.994132 0.585037
vt 0.916966 0.227200
vt 0.935454 0.226023
vt 0.934690 0.237882
vt 0.917478 0.239964
vt 0.889199 0.246635
vt 0.888545 0.229058
vt 0.888682 0.217353
vt 0.916383 0.215577
vt 0.931299 0.214937
vt 0.949618 0.327817
vt 0.934079 0.323869
vt 0.935200 0.310622
vt 0.950842 0.313842
vt 0.950842 0.225483
vt 0.949999 0.239293
vt 0.947425 0.212544
vt 0.943239 0.339700
vt 0.927540 0.333641
vt 0.915115 0.319508
vt 0.887427 0.314044
vt 0.887812 0.296184
vt 0.917434 0.305874
vt 0.912969 0.330529
vt 0.885993 0.325590
vt 0.514369 0.232575
vt 0.479928 0.231817
vt 0.477030 0.197884
vt 0.513095 0.196365
vt 0.542472 0.196836
vt 0.543304 0.234450
vt 0.922723 0.291560
vt 0.937565 0.295538
vt 0.907099 0.285448
vt 0.569400 0.238152
vt 0.574842 0.201351
vt 0.349569 0.269613
vt 0.335153 0.235091
vt 0.365332 0.223953
vt 0.373884 0.259180
vt 0.949701 0.255842
vt 0.938024 0.254875
vt 0.949288 0.297152
vt 0.400508 0.249767
vt 0.392832 0.216816
vt 0.425954 0.207881
vt 0.432392 0.239422
vt 0.922947 0.257760
vt 0.909255 0.261538
vt 0.456022 0.234279
vt 0.450231 0.201915
vt 0.903542 0.273294
vt 0.886878 0.271578
vt 0.853442 0.270197
vt 0.865953 0.243675
vt 0.864153 0.297868
vt 0.859216 0.311393
vt 0.858586 0.323099
vt 0.853793 0.228365
vt 0.854848 0.216531
vt 0.434162 0.081663
vt 0.407371 0.088389
vt 0.461413 0.082274
vt 0.448465 0.186025
vt 0.470142 0.181561
vt 0.426326 0.191123
vt 0.376501 0.102055
vt 0.344211 0.116817
vt 0.397694 0.194576
vt 0.364396 0.184728
vt 0.562789 0.097778
vt 0.535532 0.094497
vt 0.321188 0.129403
vt 0.339363 0.187598
vt 0.553753 0.159535
vt 0.527994 0.163512
vt 0.498783 0.089185
vt 0.498274 0.178411
vt 0.414645 0.123028
vt 0.439916 0.117232
vt 0.442401 0.132618
vt 0.417850 0.138056
vt 0.496193 0.129309
vt 0.494831 0.149211
vt 0.467216 0.150466
vt 0.467706 0.131342
vt 0.493656 0.167951
vt 0.468383 0.171675
vt 0.391499 0.137381
vt 0.386751 0.125721
vt 0.524725 0.145716
vt 0.357727 0.147789
vt 0.336041 0.155714
vt 0.398126 0.158787
vt 0.364226 0.165520
vt 0.398991 0.182327
vt 0.423691 0.158613
vt 0.425721 0.180446
vt 0.445694 0.154195
vt 0.447115 0.176542
vt 0.465798 0.115416
vt 0.496957 0.116201
vt 0.529373 0.126248
vt 0.552552 0.127097
vt 0.774931 0.420264
vt 0.769373 0.404727
vt 0.796243 0.399593
vt 0.799803 0.418060
vt 0.800245 0.437103
vt 0.774944 0.437091
vt 0.761516 0.533306
vt 0.767507 0.517645
vt 0.793454 0.523735
vt 0.788888 0.543198
vt 0.766023 0.385199
vt 0.793724 0.376983
vt 0.773927 0.497152
vt 0.774540 0.472203
vt 0.800203 0.474070
vt 0.798139 0.499853
vt 0.773539 0.455091
vt 0.800363 0.455890
vt 0.762317 0.454567
vt 0.762074 0.470207
vt 0.762414 0.437967
vt 0.759853 0.496473
vt 0.749277 0.515467
vt 0.730915 0.389443
vt 0.750506 0.390088
vt 0.752451 0.405922
vt 0.727223 0.528050
vt 0.746889 0.528624
vt 0.761348 0.421160
vt 0.679277 0.452637
vt 0.662760 0.452191
vt 0.662560 0.434294
vt 0.679565 0.435159
vt 0.678418 0.468835
vt 0.661362 0.469234
vt 0.676801 0.496869
vt 0.659537 0.498324
vt 0.683264 0.520496
vt 0.666719 0.522588
vt 0.686679 0.535980
vt 0.669267 0.540046
vt 0.691179 0.377270
vt 0.687868 0.397285
vt 0.670428 0.393274
vt 0.673910 0.371996
vt 0.679353 0.416313
vt 0.662723 0.414042
vt 0.468606 0.325475
vt 0.461524 0.274171
vt 0.482543 0.272592
vt 0.482524 0.325195
vt 0.454508 0.328195
vt 0.442828 0.278020
vt 0.439725 0.334121
vt 0.418215 0.287423
vt 0.424026 0.340966
vt 0.397238 0.296792
vt 0.413389 0.348476
vt 0.379931 0.307776
vt 0.530701 0.331002
vt 0.518161 0.327868
vt 0.532161 0.277877
vt 0.550697 0.282695
vt 0.501222 0.325997
vt 0.509376 0.274668
vt 0.700094 0.435733
vt 0.700803 0.419132
vt 0.709508 0.402575
vt 0.711878 0.385864
vt 0.707800 0.529940
vt 0.705855 0.516905
vt 0.698892 0.495266
vt 0.699759 0.468591
vt 0.700142 0.453141
vt 0.367785 0.930902
vt 0.407395 0.967307
vt 0.383409 0.985874
vt 0.343350 0.952484
vt 0.357301 0.902970
vt 0.331243 0.868395
vt 0.373354 0.869233
vt 0.396244 0.887804
vt 0.875282 0.181113
vt 0.861663 0.168893
vt 0.856623 0.157764
vt 0.876614 0.157764
vt 0.948263 0.421154
vt 0.947607 0.405703
vt 0.967857 0.407428
vt 0.968316 0.421154
vt 0.333626 0.848230
vt 0.365933 0.848231
vt 0.343694 0.989070
vt 0.319747 0.974443
vt 0.956276 0.385519
vt 0.928037 0.401328
vt 0.940154 0.376739
vt 0.280148 0.868200
vt 0.284836 0.848228
vt 0.785774 0.624112
vt 0.795700 0.654155
vt 0.774869 0.653066
vt 0.769588 0.632015
vt 0.912633 0.397517
vt 0.915134 0.373162
vt 0.252631 0.848226
vt 0.249746 0.873867
vt 0.220890 0.881807
vt 0.220361 0.848225
vt 0.283780 0.960536
vt 0.312431 0.979766
vt 0.301688 0.992660
vt 0.273653 0.970195
vt 0.924981 0.184318
vt 0.889490 0.180463
vt 0.893453 0.157764
vt 0.916372 0.173702
vt 0.401811 0.905739
vt 0.427621 0.945378
vt 0.323048 0.924999
vt 0.328227 0.894066
vt 0.266292 0.933184
vt 0.252107 0.942497
vt 0.903944 0.399311
vt 0.903804 0.384619
vt 0.902492 0.421154
vt 0.697788 0.561449
vt 0.722740 0.565492
vt 0.718879 0.589842
vt 0.699271 0.590516
vt 0.918214 0.349334
vt 0.903018 0.356598
vt 0.736747 0.595140
vt 0.755576 0.609095
vt 0.744881 0.625623
vt 0.730327 0.619616
vt 0.715399 0.616864
vt 0.700546 0.615501
vt 0.762904 0.717660
vt 0.789943 0.714196
vt 0.795700 0.724939
vt 0.764740 0.736462
vt 0.293815 0.954322
vt 0.787386 0.678803
vt 0.302008 0.908898
vt 0.288151 0.887978
vt 0.256080 0.874864
vt 0.259190 0.848227
vt 0.281875 0.925102
vt 0.833655 0.289893
vt 0.833388 0.248748
vt 0.955386 0.651840
vt 0.975090 0.653575
vt 0.969705 0.663911
vt 0.958119 0.662432
vt 0.994132 0.663092
vt 0.978250 0.663550
vt 0.950136 0.659278
vt 0.936106 0.656633
vt 0.813101 0.257962
vt 0.817898 0.253603
vt 0.833409 0.269526
vt 0.941626 0.661777
vt 0.964006 0.667242
vt 0.986532 0.666726
vt 0.812761 0.278547
vt 0.817388 0.284060
vt 0.826365 0.227017
vt 0.843519 0.234016
vt 0.824290 0.235387
vt 0.834332 0.218473
vt 0.841866 0.215842
vt 0.820264 0.308676
vt 0.820755 0.300254
vt 0.838988 0.305622
vt 0.831891 0.322795
vt 0.838890 0.323436
vt 0.822794 0.244530
vt 0.821125 0.292544
vt 0.549685 0.142636
vt 0.340370 0.170771
vt 0.494510 0.021077
vt 0.541550 0.014571
vt 0.460668 0.019055
vt 0.352750 0.005275
vt 0.390134 0.000429
vt 0.310777 0.017900
vt 0.281312 0.044920
vt 0.574842 0.004186
vt 0.427816 0.011546
vt 0.638210 0.452870
vt 0.640471 0.431540
vt 0.638916 0.471540
vt 0.641208 0.499098
vt 0.645536 0.523537
vt 0.647321 0.539161
vt 0.652663 0.371025
vt 0.649263 0.390352
vt 0.644109 0.410766
vt 0.769687 0.454718
vt 0.769864 0.472025
vt 0.770512 0.436815
vt 0.769989 0.496948
vt 0.762588 0.516841
vt 0.761731 0.387632
vt 0.764831 0.405167
vt 0.757630 0.531518
vt 0.771052 0.420422
vt 0.892785 0.361066
vt 0.130402 0.279582
vt 0.139395 0.314165
vt 0.138956 0.347787
vt 0.147666 0.387960
vt 0.156473 0.425018
vt 0.165159 0.456822
vt 0.180888 0.493218
vt 0.083907 0.273323
vt 0.100483 0.273325
vt 0.119895 0.273326
vt 0.130491 0.273327
vt 0.715421 0.646230
vt 0.702095 0.645876
vt 0.746903 0.654041
vt 0.727408 0.646575
vt 0.703465 0.672776
vt 0.760595 0.672369
vt 0.729598 0.671266
vt 0.730954 0.692647
vt 0.704610 0.695249
vt 0.760741 0.692332
vt 0.786105 0.695866
vt 0.759982 0.639403
vt 0.620701 0.248951
vt 0.620679 0.264350
vt 0.575700 0.264350
vt 0.578160 0.252368
vt 0.397231 0.848231
vt 0.395772 0.864153
vt 0.811227 0.234865
vt 0.811001 0.264350
vt 0.758799 0.264350
vt 0.758971 0.242893
vt 0.712890 0.264350
vt 0.712956 0.245026
vt 0.666799 0.264350
vt 0.666837 0.247065
vt 0.666891 0.228844
vt 0.620717 0.234633
vt 0.713074 0.223802
vt 0.759266 0.218895
vt 0.811903 0.212544
vt 0.580603 0.240071
vt 0.809128 0.854576
vt 0.810632 0.871032
vt 0.771786 0.858038
vt 0.770929 0.848233
vt 0.810183 0.887534
vt 0.770384 0.868116
vt 0.807186 0.823235
vt 0.808140 0.839645
vt 0.770445 0.840126
vt 0.769589 0.830159
vt 0.807218 0.784844
vt 0.805715 0.808181
vt 0.768074 0.821436
vt 0.767831 0.810875
vt 0.911856 0.747286
vt 0.900163 0.791418
vt 0.880736 0.792667
vt 0.890716 0.751094
vt 0.843219 0.797165
vt 0.847821 0.764660
vt 0.900913 0.813893
vt 0.900675 0.837436
vt 0.881868 0.837748
vt 0.881652 0.814631
vt 0.845394 0.838271
vt 0.844521 0.817015
vt 0.902305 0.877575
vt 0.911874 0.908736
vt 0.891135 0.908527
vt 0.884100 0.878230
vt 0.850336 0.901225
vt 0.848024 0.877512
vt 0.901473 0.856939
vt 0.882770 0.857318
vt 0.846394 0.857242
vt 0.922411 0.856524
vt 0.923275 0.877345
vt 0.932731 0.906563
vt 0.921452 0.814055
vt 0.921177 0.837379
vt 0.932731 0.744157
vt 0.920597 0.789454
vt 0.266524 0.898319
vt 0.253605 0.900539
vt 0.232804 0.908934
vt 0.105395 0.977828
vt 0.087885 0.980497
vt 0.078394 0.972151
vt 0.104187 0.967515
vt 0.122811 0.964408
vt 0.121839 0.974600
vt 0.100993 0.932632
vt 0.123920 0.930727
vt 0.070459 0.935672
vt 0.082025 0.902178
vt 0.115683 0.900927
vt 0.557107 0.698204
vt 0.562244 0.711009
vt 0.548326 0.711661
vt 0.545378 0.699885
vt 0.072052 0.992148
vt 0.061306 0.982780
vt 0.575815 0.721151
vt 0.590900 0.729747
vt 0.589716 0.739982
vt 0.570725 0.728505
vt 0.142756 0.974091
vt 0.142481 0.962961
vt 0.602830 0.737098
vt 0.601378 0.746651
vt 0.587863 0.772275
vt 0.564657 0.799455
vt 0.552102 0.759760
vt 0.044533 0.962373
vt 0.044788 0.942554
vt 0.524659 0.742736
vt 0.510848 0.745801
vt 0.506569 0.733221
vt 0.512918 0.728132
vt 0.068446 0.905066
vt 0.527691 0.788761
vt 0.511445 0.772051
vt 0.594983 0.774148
vt 0.140911 0.930524
vt 0.127050 0.903480
vt 0.585894 0.795715
vt 0.142143 0.905570
vt 0.592213 0.796621
vt 0.543953 0.790588
vt 0.504169 0.768237
vt 0.053474 0.907047
vt 0.054482 0.931607
vt 0.098232 0.903160
vt 0.497086 0.718052
vt 0.492555 0.721563
vt 0.488783 0.716029
vt 0.492657 0.714984
vt 0.039220 0.932830
vt 0.037536 0.971520
vt 0.523368 0.711063
vt 0.522297 0.702608
vt 0.503626 0.707682
vt 0.496494 0.706538
vt 0.011922 0.941176
vt 0.015960 0.943197
vt 0.006581 0.946943
vt 0.010276 0.954218
vt 0.015033 0.952770
vt 0.024553 0.956815
vt 0.017346 0.961112
vt 0.018812 0.937223
vt 0.024501 0.942056
vt 0.502760 0.701468
vt 0.494256 0.702974
vt 0.063040 0.862636
vt 0.053153 0.863915
vt 0.052911 0.850181
vt 0.061432 0.850024
vt 0.473145 0.795401
vt 0.477402 0.798800
vt 0.469956 0.804783
vt 0.465913 0.804720
vt 0.071828 0.860754
vt 0.069386 0.847374
vt 0.484235 0.808656
vt 0.476113 0.812827
vt 0.507239 0.803680
vt 0.506616 0.796160
vt 0.522330 0.798596
vt 0.535044 0.834877
vt 0.542750 0.836905
vt 0.538768 0.847683
vt 0.532996 0.846093
vt 0.524420 0.835821
vt 0.528145 0.834542
vt 0.527437 0.846155
vt 0.525478 0.848768
vt 0.106069 0.860719
vt 0.096494 0.861078
vt 0.096041 0.844649
vt 0.103685 0.843542
vt 0.087220 0.860844
vt 0.088369 0.844215
vt 0.547419 0.841092
vt 0.539830 0.852748
vt 0.133123 0.866564
vt 0.124134 0.864826
vt 0.127110 0.850482
vt 0.134863 0.852584
vt 0.142577 0.868219
vt 0.142756 0.853298
vt 0.584032 0.837407
vt 0.586239 0.833423
vt 0.591514 0.843378
vt 0.591219 0.847123
vt 0.596478 0.829774
vt 0.600545 0.829691
vt 0.602830 0.841974
vt 0.600005 0.840583
vt 0.551596 0.814691
vt 0.556903 0.821115
vt 0.555537 0.823201
vt 0.550356 0.817374
vt 0.097675 0.887558
vt 0.085387 0.887174
vt 0.085603 0.884342
vt 0.097544 0.884599
vt 0.530275 0.810535
vt 0.540129 0.810726
vt 0.539425 0.813667
vt 0.530246 0.813536
vt 0.110334 0.886381
vt 0.109829 0.883572
vt 0.525415 0.813029
vt 0.525657 0.815536
vt 0.590256 0.812561
vt 0.577658 0.817099
vt 0.595487 0.812232
vt 0.564115 0.810060
vt 0.574746 0.822216
vt 0.130142 0.886389
vt 0.142240 0.888290
vt 0.119553 0.884203
vt 0.504621 0.804750
vt 0.503917 0.797672
vt 0.497848 0.783840
vt 0.066566 0.888668
vt 0.077889 0.886447
vt 0.492563 0.779141
vt 0.053210 0.890582
vt 0.578708 0.819174
vt 0.591026 0.814691
vt 0.595957 0.828289
vt 0.585542 0.832022
vt 0.596081 0.814330
vt 0.600131 0.828126
vt 0.575936 0.824001
vt 0.583222 0.836077
vt 0.142325 0.885954
vt 0.130448 0.884050
vt 0.132909 0.868320
vt 0.142517 0.869967
vt 0.120041 0.881847
vt 0.123793 0.866558
vt 0.543442 0.835034
vt 0.548243 0.839263
vt 0.096550 0.863385
vt 0.087050 0.863128
vt 0.528326 0.832578
vt 0.535427 0.832929
vt 0.106401 0.862999
vt 0.524495 0.833827
vt 0.473924 0.817209
vt 0.485001 0.814494
vt 0.478868 0.797653
vt 0.485881 0.807747
vt 0.072302 0.862739
vt 0.063296 0.864630
vt 0.474600 0.794068
vt 0.053114 0.865941
vt 0.053202 0.887599
vt 0.066164 0.885742
vt 0.495435 0.785597
vt 0.490394 0.781035
vt 0.077259 0.883514
vt 0.486682 0.813689
vt 0.060076 0.842832
vt 0.465688 0.813582
vt 0.095370 0.837883
vt 0.531525 0.853301
vt 0.135632 0.846089
vt 0.598920 0.849909
vt 0.488606 0.708884
vt 0.493172 0.704337
vt 0.488765 0.715149
vt 0.745160 0.574290
vt 0.926759 0.421154
vt 0.971523 0.396559
vt 0.913181 0.421154
vt 0.912081 0.157764
vt 0.183866 0.093262
vt 0.197161 0.061552
vt 0.213986 0.068218
vt 0.205397 0.096688
vt 0.160235 0.090085
vt 0.130134 0.067975
vt 0.149731 0.034777
vt 0.178303 0.051893
vt 0.150253 0.120052
vt 0.107362 0.096328
vt 0.197695 0.132807
vt 0.177689 0.128990
vt 0.171980 0.164216
vt 0.189289 0.166697
vt 0.142116 0.157493
vt 0.110286 0.148990
vt 0.132023 0.200710
vt 0.098617 0.199464
vt 0.183814 0.204988
vt 0.163918 0.201813
vt 0.068868 0.093552
vt 0.081425 0.073303
vt 0.089753 0.111462
vt 0.052024 0.074807
vt 0.064319 0.057720
vt 0.583665 0.112170
vt 0.595537 0.110378
vt 0.598368 0.133899
vt 0.575700 0.134481
vt 0.583842 0.086283
vt 0.598391 0.090438
vt 0.161106 0.235625
vt 0.179965 0.238018
vt 0.133417 0.231438
vt 0.101206 0.234036
vt 0.124626 0.266016
vt 0.102271 0.265565
vt 0.887538 0.452556
vt 0.873583 0.447116
vt 0.098485 0.049964
vt 0.120071 0.017363
vt 0.081176 0.033580
vt 0.096365 0.005685
vt 0.077976 0.234611
vt 0.084482 0.265820
vt 0.067230 0.205970
vt 0.060466 0.237990
vt 0.046621 0.217218
vt 0.632597 0.152245
vt 0.603499 0.157337
vt 0.629401 0.131442
vt 0.638044 0.172540
vt 0.609600 0.186206
vt 0.095987 0.146347
vt 0.082764 0.179728
vt 0.587513 0.053976
vt 0.603174 0.057036
vt 0.591221 0.022095
vt 0.605321 0.025191
vt 0.058820 0.186764
vt 0.034475 0.194353
vt 0.598845 0.000429
vt 0.609645 0.006339
vt 0.603798 0.211686
vt 0.587876 0.193919
vt 0.615622 0.208275
vt 0.020819 0.070038
vt 0.022424 0.041331
vt 0.000461 0.191018
vt 0.000738 0.220049
vt 0.579455 0.163522
vt 0.642650 0.194864
vt 0.636651 0.020253
vt 0.633206 0.036239
vt 0.629274 0.060682
vt 0.627137 0.087841
vt 0.626155 0.107309
vt 0.831987 0.102542
vt 0.831892 0.085187
vt 0.855087 0.081924
vt 0.855765 0.100728
vt 0.855304 0.125012
vt 0.832311 0.123450
vt 0.830913 0.059397
vt 0.828142 0.034465
vt 0.852584 0.037058
vt 0.854777 0.059230
vt 0.830329 0.188472
vt 0.831433 0.164966
vt 0.854823 0.163610
vt 0.855765 0.185547
vt 0.826921 0.015335
vt 0.853781 0.017425
vt 0.832330 0.143814
vt 0.855070 0.143856
vt 0.729658 0.139878
vt 0.739694 0.139805
vt 0.730062 0.156361
vt 0.729205 0.123573
vt 0.739751 0.123403
vt 0.727998 0.065712
vt 0.737949 0.065252
vt 0.739174 0.092088
vt 0.728614 0.092411
vt 0.727024 0.045450
vt 0.728872 0.107313
vt 0.739585 0.107109
vt 0.718408 0.124032
vt 0.717946 0.107698
vt 0.717805 0.092667
vt 0.717746 0.065933
vt 0.719342 0.140272
vt 0.674283 0.739450
vt 0.675169 0.726869
vt 0.862273 0.446413
vt 0.880262 0.480036
vt 0.871763 0.483638
vt 0.062337 0.022036
vt 0.049363 0.038581
vt 0.076500 0.000429
vt 0.033345 0.246189
vt 0.042392 0.642065
vt 0.071301 0.632425
vt 0.018512 0.641559
vt 0.012213 0.681169
vt 0.040464 0.657282
vt 0.071630 0.641195
vt 0.127416 0.627303
vt 0.127714 0.630489
vt 0.169821 0.631936
vt 0.167049 0.637687
vt 0.185467 0.667139
vt 0.191952 0.660477
vt 0.226386 0.681610
vt 0.212365 0.690468
vt 0.159371 0.648742
vt 0.427456 0.671164
vt 0.427554 0.645583
vt 0.458382 0.643828
vt 0.460688 0.664596
vt 0.395771 0.672978
vt 0.399501 0.644872
vt 0.192932 0.650577
vt 0.218421 0.650014
vt 0.247331 0.242681
vt 0.247148 0.211113
vt 0.250734 0.210531
vt 0.251501 0.241912
vt 0.226245 0.240506
vt 0.204703 0.240364
vt 0.205987 0.206815
vt 0.228228 0.210023
vt 0.250965 0.178129
vt 0.261698 0.139294
vt 0.265070 0.140481
vt 0.254361 0.178649
vt 0.231118 0.173993
vt 0.211528 0.170206
vt 0.222135 0.137839
vt 0.240706 0.138776
vt 0.267696 0.100980
vt 0.273713 0.076817
vt 0.280454 0.077792
vt 0.271294 0.102303
vt 0.246003 0.101664
vt 0.228859 0.101018
vt 0.233229 0.072268
vt 0.248572 0.073974
vt 0.963662 0.771728
vt 0.968067 0.800103
vt 0.944746 0.803007
vt 0.937003 0.775550
vt 0.991426 0.761829
vt 0.990791 0.796591
vt 0.048539 0.662672
vt 0.079369 0.647395
vt 0.024044 0.687800
vt 0.292950 0.633429
vt 0.306921 0.608479
vt 0.335153 0.623179
vt 0.325374 0.651905
vt 0.571322 0.670841
vt 0.534278 0.663981
vt 0.536688 0.642864
vt 0.571708 0.642769
vt 0.012095 0.725059
vt 0.000429 0.721505
vt 0.232219 0.717288
vt 0.242784 0.711327
vt 0.360074 0.665444
vt 0.368281 0.637121
vt 0.126732 0.642186
vt 0.495916 0.661237
vt 0.495863 0.641941
vt 0.970588 0.827137
vt 0.973522 0.849950
vt 0.955610 0.847207
vt 0.949670 0.832207
vt 0.991615 0.826362
vt 0.989578 0.842474
vt 0.606804 0.981424
vt 0.607316 0.968660
vt 0.624528 0.970742
vt 0.625292 0.982601
vt 0.578383 0.979566
vt 0.579037 0.961989
vt 0.606222 0.993047
vt 0.578520 0.991271
vt 0.621137 0.993687
vt 0.639456 0.880807
vt 0.640681 0.894782
vt 0.625039 0.898002
vt 0.623918 0.884755
vt 0.640681 0.983141
vt 0.639838 0.969331
vt 0.637263 0.996080
vt 0.617378 0.874984
vt 0.633078 0.868924
vt 0.604953 0.889116
vt 0.607272 0.902750
vt 0.577650 0.912440
vt 0.577265 0.894581
vt 0.602807 0.878095
vt 0.575832 0.883034
vt 0.514368 0.465186
vt 0.513109 0.501395
vt 0.477047 0.499894
vt 0.479925 0.465961
vt 0.543303 0.463298
vt 0.542488 0.500916
vt 0.612562 0.917064
vt 0.627403 0.913086
vt 0.596937 0.923176
vt 0.569399 0.459584
vt 0.574861 0.496386
vt 0.349556 0.428209
vt 0.373871 0.438634
vt 0.365328 0.473858
vt 0.335152 0.462728
vt 0.639540 0.952782
vt 0.627863 0.953749
vt 0.639126 0.911472
vt 0.400495 0.448040
vt 0.392824 0.480991
vt 0.432382 0.458377
vt 0.425947 0.489925
vt 0.612785 0.950864
vt 0.599093 0.947086
vt 0.456020 0.463514
vt 0.450236 0.495896
vt 0.593381 0.935330
vt 0.576716 0.937046
vt 0.543281 0.938427
vt 0.555791 0.964949
vt 0.553992 0.910757
vt 0.549055 0.897231
vt 0.548424 0.885525
vt 0.543631 0.980259
vt 0.544687 0.992093
vt 0.434144 0.616120
vt 0.407357 0.609393
vt 0.461404 0.615510
vt 0.446840 0.511474
vt 0.470179 0.516210
vt 0.426317 0.506679
vt 0.376495 0.595726
vt 0.344214 0.580964
vt 0.397687 0.503230
vt 0.364397 0.513076
vt 0.562830 0.600016
vt 0.535558 0.603295
vt 0.321202 0.568379
vt 0.339369 0.510209
vt 0.553786 0.538220
vt 0.528019 0.534248
vt 0.498792 0.608603
vt 0.498295 0.519351
vt 0.414628 0.574758
vt 0.417836 0.559737
vt 0.442350 0.565149
vt 0.439883 0.580542
vt 0.496208 0.568463
vt 0.467709 0.566422
vt 0.467241 0.547277
vt 0.494851 0.548554
vt 0.468428 0.526076
vt 0.493678 0.529807
vt 0.386744 0.572064
vt 0.391491 0.560409
vt 0.524751 0.552051
vt 0.357729 0.550004
vt 0.336053 0.542080
vt 0.364227 0.532279
vt 0.398119 0.539011
vt 0.398983 0.515478
vt 0.423684 0.539209
vt 0.425710 0.517362
vt 0.444534 0.543286
vt 0.445928 0.520983
vt 0.465792 0.582358
vt 0.496970 0.581577
vt 0.529400 0.571527
vt 0.552592 0.570677
vt 0.774913 0.140756
vt 0.799784 0.142959
vt 0.796224 0.161427
vt 0.769354 0.156292
vt 0.774925 0.123928
vt 0.800226 0.123916
vt 0.761497 0.027714
vt 0.788870 0.017822
vt 0.793436 0.037284
vt 0.767489 0.043374
vt 0.766004 0.175821
vt 0.793705 0.184037
vt 0.773908 0.063868
vt 0.798120 0.061167
vt 0.800184 0.086950
vt 0.774521 0.088817
vt 0.773520 0.105928
vt 0.800344 0.105130
vt 0.762056 0.090813
vt 0.762299 0.106453
vt 0.762395 0.123053
vt 0.749259 0.045552
vt 0.759834 0.064547
vt 0.730896 0.171577
vt 0.752432 0.155098
vt 0.750487 0.170932
vt 0.727204 0.032970
vt 0.746870 0.032395
vt 0.761330 0.139860
vt 0.679258 0.108383
vt 0.679546 0.125861
vt 0.662542 0.126726
vt 0.662742 0.108829
vt 0.661343 0.091786
vt 0.678399 0.092184
vt 0.676782 0.064150
vt 0.659519 0.062696
vt 0.666700 0.038432
vt 0.683245 0.040524
vt 0.686661 0.025040
vt 0.669248 0.020974
vt 0.691160 0.183750
vt 0.673891 0.189023
vt 0.670409 0.167745
vt 0.687849 0.163735
vt 0.679334 0.144706
vt 0.662704 0.146978
vt 0.468562 0.372309
vt 0.482480 0.372583
vt 0.482523 0.425184
vt 0.461504 0.423616
vt 0.442805 0.419774
vt 0.454464 0.369596
vt 0.439679 0.363677
vt 0.418190 0.410380
vt 0.397210 0.401019
vt 0.423979 0.356839
vt 0.413341 0.349334
vt 0.379902 0.390043
vt 0.530653 0.366752
vt 0.550673 0.415048
vt 0.532139 0.419875
vt 0.518115 0.369892
vt 0.501177 0.371771
vt 0.509355 0.423096
vt 0.700785 0.141888
vt 0.700075 0.125287
vt 0.709489 0.158444
vt 0.711859 0.175155
vt 0.705837 0.044115
vt 0.707781 0.031080
vt 0.698873 0.065754
vt 0.699741 0.092429
vt 0.700123 0.107878
vt 0.367788 0.765562
vt 0.343356 0.743980
vt 0.383414 0.710594
vt 0.407397 0.729161
vt 0.357303 0.793492
vt 0.396244 0.808658
vt 0.373354 0.827229
vt 0.331245 0.828065
vt 0.875282 0.134415
vt 0.861663 0.146635
vt 0.967858 0.434880
vt 0.947607 0.436605
vt 0.319755 0.722020
vt 0.343702 0.707395
vt 0.956276 0.456790
vt 0.940154 0.465570
vt 0.928037 0.440980
vt 0.280150 0.828256
vt 0.616642 0.632736
vt 0.633545 0.638951
vt 0.630433 0.660427
vt 0.609824 0.663628
vt 0.915134 0.469147
vt 0.912633 0.444792
vt 0.220894 0.814643
vt 0.249749 0.822586
vt 0.283790 0.735923
vt 0.273664 0.726264
vt 0.301699 0.703803
vt 0.312441 0.716697
vt 0.924981 0.131210
vt 0.916372 0.141826
vt 0.889489 0.135065
vt 0.427621 0.751090
vt 0.401811 0.790725
vt 0.323053 0.771462
vt 0.328229 0.802394
vt 0.266300 0.763273
vt 0.252116 0.753959
vt 0.903805 0.457690
vt 0.903944 0.442998
vt 0.679697 0.591841
vt 0.673378 0.568011
vt 0.918215 0.492975
vt 0.903019 0.485711
vt 0.662462 0.598929
vt 0.671338 0.622624
vt 0.657472 0.630080
vt 0.645151 0.614726
vt 0.685908 0.618368
vt 0.648897 0.723461
vt 0.648981 0.742347
vt 0.617017 0.734031
vt 0.621653 0.722762
vt 0.293823 0.742138
vt 0.620599 0.687300
vt 0.288154 0.808479
vt 0.302012 0.787561
vt 0.256083 0.821589
vt 0.281881 0.771355
vt 0.523494 0.918731
vt 0.523227 0.959876
vt 0.952869 0.759559
vt 0.972573 0.757824
vt 0.955602 0.748967
vt 0.967188 0.747488
vt 0.975734 0.747849
vt 0.991615 0.748307
vt 0.933589 0.754766
vt 0.947619 0.752121
vt 0.502939 0.950662
vt 0.523248 0.939098
vt 0.507736 0.955021
vt 0.939109 0.749622
vt 0.961489 0.744157
vt 0.984016 0.744673
vt 0.502600 0.930077
vt 0.507227 0.924564
vt 0.516203 0.981607
vt 0.514128 0.973237
vt 0.533358 0.974608
vt 0.524171 0.990151
vt 0.531705 0.992782
vt 0.510103 0.899949
vt 0.528826 0.903002
vt 0.510594 0.908370
vt 0.521729 0.885829
vt 0.528729 0.885188
vt 0.512632 0.964094
vt 0.510963 0.916081
vt 0.549721 0.555129
vt 0.340379 0.527030
vt 0.541557 0.683258
vt 0.494500 0.676734
vt 0.460646 0.678746
vt 0.390098 0.697346
vt 0.352721 0.692487
vt 0.310760 0.679848
vt 0.281312 0.652825
vt 0.574861 0.693657
vt 0.427786 0.686245
vt 0.638191 0.108150
vt 0.640452 0.129479
vt 0.638897 0.089480
vt 0.641189 0.061922
vt 0.645517 0.037483
vt 0.647302 0.021859
vt 0.652644 0.189995
vt 0.649244 0.170668
vt 0.644090 0.150254
vt 0.769668 0.106302
vt 0.769845 0.088995
vt 0.770493 0.124205
vt 0.769970 0.064072
vt 0.762569 0.044179
vt 0.761713 0.173388
vt 0.764813 0.155852
vt 0.757611 0.029502
vt 0.771034 0.140598
vt 0.892786 0.481243
vt 0.139398 0.232490
vt 0.130403 0.267071
vt 0.138963 0.198870
vt 0.147675 0.158701
vt 0.156483 0.121647
vt 0.165170 0.089846
vt 0.180899 0.053454
vt 0.688873 0.647583
vt 0.676983 0.649145
vt 0.658350 0.658554
vt 0.677315 0.673929
vt 0.646593 0.678177
vt 0.678138 0.695336
vt 0.648476 0.698049
vt 0.623607 0.704140
vt 0.643852 0.645323
vt 0.620701 0.279748
vt 0.578160 0.276331
vt 0.395772 0.832309
vt 0.811227 0.293835
vt 0.758971 0.285807
vt 0.712956 0.283674
vt 0.666837 0.281635
vt 0.666891 0.299856
vt 0.620717 0.294067
vt 0.713074 0.304898
vt 0.759266 0.309805
vt 0.811903 0.316156
vt 0.580603 0.288629
vt 0.646471 0.798317
vt 0.608271 0.804660
vt 0.609128 0.794855
vt 0.647974 0.781860
vt 0.607727 0.784776
vt 0.647525 0.765359
vt 0.644528 0.829657
vt 0.606931 0.822734
vt 0.607787 0.812766
vt 0.645483 0.813248
vt 0.644561 0.868049
vt 0.605173 0.842018
vt 0.605417 0.831457
vt 0.643057 0.844712
vt 0.749198 0.905607
vt 0.728059 0.901799
vt 0.718078 0.860226
vt 0.737506 0.861475
vt 0.685163 0.888233
vt 0.680561 0.855727
vt 0.738255 0.839000
vt 0.718994 0.838262
vt 0.719210 0.815145
vt 0.738018 0.815457
vt 0.681863 0.835878
vt 0.682737 0.814622
vt 0.739647 0.775317
vt 0.721443 0.774663
vt 0.728478 0.744366
vt 0.749216 0.744157
vt 0.685367 0.775381
vt 0.687679 0.751668
vt 0.738815 0.795954
vt 0.720112 0.795575
vt 0.683736 0.795651
vt 0.759754 0.796369
vt 0.760617 0.775548
vt 0.770073 0.746329
vt 0.758794 0.838838
vt 0.758519 0.815514
vt 0.770073 0.908736
vt 0.757940 0.863439
vt 0.266529 0.798136
vt 0.253611 0.795915
vt 0.232811 0.787518
vt 0.770298 0.596880
vt 0.629265 0.604074
vt 0.651972 0.579045
vt 0.139076 0.682409
vt 0.137868 0.692721
vt 0.112074 0.688086
vt 0.121566 0.679740
vt 0.155519 0.685637
vt 0.156492 0.695829
vt 0.134673 0.727605
vt 0.157600 0.729509
vt 0.104140 0.724565
vt 0.115705 0.758058
vt 0.149363 0.759309
vt 0.889530 0.716544
vt 0.877794 0.714860
vt 0.880744 0.703081
vt 0.894665 0.703729
vt 0.105732 0.668088
vt 0.094986 0.677457
vt 0.908234 0.693587
vt 0.903143 0.686233
vt 0.922134 0.674756
vt 0.923318 0.684992
vt 0.176436 0.686145
vt 0.176161 0.697275
vt 0.935247 0.677641
vt 0.933796 0.668088
vt 0.920281 0.642464
vt 0.884521 0.654978
vt 0.897076 0.615285
vt 0.078468 0.717683
vt 0.078213 0.697864
vt 0.857075 0.672002
vt 0.845332 0.686606
vt 0.838983 0.681516
vt 0.843263 0.668936
vt 0.102126 0.755171
vt 0.860111 0.625975
vt 0.843863 0.642684
vt 0.927401 0.640592
vt 0.174591 0.729712
vt 0.160730 0.756757
vt 0.918312 0.619025
vt 0.175824 0.754666
vt 0.924631 0.618119
vt 0.876373 0.624150
vt 0.836586 0.646498
vt 0.087155 0.753189
vt 0.088162 0.728629
vt 0.131912 0.757076
vt 0.829498 0.696686
vt 0.825068 0.699754
vt 0.821193 0.698709
vt 0.824966 0.693174
vt 0.072901 0.727407
vt 0.071216 0.688716
vt 0.854710 0.712134
vt 0.855782 0.703678
vt 0.836037 0.707057
vt 0.828905 0.708201
vt 0.045603 0.719061
vt 0.040261 0.713294
vt 0.049641 0.717040
vt 0.043956 0.706018
vt 0.048713 0.707466
vt 0.058233 0.703422
vt 0.051027 0.699125
vt 0.052492 0.723013
vt 0.058181 0.718181
vt 0.835171 0.713272
vt 0.826666 0.711765
vt 0.096720 0.797600
vt 0.095112 0.810212
vt 0.086591 0.810055
vt 0.086833 0.796321
vt 0.805564 0.619330
vt 0.798332 0.610010
vt 0.802376 0.609948
vt 0.809821 0.615931
vt 0.105509 0.799482
vt 0.103066 0.812863
vt 0.808533 0.601904
vt 0.816656 0.606076
vt 0.839660 0.611054
vt 0.854751 0.616140
vt 0.839036 0.618575
vt 0.867472 0.579867
vt 0.865427 0.568654
vt 0.871197 0.567066
vt 0.875176 0.577840
vt 0.856851 0.578919
vt 0.857914 0.565978
vt 0.859871 0.568590
vt 0.860575 0.580199
vt 0.139750 0.799517
vt 0.137366 0.816694
vt 0.129721 0.815587
vt 0.130174 0.799159
vt 0.122049 0.816021
vt 0.120900 0.799392
vt 0.872260 0.562004
vt 0.879843 0.573656
vt 0.166803 0.793673
vt 0.168544 0.807653
vt 0.160790 0.809755
vt 0.157814 0.795411
vt 0.176257 0.792018
vt 0.176436 0.806938
vt 0.916450 0.577334
vt 0.923637 0.567619
vt 0.923932 0.571364
vt 0.918657 0.581318
vt 0.928896 0.584967
vt 0.932423 0.574158
vt 0.935247 0.572768
vt 0.932963 0.585050
vt 0.884017 0.600050
vt 0.882777 0.597367
vt 0.887957 0.591542
vt 0.889323 0.593627
vt 0.131355 0.772678
vt 0.131225 0.775637
vt 0.119283 0.775894
vt 0.119067 0.773063
vt 0.862698 0.604203
vt 0.862670 0.601202
vt 0.871848 0.601073
vt 0.872552 0.604013
vt 0.144015 0.773856
vt 0.143510 0.776664
vt 0.857839 0.601707
vt 0.858082 0.599200
vt 0.910076 0.597642
vt 0.922674 0.602179
vt 0.927905 0.602509
vt 0.896534 0.604680
vt 0.907165 0.592525
vt 0.175920 0.771946
vt 0.163822 0.773847
vt 0.153233 0.776033
vt 0.837042 0.609983
vt 0.836337 0.617062
vt 0.830266 0.630893
vt 0.111570 0.773790
vt 0.100246 0.771568
vt 0.824981 0.635592
vt 0.086890 0.769655
vt 0.911126 0.595566
vt 0.917960 0.582720
vt 0.928375 0.586452
vt 0.923444 0.600050
vt 0.932549 0.586615
vt 0.928499 0.600411
vt 0.908355 0.590740
vt 0.915641 0.578664
vt 0.176005 0.774282
vt 0.176197 0.790270
vt 0.166589 0.791917
vt 0.164128 0.776187
vt 0.157474 0.793678
vt 0.153722 0.778389
vt 0.875868 0.579711
vt 0.880667 0.575484
vt 0.130230 0.796852
vt 0.120730 0.797108
vt 0.860755 0.582163
vt 0.867854 0.581814
vt 0.140082 0.797237
vt 0.856926 0.580913
vt 0.806345 0.597521
vt 0.817422 0.600238
vt 0.811287 0.617078
vt 0.818301 0.606985
vt 0.105983 0.797497
vt 0.096976 0.795607
vt 0.807018 0.620663
vt 0.086795 0.794295
vt 0.099844 0.774495
vt 0.086883 0.772637
vt 0.822812 0.633698
vt 0.827853 0.629137
vt 0.110939 0.776723
vt 0.819103 0.601043
vt 0.093756 0.817404
vt 0.798108 0.601148
vt 0.129050 0.822354
vt 0.863960 0.561449
vt 0.169312 0.814147
vt 0.931338 0.564833
vt 0.825582 0.710402
vt 0.821016 0.705854
vt 0.821175 0.699588
vt 0.971523 0.445750
vt 0.856623 0.057349
vt 0.859597 0.021681
vt 0.863708 0.056362
vt 0.870407 0.054104
vt 0.876659 0.050575
vt 0.882309 0.045925
vt 0.887149 0.040108
vt 0.890677 0.033414
vt 0.892816 0.026415
vt 0.893690 0.019290
vt 0.893219 0.012236
vt 0.891426 0.005311
vt 0.974943 0.050296
vt 0.965345 0.036783
vt 0.979044 0.026192
vt 0.986906 0.045976
vt 0.965793 0.056337
vt 0.955710 0.046048
vt 0.958377 0.063413
vt 0.947997 0.054829
vt 0.951987 0.071267
vt 0.941316 0.063511
vt 0.946240 0.079627
vt 0.935237 0.072268
vt 0.940709 0.088131
vt 0.929465 0.081232
vt 0.935890 0.097037
vt 0.923993 0.090721
vt 0.932183 0.106592
vt 0.918823 0.101203
vt 0.930094 0.117356
vt 0.913940 0.113646
vt 0.930670 0.130062
vt 0.909383 0.130352
vt 0.954010 0.025145
vt 0.934477 0.015284
vt 0.937704 0.002732
vt 0.963215 0.010778
vt 0.946536 0.036585
vt 0.930451 0.026609
vt 0.939793 0.046859
vt 0.925670 0.037296
vt 0.933324 0.056758
vt 0.920037 0.047707
vt 0.926864 0.066668
vt 0.913478 0.057716
vt 0.920172 0.076424
vt 0.906733 0.067600
vt 0.913493 0.086183
vt 0.899261 0.076783
vt 0.906573 0.096338
vt 0.891211 0.085283
vt 0.898855 0.107615
vt 0.882282 0.093329
vt 0.889092 0.121610
vt 0.871914 0.101105
vt 0.912350 0.011082
vt 0.911945 0.000429
vt 0.911803 0.020916
vt 0.910060 0.030539
vt 0.906666 0.040340
vt 0.901460 0.049679
vt 0.894817 0.058057
vt 0.887056 0.064937
vt 0.878827 0.070223
vt 0.869947 0.074484
vt 0.859947 0.078177
vt 0.955425 0.119832
vt 0.953728 0.113448
vt 0.953566 0.106970
vt 0.954673 0.100574
vt 0.956804 0.094406
vt 0.959719 0.088642
vt 0.963933 0.083747
vt 0.968819 0.079421
vt 0.974308 0.075955
vt 0.980357 0.073631
vt 0.986906 0.072761
vt 0.322005 0.254095
vt 0.325758 0.262926
vt 0.320311 0.254617
vt 0.318982 0.255258
vt 0.318098 0.256123
vt 0.317484 0.257461
vt 0.316989 0.259150
vt 0.316634 0.260821
vt 0.316442 0.262184
vt 0.316358 0.263378
vt 0.325109 0.253501
vt 0.323692 0.253717
vt 0.303723 0.216706
vt 0.306375 0.233880
vt 0.304658 0.235281
vt 0.297579 0.219016
vt 0.310248 0.215515
vt 0.307789 0.232871
vt 0.275813 0.242876
vt 0.293937 0.246257
vt 0.292971 0.247491
vt 0.275467 0.247270
vt 0.277959 0.238220
vt 0.295065 0.244759
vt 0.280913 0.233211
vt 0.296653 0.242903
vt 0.283458 0.228671
vt 0.298247 0.240856
vt 0.285699 0.225059
vt 0.299679 0.239233
vt 0.288626 0.222554
vt 0.301049 0.238196
vt 0.292553 0.220892
vt 0.302654 0.236789
vt 0.314868 0.237668
vt 0.318712 0.240046
vt 0.315260 0.242891
vt 0.312089 0.240737
vt 0.317427 0.234319
vt 0.322378 0.237297
vt 0.299197 0.255658
vt 0.301999 0.258867
vt 0.300146 0.262196
vt 0.295989 0.257742
vt 0.301309 0.253130
vt 0.303815 0.256089
vt 0.303569 0.250278
vt 0.305991 0.252952
vt 0.305884 0.248119
vt 0.308091 0.250305
vt 0.307662 0.246650
vt 0.309705 0.248511
vt 0.308966 0.245248
vt 0.310910 0.247103
vt 0.310181 0.243395
vt 0.312631 0.245349
vt 0.320106 0.243418
vt 0.321199 0.247629
vt 0.318805 0.249147
vt 0.316833 0.245323
vt 0.323654 0.241930
vt 0.323507 0.246616
vt 0.305277 0.260117
vt 0.309510 0.260750
vt 0.309255 0.262934
vt 0.304701 0.263157
vt 0.306679 0.257261
vt 0.310586 0.258453
vt 0.308327 0.254275
vt 0.312044 0.256088
vt 0.309851 0.251649
vt 0.313422 0.254150
vt 0.311096 0.249804
vt 0.314448 0.252731
vt 0.312348 0.248461
vt 0.315454 0.251687
vt 0.314153 0.247075
vt 0.316859 0.250602
vt 0.795793 0.951709
vt 0.796591 0.971413
vt 0.817579 0.969763
vt 0.817228 0.948950
vt 0.797184 0.984473
vt 0.810701 0.985182
vt 0.773800 0.950747
vt 0.775413 0.971542
vt 0.783697 0.986351
vt 0.795707 0.949347
vt 0.817815 0.946741
vt 0.818314 0.925790
vt 0.794731 0.926433
vt 0.797562 0.992837
vt 0.808319 0.910310
vt 0.794220 0.912934
vt 0.771064 0.927715
vt 0.773051 0.948591
vt 0.779878 0.911447
vt 0.793914 0.904944
vt 0.773061 0.972431
vt 0.781936 0.988060
vt 0.820003 0.970431
vt 0.820003 0.949036
vt 0.799333 0.994765
vt 0.812612 0.986721
vt 0.771044 0.951092
vt 0.795977 0.994920
vt 0.845611 0.948155
vt 0.867046 0.950914
vt 0.867397 0.930101
vt 0.846408 0.928451
vt 0.860519 0.914683
vt 0.847001 0.915391
vt 0.825230 0.928322
vt 0.823617 0.949117
vt 0.833514 0.913513
vt 0.845525 0.950517
vt 0.844548 0.973431
vt 0.868131 0.974074
vt 0.867632 0.953123
vt 0.847380 0.907027
vt 0.844037 0.986930
vt 0.858136 0.989554
vt 0.822868 0.951273
vt 0.820882 0.972149
vt 0.829695 0.988418
vt 0.843731 0.994920
vt 0.831753 0.911804
vt 0.822878 0.927433
vt 0.869821 0.950828
vt 0.869821 0.929434
vt 0.862430 0.913143
vt 0.849150 0.905099
vt 0.820861 0.948772
vt 0.845795 0.904944
vt 0.296881 0.353373
vt 0.289012 0.355047
vt 0.290873 0.329250
vt 0.298494 0.326673
vt 0.966554 0.883082
vt 0.964610 0.853381
vt 0.978370 0.867406
vt 0.977285 0.888123
vt 0.966143 0.975887
vt 0.965627 0.940866
vt 0.976675 0.938208
vt 0.978370 0.960479
vt 0.958281 0.916882
vt 0.959563 0.911344
vt 0.972275 0.910247
vt 0.971248 0.914708
vt 0.952870 0.940949
vt 0.948512 0.915023
vt 0.941812 0.946857
vt 0.935269 0.918238
vt 0.933589 0.906054
vt 0.941221 0.879709
vt 0.954199 0.882798
vt 0.951239 0.910324
vt 0.944889 0.973098
vt 0.954799 0.976760
vt 0.942084 0.854842
vt 0.955474 0.850808
vt 0.306520 0.383563
vt 0.294020 0.383411
vt 0.293586 0.369428
vt 0.303061 0.364818
vt 0.282227 0.300962
vt 0.289590 0.299687
vt 0.285549 0.269224
vt 0.292056 0.268478
vt 0.305111 0.298166
vt 0.313280 0.323637
vt 0.305258 0.323026
vt 0.297072 0.298491
vt 0.984666 0.306222
vt 0.995397 0.301181
vt 0.996482 0.321898
vt 0.982721 0.335923
vt 0.984254 0.213417
vt 0.996482 0.228825
vt 0.994786 0.251096
vt 0.983738 0.248438
vt 0.976393 0.272422
vt 0.989360 0.274595
vt 0.990387 0.279057
vt 0.977674 0.277960
vt 0.966623 0.274281
vt 0.970981 0.248355
vt 0.953381 0.271066
vt 0.959923 0.242446
vt 0.951700 0.283249
vt 0.969350 0.278980
vt 0.972310 0.306506
vt 0.959333 0.309594
vt 0.963001 0.216206
vt 0.972911 0.212544
vt 0.973586 0.338496
vt 0.960195 0.334462
vt 0.306979 0.266530
vt 0.308267 0.285548
vt 0.297945 0.283426
vt 0.294906 0.269770
vt 0.311330 0.351987
vt 0.303881 0.352573
vt 0.314954 0.382503
vt 0.321443 0.381615
vn 0.3427 -0.2334 -0.9099
vn 0.3294 -0.1036 -0.9385
vn 0.0000 -0.0932 -0.9956
vn 0.0000 -0.1946 -0.9809
vn 0.3028 -0.5491 -0.7790
vn 0.0000 -0.5666 -0.8240
vn 0.0000 -0.2097 -0.9778
vn 0.2870 -0.2039 -0.9360
vn 0.6012 -0.2925 -0.7436
vn 0.7284 -0.5151 -0.4517
vn 0.8157 -0.2351 -0.5285
vn 0.8020 -0.0879 -0.5908
vn 0.9826 -0.1773 -0.0555
vn 0.9937 -0.0962 -0.0576
vn 0.8905 -0.4540 -0.0281
vn 0.9207 -0.3853 -0.0624
vn 0.7551 -0.1328 0.6420
vn 0.7118 -0.5132 0.4796
vn 0.8080 -0.1555 0.5683
vn 0.7982 -0.1081 0.5925
vn 0.2492 0.0706 -0.9658
vn 0.4164 -0.6687 -0.6160
vn 0.3794 0.1202 -0.9174
vn 0.2767 0.7252 -0.6305
vn 0.1018 0.7831 -0.6135
vn 0.1800 0.6773 -0.7133
vn 0.1889 -0.0272 -0.9816
vn 0.1573 -0.6718 -0.7238
vn 0.3121 -0.1211 0.9423
vn 0.3099 -0.0560 0.9491
vn 0.2620 -0.5510 0.7923
vn 0.3490 -0.0287 0.9366
vn -0.2107 -0.0295 0.9771
vn -0.2712 -0.3656 0.8904
vn 0.0000 -0.1314 0.9913
vn 0.0000 -0.0302 0.9995
vn 0.0000 0.2012 0.9795
vn 0.0000 0.5841 0.8116
vn 0.4381 0.5614 0.7020
vn 0.6673 0.0125 0.7447
vn 0.2762 0.0401 -0.9603
vn 0.0000 -0.0082 -0.9999
vn 0.0000 0.4629 -0.8864
vn 0.2767 0.5337 -0.7991
vn 0.3119 0.3209 0.8943
vn -0.1240 0.3516 0.9279
vn 0.4932 0.3744 0.7852
vn 0.1901 0.8090 0.5563
vn 0.1497 0.7394 0.6564
vn 0.3203 0.9473 -0.0071
vn 0.3059 0.6339 -0.7103
vn 0.1409 0.9900 -0.0084
vn 0.2191 0.7016 0.6780
vn 0.2951 0.6987 0.6516
vn 0.5161 -0.8562 -0.0247
vn 0.6501 -0.4611 0.6039
vn 0.1372 -0.9905 0.0078
vn 0.2545 -0.5835 0.7712
vn 0.3478 0.3188 0.8816
vn 0.0339 0.8082 0.5879
vn 0.2753 0.1491 0.9497
vn -0.1046 0.9945 -0.0042
vn 0.3044 0.9372 0.1702
vn 0.3142 0.1509 0.9373
vn 0.3031 -0.6140 0.7288
vn 0.2427 -0.9701 0.0035
vn 0.2530 -0.6937 -0.6744
vn 0.2835 -0.0124 -0.9589
vn 0.0979 0.0378 -0.9945
vn -0.0439 -0.0227 -0.9987
vn 0.1476 -0.8057 -0.5735
vn 0.0837 -0.7077 -0.7015
vn 0.0880 0.7104 -0.6982
vn 0.0266 0.7481 -0.6631
vn 0.0708 -0.9974 0.0073
vn 0.1947 -0.9808 -0.0078
vn 0.0718 -0.8046 0.5895
vn 0.1301 -0.6327 0.7633
vn 0.1264 0.1484 0.9808
vn -0.2606 0.1372 0.9556
vn -0.0440 0.7958 0.6040
vn 0.0935 0.7341 0.6725
vn 0.0610 0.9981 -0.0043
vn 0.0800 0.9967 -0.0148
vn 0.0473 0.9988 -0.0095
vn 0.0729 0.8119 0.5791
vn -0.0049 0.9999 -0.0084
vn -0.0139 0.7663 -0.6423
vn 0.0469 0.7641 -0.6433
vn 0.0221 -0.9987 0.0442
vn 0.0305 -0.6595 -0.7511
vn -0.0183 -0.6588 -0.7520
vn -0.0051 -0.9986 0.0516
vn 0.0788 -0.5845 0.8075
vn 0.0400 0.1168 -0.9923
vn -0.0145 0.1156 -0.9932
vn 0.0646 0.1151 -0.9912
vn 0.0850 0.7608 -0.6433
vn 0.0542 -0.6584 -0.7507
vn 0.0523 -0.9980 0.0356
vn 0.0942 0.9954 -0.0170
vn 0.3298 0.7432 -0.5821
vn 0.0000 0.7387 -0.6739
vn 0.0000 0.3051 -0.9523
vn 0.5196 0.3011 -0.7996
vn 0.1957 0.8115 0.5506
vn 0.8600 0.4453 0.2492
vn 0.0000 0.7649 0.6441
vn 0.4383 0.8485 -0.2965
vn 0.0000 0.7385 0.6742
vn -0.1398 -0.3262 -0.9349
vn -0.2526 -0.7833 -0.5680
vn 0.0000 -0.8885 -0.4588
vn 0.0000 -0.3821 -0.9241
vn 0.0000 -0.3363 -0.9417
vn 0.1744 -0.2646 -0.9484
vn 0.7788 -0.0829 -0.6218
vn 0.2083 -0.1652 -0.9640
vn -0.3822 -0.5885 -0.7124
vn -0.1094 -0.9937 -0.0211
vn 0.0000 -0.9995 -0.0325
vn -0.6676 -0.7444 0.0149
vn -0.3330 -0.6979 0.6341
vn 0.0298 -0.8568 0.5148
vn 0.0000 -0.8748 0.4844
vn -0.0683 -0.0186 0.9975
vn 0.6963 0.1812 0.6944
vn 0.7303 -0.1843 0.6577
vn 0.0915 -0.1607 0.9828
vn -0.7559 -0.1867 0.6275
vn -0.0584 0.0059 0.9983
vn -0.7627 -0.1585 0.6269
vn -0.7144 -0.1737 0.6778
vn 0.0352 -0.0995 0.9944
vn 0.7639 -0.0064 0.6452
vn 0.6914 0.1661 0.7031
vn 0.1546 -0.4323 0.8883
vn 0.2386 -0.4365 0.8675
vn 0.0000 -0.4786 0.8780
vn 0.0000 -0.4308 0.9024
vn 0.2402 -0.2472 0.9387
vn 0.7350 -0.0954 0.6713
vn 0.2662 0.1194 0.9565
vn 0.7162 0.2305 0.6587
vn 0.7960 0.0547 0.6028
vn 0.2987 -0.0299 0.9539
vn 0.0000 -0.0546 0.9985
vn 0.0000 0.0862 0.9962
vn 0.0000 -0.2700 0.9629
vn 0.9957 0.0843 0.0370
vn 0.9998 0.0001 0.0210
vn 0.7580 0.1161 -0.6419
vn 0.9498 0.3127 0.0127
vn 0.7194 0.4429 -0.5350
vn 0.7783 0.2538 -0.5743
vn 0.9879 0.1510 -0.0332
vn 0.2093 0.0697 -0.9753
vn 0.0000 -0.0585 -0.9983
vn 0.2412 0.4809 -0.8429
vn 0.0000 0.4572 -0.8893
vn 0.0000 0.2460 -0.9692
vn 0.3094 0.2669 -0.9127
vn 0.0000 -1.0000 -0.0010
vn -0.6572 -0.7524 -0.0450
vn -0.6035 -0.7960 -0.0456
vn -0.0010 -1.0000 -0.0009
vn 0.6093 -0.7879 -0.0888
vn 0.6285 -0.7703 -0.1074
vn 0.1281 -0.2304 -0.9646
vn -0.7287 -0.3308 -0.5996
vn 0.8070 0.0885 -0.5838
vn 0.0228 -0.1194 -0.9926
vn 0.7902 0.1626 -0.5909
vn 0.7860 0.0648 -0.6148
vn 0.0064 0.0027 -1.0000
vn -0.7650 -0.1113 -0.6343
vn -0.8032 -0.2308 -0.5491
vn 0.9748 0.2225 0.0169
vn 0.9738 0.2270 0.0139
vn 0.9980 0.0564 0.0281
vn -0.9765 -0.2147 0.0149
vn -0.9767 -0.2146 0.0002
vn -0.9832 -0.1820 0.0155
vn -0.0023 -1.0000 0.0001
vn -0.6479 -0.7534 -0.1122
vn -0.5569 -0.7162 -0.4205
vn 0.0004 -0.8121 -0.5835
vn 0.5632 -0.7137 -0.4164
vn 0.6504 -0.7465 -0.1398
vn 0.9783 0.0212 -0.2058
vn 0.7104 -0.0643 -0.7008
vn 0.7392 0.2983 -0.6038
vn 0.9263 0.3380 -0.1662
vn 0.7429 0.6545 0.1402
vn 0.9917 0.0671 -0.1097
vn 0.0090 -0.1218 -0.9925
vn -0.6842 -0.1081 -0.7212
vn -0.7501 0.1328 -0.6478
vn 0.0129 0.2212 -0.9751
vn -0.9852 -0.0402 -0.1664
vn -0.9995 0.0132 -0.0303
vn -0.7636 0.5962 0.2478
vn -0.9775 0.1796 -0.1104
vn -0.9904 -0.1368 -0.0192
vn -0.7303 -0.2286 0.6437
vn -0.7535 -0.1808 0.6321
vn -0.9996 0.0270 0.0016
vn -0.8114 0.2398 -0.5331
vn -0.8038 -0.1068 -0.5853
vn -0.9982 0.0526 -0.0281
vn -0.7870 -0.0285 -0.6162
vn -0.7830 0.2748 0.5579
vn -0.0299 -0.0972 -0.9948
vn -0.0315 0.3345 -0.9418
vn 0.7573 0.3078 -0.5759
vn 0.7624 -0.0987 -0.6395
vn -0.0329 -0.0103 -0.9994
vn 0.7526 0.1007 -0.6507
vn 0.9883 -0.1291 -0.0810
vn 0.9901 0.1314 -0.0502
vn 0.7900 -0.0912 0.6062
vn 0.7723 -0.2186 0.5964
vn 0.9772 0.1812 -0.1102
vn 0.8313 0.3377 0.4415
vn 0.0314 -0.2634 0.9642
vn 0.0578 -0.2672 0.9619
vn 0.0292 0.4036 0.9144
vn 0.0170 0.8707 0.4916
vn 0.0088 0.8863 0.4630
vn 0.5620 0.7941 0.2314
vn -0.5846 0.7689 0.2589
vn -0.9693 0.2411 0.0472
vn 0.9413 0.3256 0.0895
vn 0.0531 -0.2570 0.9649
vn 0.7716 -0.2259 0.5946
vn -0.7207 -0.2531 0.6453
vn 0.0687 -0.2949 0.9530
vn -0.6624 -0.2554 0.7043
vn 0.7581 -0.0670 0.6486
vn 0.9834 -0.1812 0.0097
vn 0.7523 -0.1894 -0.6310
vn 0.9749 0.2199 0.0347
vn 0.7039 0.4434 -0.5548
vn 0.0006 -0.1817 -0.9833
vn -0.7434 -0.1863 -0.6423
vn -0.1022 0.5658 -0.8182
vn -0.8381 0.3323 -0.4325
vn -0.9807 -0.1952 0.0063
vn -0.9925 0.0300 0.1185
vn 0.7945 -0.1843 0.5786
vn 0.0668 -0.2380 0.9689
vn 0.0413 0.0044 0.9991
vn 0.7982 0.0673 0.5986
vn -0.9970 -0.0741 0.0226
vn -0.9989 -0.0204 0.0420
vn -0.7573 -0.0694 0.6493
vn -0.7965 -0.0543 0.6021
vn -0.9918 -0.0465 0.1191
vn -0.6964 -0.2517 0.6720
vn 0.9982 0.0482 0.0361
vn 0.9887 -0.1475 0.0244
vn -0.8567 0.0725 -0.5106
vn 0.7685 -0.1565 -0.6204
vn 0.0092 -0.2409 -0.9705
vn 0.9883 0.1440 0.0503
vn 0.7804 0.1755 -0.6001
vn 0.9939 0.1091 0.0169
vn 0.7728 0.0332 0.6338
vn 0.7796 -0.1214 0.6143
vn 0.0328 -0.0618 0.9975
vn 0.0803 -0.3066 0.9484
vn -0.7496 -0.2210 0.6238
vn -0.9842 -0.1751 0.0253
vn -0.7504 -0.2235 -0.6220
vn -0.3917 0.9200 -0.0111
vn -0.3987 0.7321 0.5523
vn -0.0540 0.7709 0.6346
vn -0.0416 0.9991 0.0001
vn -0.0690 0.7286 -0.6814
vn -0.4962 0.6494 -0.5762
vn -0.3504 0.1804 0.9190
vn -0.4307 -0.5555 0.7113
vn -0.0651 -0.6089 0.7905
vn -0.0684 0.1928 0.9788
vn -0.4187 -0.9079 0.0184
vn -0.5129 -0.5795 -0.6334
vn -0.0790 -0.6734 -0.7350
vn -0.0407 -0.9991 0.0151
vn -0.5282 0.0663 -0.8465
vn -0.0937 0.0709 -0.9930
vn -0.0973 0.0981 -0.9904
vn -0.1522 -0.6208 -0.7690
vn -0.1517 0.7225 -0.6745
vn -0.1807 -0.9832 0.0246
vn -0.0359 -0.5902 0.8064
vn 0.1020 0.2321 0.9673
vn 0.0102 0.2241 0.9745
vn -0.0553 0.8115 0.5816
vn -0.1779 0.9833 -0.0369
vn 0.2136 0.0821 -0.9734
vn -0.1380 0.0765 -0.9875
vn -0.1250 0.6937 -0.7093
vn 0.2087 0.7165 -0.6657
vn 0.2176 -0.6705 -0.7093
vn -0.1037 -0.6718 -0.7334
vn 0.1981 -0.9800 0.0155
vn -0.0744 -0.9966 0.0340
vn 0.2446 -0.6032 0.7592
vn -0.0796 -0.5949 0.7998
vn 0.2114 0.2233 0.9515
vn -0.1123 0.2242 0.9680
vn 0.1996 0.7801 0.5929
vn -0.0761 0.7577 0.6482
vn 0.1958 0.9804 -0.0191
vn -0.1093 0.9940 -0.0050
vn 0.0340 -0.2049 0.9782
vn -0.7451 -0.1912 0.6389
vn 0.7831 -0.1975 0.5896
vn 0.9817 -0.1791 -0.0639
vn 0.7579 -0.2249 -0.6123
vn -0.0164 -0.2593 -0.9656
vn -0.7781 -0.2089 -0.5923
vn -0.9868 -0.1616 -0.0056
vn 0.2130 0.7458 -0.6312
vn 0.2112 0.9771 -0.0241
vn 0.1829 0.8085 0.5593
vn 0.2066 0.2294 0.9511
vn 0.2129 -0.6057 0.7667
vn 0.2004 -0.9796 0.0114
vn 0.2068 -0.6670 -0.7157
vn 0.2047 0.0972 -0.9740
vn 0.9269 -0.0749 0.3676
vn 0.3738 -0.9257 0.0578
vn 0.4957 -0.8270 -0.2653
vn 0.9591 -0.1754 0.2221
vn 0.8004 0.2904 0.5243
vn 0.3874 0.4013 0.8300
vn 0.5206 0.7400 0.4257
vn 0.6635 -0.0025 0.7481
vn 0.4857 0.3375 0.8063
vn 0.0000 0.4943 0.8692
vn 0.0000 -0.4525 0.8918
vn 0.0000 -0.9695 -0.2452
vn -0.2627 -0.9199 -0.2909
vn -0.2468 -0.8518 0.4621
vn 0.0000 -0.8892 0.4576
vn 0.0000 0.5159 0.8566
vn 0.0000 0.8592 0.5116
vn 0.6428 -0.7480 -0.1650
vn 0.8585 -0.3262 0.3956
vn -0.1579 -0.9244 -0.3470
vn 0.3104 0.6042 0.7338
vn 0.0000 0.5460 0.8378
vn 0.9864 0.0298 0.1613
vn 0.8929 -0.4474 0.0505
vn 0.8925 -0.3554 -0.2778
vn 0.9839 0.0768 -0.1613
vn 0.0902 -0.9812 -0.1708
vn 0.0000 0.6621 0.7494
vn 0.3454 0.7055 0.6188
vn 0.3098 0.9460 0.0948
vn 0.0000 0.9936 0.1129
vn 0.9713 -0.2061 -0.1182
vn 0.8430 -0.3247 0.4288
vn 0.2334 -0.8663 0.4415
vn 0.5973 -0.2733 0.7540
vn 0.0000 -0.4352 0.9003
vn 0.8703 0.0090 0.4923
vn 0.4985 0.2648 0.8254
vn 0.8094 0.4692 -0.3532
vn 0.9201 0.3592 0.1558
vn 0.4242 -0.6732 0.6057
vn 0.5853 -0.7473 0.3146
vn 0.0000 -0.5985 0.8011
vn 0.3158 0.9264 -0.2050
vn 0.0000 0.9755 -0.2201
vn 0.8004 -0.5985 -0.0325
vn 0.6723 0.7189 -0.1764
vn 0.8946 0.4247 -0.1390
vn 0.8431 0.2854 -0.4558
vn 0.6342 0.5330 -0.5600
vn 0.3188 0.6970 -0.6422
vn 0.0000 0.7675 -0.6410
vn 0.8475 0.3131 -0.4284
vn 0.7009 -0.4725 0.5342
vn 0.7796 0.1382 0.6108
vn 0.6313 0.3675 0.6829
vn 0.4002 0.5289 0.7483
vn 0.0000 0.6181 0.7861
vn 0.5526 -0.1441 0.8209
vn -0.1915 0.6616 0.7250
vn 0.2976 0.6213 0.7248
vn -0.0067 -0.9693 0.2458
vn -0.0128 -0.9808 0.1946
vn 0.6574 -0.5542 0.5106
vn -0.6070 -0.5532 0.5705
vn 0.7407 -0.5166 0.4294
vn -0.4830 -0.4951 0.7222
vn 0.5139 -0.5683 0.6426
vn -0.7638 -0.4607 0.4520
vn 0.0526 -0.6520 0.7564
vn 0.0432 0.7653 0.6423
vn -0.1091 -0.5845 0.8040
vn 0.1401 -0.4754 0.8685
vn 0.1435 0.7917 0.5938
vn -0.1022 0.7971 0.5951
vn -0.0701 0.1714 -0.9827
vn -0.1299 0.0476 -0.9904
vn -0.0993 0.6674 -0.7380
vn -0.0415 -0.6844 -0.7279
vn 0.0580 -0.9982 0.0132
vn -0.0405 -0.6017 0.7977
vn -0.0874 0.2159 0.9725
vn -0.0587 0.7286 0.6824
vn -0.0133 0.9999 0.0023
vn -0.5662 0.0801 -0.8203
vn -0.6517 -0.5374 -0.5351
vn -0.6237 0.6165 -0.4805
vn -0.6019 -0.7983 0.0200
vn -0.4718 -0.5354 0.7006
vn -0.3516 0.1940 0.9158
vn -0.4223 0.7347 0.5308
vn -0.5659 0.8238 -0.0333
vn 0.9572 -0.1788 0.2276
vn -0.2346 -0.4404 0.8666
vn 0.2289 -0.5694 0.7895
vn 0.6973 -0.5907 0.4058
vn 0.8867 -0.4615 -0.0275
vn 0.7117 -0.5385 -0.4511
vn 0.2803 -0.5630 -0.7774
vn 0.0000 -0.5339 -0.8455
vn 0.0000 0.4464 0.8948
vn 0.0000 0.0031 1.0000
vn 0.0000 -0.2135 0.9769
vn 0.0000 -0.2577 0.9662
vn 0.2734 0.1858 -0.9438
vn 0.0000 0.2342 -0.9722
vn 0.7537 -0.1275 -0.6446
vn 0.5473 0.0822 -0.8329
vn 0.0000 -0.2077 -0.9782
vn 0.7996 -0.3805 -0.4646
vn 0.4845 -0.2525 -0.8375
vn 0.4952 -0.2240 -0.8394
vn 0.0000 -0.2139 -0.9768
vn 0.8710 -0.2412 -0.4279
vn 0.8893 0.0110 -0.4571
vn 0.1871 -0.0056 0.9823
vn 0.0000 0.0005 1.0000
vn 0.0000 -0.0028 1.0000
vn 0.1813 -0.0096 0.9834
vn 0.1919 0.0411 0.9805
vn 0.0000 0.0502 0.9987
vn 0.0000 0.0348 0.9994
vn 0.1698 0.0321 0.9849
vn 0.0000 0.0163 0.9998
vn 0.1644 0.0136 0.9863
vn 0.0000 0.0085 0.9999
vn 0.1726 0.0031 0.9850
vn 0.2236 -0.0022 0.9747
vn 0.2464 -0.0108 0.9691
vn 0.2103 0.0121 0.9775
vn 0.2380 0.0290 0.9708
vn 0.2618 0.0339 0.9645
vn 0.2550 -0.0192 0.9667
vn 0.9532 0.1490 0.2631
vn 0.8269 0.0146 0.5622
vn 0.8615 0.0057 0.5077
vn 0.9492 0.1236 0.2894
vn 0.6145 -0.0915 0.7836
vn 0.6925 -0.1097 0.7130
vn 0.9492 0.1793 -0.2587
vn 0.9810 0.1933 0.0141
vn 0.9850 0.1724 0.0083
vn 0.9459 0.1541 -0.2855
vn 0.7133 0.0296 -0.7002
vn 0.8564 0.0905 -0.5082
vn 0.8709 0.0726 -0.4861
vn 0.7618 0.0011 -0.6478
vn 0.4921 0.2389 -0.8371
vn 0.7526 0.3244 -0.5730
vn 0.7821 0.2557 -0.5683
vn 0.5404 0.2275 -0.8100
vn 0.8249 0.1553 -0.5434
vn 0.6240 0.1338 -0.7699
vn 0.9019 0.3724 -0.2187
vn 0.9204 0.3906 0.0179
vn 0.9632 0.2687 0.0065
vn 0.9338 0.2741 -0.2297
vn 0.9774 0.2115 0.0031
vn 0.9506 0.2102 -0.2283
vn 0.6897 0.3505 0.6336
vn 0.3786 0.2633 0.8873
vn 0.4267 0.1335 0.8945
vn 0.7466 0.2082 0.6318
vn 0.5069 0.0198 0.8618
vn 0.7877 0.0939 0.6088
vn 0.8842 0.3936 0.2515
vn 0.9383 0.2584 0.2299
vn 0.9555 0.1919 0.2238
vn 0.8405 0.4735 0.2632
vn 0.6131 0.4384 0.6572
vn 0.3619 0.3305 0.8716
vn 0.8873 0.4139 -0.2035
vn 0.8908 0.4533 0.0307
vn 0.4792 0.2305 -0.8469
vn 0.7152 0.3240 -0.6193
vn 0.3524 0.4147 0.8389
vn 0.4530 0.8767 0.1616
vn 0.7155 0.6894 0.1134
vn -0.3152 0.7902 0.5255
vn 0.0455 0.9984 -0.0342
vn -0.1234 0.7699 -0.6261
vn 0.1909 0.9812 -0.0264
vn 0.0686 0.8643 -0.4982
vn 0.2355 0.9285 0.2869
vn 0.2785 0.9603 0.0169
vn 0.3220 0.9467 0.0089
vn -0.3566 -0.7586 0.5453
vn -0.7115 0.0750 0.6987
vn 0.0346 -0.7707 -0.6362
vn 0.2669 -0.9637 -0.0072
vn -0.2423 0.0564 -0.9685
vn 0.0570 -0.7436 -0.6661
vn 0.1695 -0.9833 -0.0660
vn 0.2508 -0.9680 0.0008
vn -0.3828 0.6744 0.6314
vn 0.6587 0.7523 0.0121
vn 0.4440 -0.8902 0.1018
vn 0.9101 0.1178 0.3972
vn 0.8611 0.0244 -0.5078
vn 0.5700 -0.6599 -0.4895
vn 0.0652 0.9964 0.0531
vn 0.1907 -0.9799 0.0584
vn 0.0476 -0.8249 0.5632
vn -0.0714 0.1732 -0.9823
vn 0.0945 0.9955 0.0017
vn 0.0519 -0.8422 -0.5367
vn 0.0417 0.1928 -0.9803
vn 0.1840 -0.9826 0.0235
vn 0.0463 0.1867 0.9813
vn 0.1208 0.9885 0.0910
vn 0.6176 -0.6591 -0.4291
vn 0.8915 0.0622 -0.4487
vn 0.9993 -0.0354 0.0061
vn 0.6914 -0.7112 -0.1268
vn -0.7176 -0.0360 0.6955
vn -0.4513 -0.8448 0.2873
vn -0.3490 -0.8565 0.3801
vn -0.0877 -0.8259 0.5569
vn 0.7450 0.6154 0.2575
vn 0.6222 -0.3337 0.7081
vn -0.1879 -0.1810 0.9654
vn -0.0287 0.5110 0.8591
vn -0.2796 0.5937 0.7545
vn -0.5708 -0.0996 0.8150
vn 0.7129 0.6955 -0.0893
vn 0.0744 0.9956 0.0566
vn 0.0012 0.3764 0.9264
vn 0.3713 0.2596 0.8914
vn 0.5301 0.8451 0.0688
vn 0.0182 -0.7468 0.6648
vn 0.2300 -0.6662 0.7093
vn 0.0699 0.4371 -0.8967
vn 0.5181 0.2152 -0.8278
vn 0.0622 -0.6999 -0.7114
vn 0.2518 -0.6766 -0.6919
vn 0.0935 0.3490 -0.9324
vn 0.0847 -0.6951 -0.7139
vn 0.0600 -0.9961 0.0641
vn 0.0822 -0.6443 -0.7603
vn 0.2264 -0.6398 -0.7344
vn 0.1096 -0.9930 0.0438
vn 0.0877 0.4965 0.8636
vn 0.0869 -0.5855 0.8060
vn 0.2288 -0.6145 0.7550
vn 0.5458 0.2012 0.8133
vn 0.0857 0.5803 -0.8099
vn 0.0898 0.9906 0.1032
vn 0.6345 0.7692 0.0762
vn 0.5596 0.3105 -0.7684
vn 0.0439 0.9988 -0.0192
vn 0.0697 0.3504 0.9340
vn 0.4841 0.0748 0.8718
vn 0.4245 0.9048 -0.0331
vn 0.0206 0.2650 -0.9640
vn 0.3711 0.1501 -0.9163
vn 0.0722 -0.7636 0.6416
vn 0.2223 -0.7790 0.5862
vn 0.0448 -0.8237 -0.5653
vn 0.2342 -0.7903 -0.5662
vn 0.1308 -0.6514 -0.7473
vn 0.1052 0.4977 -0.8609
vn 0.0930 0.5191 -0.8496
vn 0.0830 -0.6456 -0.7591
vn 0.0948 0.9912 0.0920
vn 0.0910 0.4239 0.9011
vn 0.0594 0.4506 0.8907
vn 0.0788 0.9910 0.1080
vn 0.1260 -0.5675 0.8137
vn 0.0858 -0.9944 0.0610
vn 0.0446 -0.9955 0.0829
vn 0.0587 -0.5556 0.8293
vn 0.0383 -0.8570 -0.5138
vn 0.0806 -0.7418 0.6658
vn 0.0319 0.1938 -0.9805
vn 0.0957 0.3276 0.9399
vn 0.0828 0.9963 -0.0234
vn 0.0934 0.3554 -0.9300
vn 0.0810 -0.6860 -0.7230
vn 0.0198 -0.8137 0.5810
vn 0.0779 0.9963 0.0366
vn 0.0195 0.2324 0.9724
vn 0.0650 -0.7380 0.6716
vn 0.0318 -0.8444 -0.5347
vn 0.0327 -0.8336 -0.5514
vn 0.0732 -0.7573 0.6489
vn 0.0298 0.2105 -0.9771
vn 0.0306 0.2416 -0.9699
vn 0.0919 0.3333 0.9383
vn 0.0860 0.3562 0.9304
vn 0.0749 0.9971 -0.0075
vn 0.0728 0.9968 -0.0319
vn 0.0764 -0.6439 -0.7612
vn 0.0848 0.5529 -0.8289
vn 0.0770 0.9908 0.1113
vn 0.0710 0.4754 0.8769
vn 0.0674 -0.5650 0.8223
vn 0.0448 -0.9960 0.0770
vn 0.0353 -0.7689 0.6383
vn 0.0822 -0.6938 -0.7154
vn 0.0934 0.3847 -0.9183
vn 0.0786 0.9954 0.0548
vn 0.0202 0.3153 0.9487
vn 0.0193 0.2765 0.9608
vn 0.0822 0.9957 0.0424
vn 0.0376 -0.7912 0.6103
vn 0.9633 -0.2527 0.0899
vn 0.8613 -0.5080 0.0099
vn 0.9859 -0.1625 -0.0403
vn 0.0000 -0.9766 -0.2149
vn 0.0000 -0.9999 0.0094
vn -0.3427 -0.2334 -0.9099
vn -0.3294 -0.1036 -0.9385
vn -0.3028 -0.5491 -0.7790
vn -0.2870 -0.2039 -0.9360
vn -0.7284 -0.5151 -0.4517
vn -0.6012 -0.2925 -0.7436
vn -0.8020 -0.0879 -0.5908
vn -0.8157 -0.2351 -0.5285
vn -0.9826 -0.1773 -0.0555
vn -0.9937 -0.0962 -0.0576
vn -0.8905 -0.4540 -0.0281
vn -0.9207 -0.3853 -0.0624
vn -0.7118 -0.5132 0.4796
vn -0.7551 -0.1328 0.6420
vn -0.7982 -0.1081 0.5925
vn -0.8080 -0.1555 0.5683
vn -0.2492 0.0706 -0.9658
vn -0.3794 0.1202 -0.9174
vn -0.4164 -0.6687 -0.6160
vn -0.1018 0.7831 -0.6135
vn -0.2767 0.7252 -0.6305
vn -0.1889 -0.0272 -0.9816
vn -0.1800 0.6773 -0.7133
vn -0.1573 -0.6718 -0.7238
vn -0.3121 -0.1211 0.9423
vn -0.3099 -0.0560 0.9491
vn -0.2620 -0.5510 0.7923
vn -0.3490 -0.0287 0.9366
vn 0.2712 -0.3656 0.8904
vn 0.2107 -0.0295 0.9771
vn -0.6673 0.0125 0.7447
vn -0.4381 0.5614 0.7020
vn -0.2762 0.0401 -0.9603
vn -0.2767 0.5337 -0.7991
vn -0.3119 0.3209 0.8943
vn 0.1240 0.3516 0.9279
vn -0.4932 0.3744 0.7852
vn -0.1497 0.7394 0.6564
vn -0.1901 0.8090 0.5563
vn -0.3203 0.9473 -0.0071
vn -0.1409 0.9900 -0.0084
vn -0.3059 0.6339 -0.7103
vn -0.2951 0.6987 0.6516
vn -0.2191 0.7016 0.6780
vn -0.5161 -0.8562 -0.0247
vn -0.6501 -0.4611 0.6039
vn -0.1372 -0.9905 0.0078
vn -0.2545 -0.5835 0.7712
vn -0.3478 0.3188 0.8816
vn -0.0339 0.8082 0.5879
vn -0.2753 0.1491 0.9497
vn 0.1046 0.9945 -0.0042
vn -0.3044 0.9372 0.1702
vn -0.3142 0.1509 0.9373
vn -0.3031 -0.6140 0.7288
vn -0.2427 -0.9701 0.0035
vn -0.2530 -0.6937 -0.6744
vn -0.2835 -0.0124 -0.9589
vn -0.0979 0.0378 -0.9945
vn -0.0837 -0.7077 -0.7015
vn -0.1476 -0.8057 -0.5735
vn 0.0439 -0.0227 -0.9987
vn -0.0266 0.7481 -0.6631
vn -0.0880 0.7104 -0.6982
vn -0.0708 -0.9974 0.0073
vn -0.1301 -0.6327 0.7633
vn -0.0718 -0.8046 0.5895
vn -0.1947 -0.9808 -0.0078
vn -0.1264 0.1484 0.9808
vn -0.0935 0.7341 0.6725
vn 0.0440 0.7958 0.6040
vn 0.2606 0.1372 0.9556
vn -0.0610 0.9981 -0.0043
vn -0.0800 0.9967 -0.0148
vn -0.0473 0.9988 -0.0095
vn 0.0049 0.9999 -0.0084
vn -0.0729 0.8119 0.5791
vn -0.0469 0.7641 -0.6433
vn 0.0139 0.7663 -0.6423
vn -0.0221 -0.9987 0.0442
vn 0.0051 -0.9986 0.0516
vn 0.0183 -0.6588 -0.7520
vn -0.0305 -0.6595 -0.7511
vn -0.0788 -0.5845 0.8075
vn -0.0400 0.1168 -0.9923
vn 0.0145 0.1156 -0.9932
vn -0.0850 0.7608 -0.6433
vn -0.0646 0.1151 -0.9912
vn -0.0542 -0.6584 -0.7507
vn -0.0523 -0.9980 0.0356
vn -0.0942 0.9954 -0.0170
vn -0.3298 0.7432 -0.5821
vn -0.5196 0.3011 -0.7996
vn -0.1957 0.8115 0.5506
vn -0.8600 0.4453 0.2492
vn -0.4383 0.8485 -0.2965
vn 0.1398 -0.3262 -0.9349
vn 0.2526 -0.7833 -0.5680
vn -0.1744 -0.2646 -0.9484
vn -0.7788 -0.0829 -0.6218
vn -0.2083 -0.1652 -0.9640
vn 0.3822 -0.5885 -0.7124
vn 0.1094 -0.9937 -0.0211
vn 0.6676 -0.7444 0.0149
vn -0.0298 -0.8568 0.5148
vn 0.3330 -0.6979 0.6341
vn 0.0683 -0.0186 0.9975
vn -0.0915 -0.1607 0.9828
vn -0.7303 -0.1843 0.6577
vn -0.6963 0.1812 0.6944
vn 0.7559 -0.1867 0.6275
vn 0.0584 0.0059 0.9983
vn -0.0352 -0.0995 0.9944
vn 0.7144 -0.1737 0.6778
vn 0.7627 -0.1585 0.6269
vn -0.6914 0.1661 0.7031
vn -0.7639 -0.0064 0.6452
vn -0.1546 -0.4323 0.8883
vn -0.2386 -0.4365 0.8675
vn -0.2402 -0.2472 0.9387
vn -0.7350 -0.0954 0.6713
vn -0.2662 0.1194 0.9565
vn -0.2987 -0.0299 0.9539
vn -0.7960 0.0547 0.6028
vn -0.7162 0.2305 0.6587
vn -0.9957 0.0843 0.0370
vn -0.7580 0.1161 -0.6419
vn -0.9998 0.0001 0.0210
vn -0.9498 0.3127 0.0127
vn -0.9879 0.1510 -0.0332
vn -0.7783 0.2538 -0.5743
vn -0.7194 0.4429 -0.5350
vn -0.2093 0.0697 -0.9753
vn -0.2412 0.4809 -0.8429
vn -0.3094 0.2669 -0.9127
vn 0.0010 -1.0000 -0.0009
vn 0.6035 -0.7960 -0.0456
vn 0.6572 -0.7524 -0.0450
vn -0.6285 -0.7703 -0.1074
vn -0.6093 -0.7879 -0.0888
vn -0.1281 -0.2304 -0.9646
vn 0.7287 -0.3308 -0.5996
vn -0.8070 0.0885 -0.5838
vn -0.0228 -0.1194 -0.9926
vn -0.0064 0.0027 -1.0000
vn -0.7860 0.0648 -0.6148
vn -0.7902 0.1626 -0.5909
vn 0.8032 -0.2308 -0.5491
vn 0.7650 -0.1113 -0.6343
vn -0.9748 0.2225 0.0169
vn -0.9738 0.2270 0.0139
vn -0.9980 0.0564 0.0281
vn 0.9765 -0.2147 0.0149
vn 0.9767 -0.2146 0.0002
vn 0.9832 -0.1820 0.0155
vn 0.0023 -1.0000 0.0001
vn -0.0004 -0.8121 -0.5835
vn 0.5569 -0.7162 -0.4205
vn 0.6479 -0.7534 -0.1122
vn -0.6504 -0.7465 -0.1398
vn -0.5632 -0.7137 -0.4164
vn -0.9783 0.0212 -0.2058
vn -0.9263 0.3380 -0.1662
vn -0.7392 0.2983 -0.6038
vn -0.7104 -0.0643 -0.7008
vn -0.9917 0.0671 -0.1097
vn -0.7429 0.6545 0.1402
vn -0.0090 -0.1218 -0.9925
vn -0.0129 0.2212 -0.9751
vn 0.7501 0.1328 -0.6478
vn 0.6842 -0.1081 -0.7212
vn 0.9852 -0.0402 -0.1664
vn 0.9775 0.1796 -0.1104
vn 0.7636 0.5962 0.2478
vn 0.9995 0.0132 -0.0303
vn 0.9904 -0.1368 -0.0192
vn 0.9996 0.0270 0.0016
vn 0.7520 -0.1780 0.6346
vn 0.7303 -0.2286 0.6437
vn 0.8038 -0.1068 -0.5853
vn 0.8114 0.2398 -0.5331
vn 0.9982 0.0526 -0.0281
vn 0.7870 -0.0285 -0.6162
vn 0.7830 0.2748 0.5579
vn 0.0299 -0.0972 -0.9948
vn 0.0315 0.3345 -0.9418
vn -0.7624 -0.0987 -0.6395
vn -0.7573 0.3078 -0.5759
vn 0.0329 -0.0103 -0.9994
vn -0.7526 0.1007 -0.6507
vn -0.9883 -0.1291 -0.0810
vn -0.9901 0.1314 -0.0502
vn -0.7723 -0.2186 0.5964
vn -0.7920 -0.0951 0.6030
vn -0.9772 0.1812 -0.1102
vn -0.8313 0.3377 0.4415
vn -0.0314 -0.2634 0.9642
vn -0.0519 -0.2706 0.9613
vn -0.0292 0.4036 0.9144
vn -0.0170 0.8707 0.4916
vn -0.0088 0.8863 0.4630
vn -0.5620 0.7941 0.2314
vn 0.5846 0.7689 0.2589
vn 0.9693 0.2411 0.0472
vn -0.9413 0.3256 0.0895
vn -0.0531 -0.2570 0.9649
vn -0.7716 -0.2259 0.5946
vn 0.7207 -0.2531 0.6453
vn -0.1045 -0.2908 0.9510
vn 0.6568 -0.2539 0.7100
vn -0.7657 -0.0686 0.6394
vn -0.9834 -0.1812 0.0097
vn -0.7523 -0.1894 -0.6310
vn -0.9749 0.2199 0.0347
vn -0.7039 0.4434 -0.5548
vn -0.0006 -0.1817 -0.9833
vn 0.7434 -0.1863 -0.6423
vn 0.1022 0.5658 -0.8182
vn 0.8381 0.3323 -0.4325
vn 0.9807 -0.1952 0.0063
vn 0.9925 0.0300 0.1185
vn -0.7945 -0.1843 0.5786
vn -0.8006 0.0725 0.5948
vn -0.0374 0.0038 0.9993
vn -0.0668 -0.2380 0.9689
vn 0.9970 -0.0741 0.0226
vn 0.7938 -0.0588 0.6053
vn 0.7504 -0.0744 0.6568
vn 0.9989 -0.0204 0.0420
vn 0.6888 -0.2541 0.6789
vn 0.9918 -0.0465 0.1191
vn -0.9887 -0.1475 0.0244
vn -0.9982 0.0482 0.0361
vn 0.8567 0.0725 -0.5106
vn -0.7685 -0.1565 -0.6204
vn -0.0092 -0.2409 -0.9705
vn -0.7804 0.1755 -0.6001
vn -0.9883 0.1440 0.0503
vn -0.9939 0.1091 0.0169
vn -0.7808 0.0408 0.6234
vn -0.7896 -0.1143 0.6028
vn -0.0655 -0.0577 0.9962
vn -0.1004 -0.3038 0.9474
vn 0.7496 -0.2210 0.6238
vn 0.9842 -0.1751 0.0253
vn 0.7504 -0.2235 -0.6220
vn 0.3917 0.9200 -0.0111
vn 0.0416 0.9991 0.0001
vn 0.0540 0.7709 0.6346
vn 0.3987 0.7321 0.5523
vn 0.4962 0.6494 -0.5762
vn 0.0690 0.7286 -0.6814
vn 0.3504 0.1804 0.9190
vn 0.0684 0.1928 0.9788
vn 0.0651 -0.6089 0.7905
vn 0.4307 -0.5555 0.7113
vn 0.4187 -0.9079 0.0184
vn 0.0407 -0.9991 0.0151
vn 0.0790 -0.6734 -0.7350
vn 0.5129 -0.5795 -0.6334
vn 0.5282 0.0663 -0.8465
vn 0.0937 0.0709 -0.9930
vn 0.1522 -0.6208 -0.7690
vn 0.0973 0.0981 -0.9904
vn 0.1517 0.7225 -0.6745
vn 0.0359 -0.5902 0.8064
vn 0.1807 -0.9832 0.0246
vn -0.1020 0.2321 0.9673
vn 0.0553 0.8115 0.5816
vn -0.0102 0.2241 0.9745
vn 0.1779 0.9833 -0.0369
vn -0.2136 0.0821 -0.9734
vn -0.2087 0.7165 -0.6657
vn 0.1250 0.6937 -0.7093
vn 0.1380 0.0765 -0.9875
vn 0.1037 -0.6718 -0.7334
vn -0.2176 -0.6705 -0.7093
vn -0.1981 -0.9800 0.0155
vn 0.0744 -0.9966 0.0340
vn 0.0796 -0.5949 0.7998
vn -0.2446 -0.6032 0.7592
vn -0.2114 0.2233 0.9515
vn 0.1123 0.2242 0.9680
vn 0.0761 0.7577 0.6482
vn -0.1996 0.7801 0.5929
vn -0.1958 0.9804 -0.0191
vn 0.1093 0.9940 -0.0050
vn 0.7451 -0.1912 0.6389
vn -0.0340 -0.2049 0.9782
vn -0.7831 -0.1975 0.5896
vn -0.9817 -0.1791 -0.0639
vn -0.7579 -0.2249 -0.6123
vn 0.0164 -0.2593 -0.9656
vn 0.7781 -0.2089 -0.5923
vn 0.9868 -0.1616 -0.0056
vn -0.2112 0.9771 -0.0241
vn -0.2130 0.7458 -0.6312
vn -0.1829 0.8085 0.5593
vn -0.2066 0.2294 0.9511
vn -0.2129 -0.6057 0.7667
vn -0.2004 -0.9796 0.0114
vn -0.2068 -0.6670 -0.7157
vn -0.2047 0.0972 -0.9740
vn -0.9269 -0.0749 0.3676
vn -0.9591 -0.1754 0.2221
vn -0.4957 -0.8270 -0.2653
vn -0.3738 -0.9257 0.0578
vn -0.8004 0.2904 0.5243
vn -0.6635 -0.0025 0.7481
vn -0.5206 0.7400 0.4257
vn -0.3874 0.4013 0.8300
vn -0.4857 0.3375 0.8063
vn 0.2468 -0.8518 0.4621
vn 0.2627 -0.9199 -0.2909
vn -0.8585 -0.3262 0.3956
vn -0.6428 -0.7480 -0.1650
vn 0.1579 -0.9244 -0.3470
vn -0.3104 0.6042 0.7338
vn -0.9864 0.0298 0.1613
vn -0.9839 0.0768 -0.1613
vn -0.8925 -0.3554 -0.2778
vn -0.8929 -0.4474 0.0505
vn -0.0902 -0.9812 -0.1708
vn -0.3098 0.9460 0.0948
vn -0.3454 0.7055 0.6188
vn -0.9713 -0.2061 -0.1182
vn -0.8430 -0.3247 0.4288
vn -0.2334 -0.8663 0.4415
vn -0.5973 -0.2733 0.7540
vn -0.8703 0.0090 0.4923
vn -0.4985 0.2648 0.8254
vn -0.8094 0.4692 -0.3532
vn -0.9201 0.3592 0.1558
vn -0.5853 -0.7473 0.3146
vn -0.4242 -0.6732 0.6057
vn -0.3158 0.9264 -0.2050
vn -0.8004 -0.5985 -0.0325
vn -0.6723 0.7189 -0.1764
vn -0.6342 0.5330 -0.5600
vn -0.8431 0.2854 -0.4558
vn -0.8946 0.4247 -0.1390
vn -0.3188 0.6970 -0.6422
vn -0.8475 0.3131 -0.4284
vn -0.7009 -0.4725 0.5342
vn -0.6313 0.3675 0.6829
vn -0.7796 0.1382 0.6108
vn -0.4002 0.5289 0.7483
vn -0.5526 -0.1441 0.8209
vn 0.1915 0.6616 0.7250
vn -0.2976 0.6213 0.7248
vn 0.0067 -0.9693 0.2458
vn 0.0128 -0.9808 0.1946
vn 0.6070 -0.5532 0.5705
vn -0.6574 -0.5542 0.5106
vn 0.4830 -0.4951 0.7222
vn -0.7407 -0.5166 0.4294
vn 0.7638 -0.4607 0.4520
vn -0.5139 -0.5683 0.6426
vn -0.0526 -0.6520 0.7564
vn -0.0432 0.7653 0.6423
vn 0.1091 -0.5845 0.8040
vn -0.1401 -0.4754 0.8685
vn -0.1435 0.7917 0.5938
vn 0.1022 0.7971 0.5951
vn 0.0701 0.1714 -0.9827
vn 0.1299 0.0476 -0.9904
vn 0.0993 0.6674 -0.7380
vn 0.0415 -0.6844 -0.7279
vn -0.0580 -0.9982 0.0132
vn 0.0405 -0.6017 0.7977
vn 0.0874 0.2159 0.9725
vn 0.0587 0.7286 0.6824
vn 0.0133 0.9999 0.0023
vn 0.5662 0.0801 -0.8203
vn 0.6517 -0.5374 -0.5351
vn 0.6237 0.6165 -0.4805
vn 0.6019 -0.7983 0.0200
vn 0.4718 -0.5354 0.7006
vn 0.3516 0.1940 0.9158
vn 0.4223 0.7347 0.5308
vn 0.5659 0.8238 -0.0333
vn -0.9572 -0.1788 0.2276
vn -0.2289 -0.5694 0.7895
vn 0.2346 -0.4404 0.8666
vn -0.6973 -0.5907 0.4058
vn -0.8867 -0.4615 -0.0275
vn -0.7117 -0.5385 -0.4511
vn -0.2803 -0.5630 -0.7774
vn -0.2734 0.1858 -0.9438
vn -0.5473 0.0822 -0.8329
vn -0.7537 -0.1275 -0.6446
vn -0.4845 -0.2525 -0.8375
vn -0.7996 -0.3805 -0.4646
vn -0.4952 -0.2240 -0.8394
vn -0.8710 -0.2412 -0.4279
vn -0.8893 0.0110 -0.4571
vn -0.1871 -0.0056 0.9823
vn -0.1813 -0.0096 0.9834
vn -0.1919 0.0411 0.9805
vn -0.1698 0.0321 0.9849
vn -0.1644 0.0136 0.9863
vn -0.1726 0.0031 0.9850
vn -0.2236 -0.0022 0.9747
vn -0.2464 -0.0108 0.9691
vn -0.2103 0.0121 0.9775
vn -0.2380 0.0290 0.9708
vn -0.2618 0.0339 0.9645
vn -0.2550 -0.0192 0.9667
vn -0.9532 0.1490 0.2631
vn -0.9492 0.1236 0.2894
vn -0.8615 0.0057 0.5077
vn -0.8269 0.0146 0.5622
vn -0.6925 -0.1097 0.7130
vn -0.6145 -0.0915 0.7836
vn -0.9492 0.1793 -0.2587
vn -0.9459 0.1541 -0.2855
vn -0.9850 0.1724 0.0083
vn -0.9810 0.1933 0.0141
vn -0.7133 0.0296 -0.7002
vn -0.7618 0.0011 -0.6478
vn -0.8709 0.0726 -0.4861
vn -0.8564 0.0905 -0.5082
vn -0.4921 0.2389 -0.8371
vn -0.5404 0.2275 -0.8100
vn -0.7821 0.2557 -0.5683
vn -0.7526 0.3244 -0.5730
vn -0.6240 0.1338 -0.7699
vn -0.8249 0.1553 -0.5434
vn -0.9019 0.3724 -0.2187
vn -0.9338 0.2741 -0.2297
vn -0.9632 0.2687 0.0065
vn -0.9204 0.3906 0.0179
vn -0.9506 0.2102 -0.2283
vn -0.9774 0.2115 0.0031
vn -0.6897 0.3505 0.6336
vn -0.7466 0.2082 0.6318
vn -0.4267 0.1335 0.8945
vn -0.3786 0.2633 0.8873
vn -0.7877 0.0939 0.6088
vn -0.5069 0.0198 0.8618
vn -0.8842 0.3936 0.2515
vn -0.9383 0.2584 0.2299
vn -0.9555 0.1919 0.2238
vn -0.8405 0.4735 0.2632
vn -0.6131 0.4384 0.6572
vn -0.3619 0.3305 0.8716
vn -0.8873 0.4139 -0.2035
vn -0.8908 0.4533 0.0307
vn -0.4792 0.2305 -0.8469
vn -0.7152 0.3240 -0.6193
vn -0.3524 0.4147 0.8389
vn -0.4530 0.8767 0.1616
vn -0.7155 0.6894 0.1134
vn -0.0455 0.9984 -0.0342
vn 0.3152 0.7902 0.5255
vn 0.1234 0.7699 -0.6261
vn -0.1909 0.9812 -0.0264
vn -0.0686 0.8643 -0.4982
vn -0.2355 0.9285 0.2869
vn -0.2785 0.9603 0.0169
vn -0.3220 0.9467 0.0089
vn 0.7115 0.0750 0.6987
vn 0.3566 -0.7586 0.5453
vn -0.2669 -0.9637 -0.0072
vn -0.0346 -0.7707 -0.6362
vn 0.2423 0.0564 -0.9685
vn -0.0570 -0.7436 -0.6661
vn -0.2508 -0.9680 0.0008
vn -0.1695 -0.9833 -0.0660
vn -0.6587 0.7523 0.0121
vn 0.3828 0.6744 0.6314
vn -0.4440 -0.8902 0.1018
vn -0.5700 -0.6599 -0.4895
vn -0.8611 0.0244 -0.5078
vn -0.9101 0.1178 0.3972
vn -0.0652 0.9964 0.0531
vn -0.1907 -0.9799 0.0584
vn -0.0476 -0.8249 0.5632
vn 0.0714 0.1732 -0.9823
vn -0.0945 0.9955 0.0017
vn -0.0519 -0.8422 -0.5367
vn -0.0417 0.1928 -0.9803
vn -0.1840 -0.9826 0.0235
vn -0.0463 0.1867 0.9813
vn -0.1208 0.9885 0.0910
vn -0.6176 -0.6591 -0.4291
vn -0.6914 -0.7112 -0.1268
vn -0.9993 -0.0354 0.0061
vn -0.8915 0.0622 -0.4487
vn 0.7176 -0.0360 0.6955
vn 0.4513 -0.8448 0.2873
vn 0.3490 -0.8565 0.3801
vn 0.0877 -0.8259 0.5569
vn -0.6222 -0.3337 0.7081
vn -0.7450 0.6154 0.2575
vn 0.1879 -0.1810 0.9654
vn 0.0287 0.5110 0.8591
vn 0.2796 0.5937 0.7545
vn 0.5708 -0.0996 0.8150
vn -0.7129 0.6955 -0.0893
vn -0.0744 0.9956 0.0566
vn -0.5301 0.8451 0.0688
vn -0.3713 0.2596 0.8914
vn -0.0012 0.3764 0.9264
vn -0.2300 -0.6662 0.7093
vn -0.0182 -0.7468 0.6648
vn -0.0699 0.4371 -0.8967
vn -0.5181 0.2152 -0.8278
vn -0.2518 -0.6766 -0.6919
vn -0.0622 -0.6999 -0.7114
vn -0.0935 0.3490 -0.9324
vn -0.0847 -0.6951 -0.7139
vn -0.0600 -0.9961 0.0641
vn -0.1096 -0.9930 0.0438
vn -0.2264 -0.6398 -0.7344
vn -0.0822 -0.6443 -0.7603
vn -0.0877 0.4965 0.8636
vn -0.5458 0.2012 0.8133
vn -0.2288 -0.6145 0.7550
vn -0.0869 -0.5855 0.8060
vn -0.0857 0.5803 -0.8099
vn -0.5596 0.3105 -0.7684
vn -0.6345 0.7692 0.0762
vn -0.0898 0.9906 0.1032
vn -0.0439 0.9988 -0.0192
vn -0.4245 0.9048 -0.0331
vn -0.4841 0.0748 0.8718
vn -0.0697 0.3504 0.9340
vn -0.0206 0.2650 -0.9640
vn -0.3711 0.1501 -0.9163
vn -0.2223 -0.7790 0.5862
vn -0.0722 -0.7636 0.6416
vn -0.0448 -0.8237 -0.5653
vn -0.2342 -0.7903 -0.5662
vn -0.1308 -0.6514 -0.7473
vn -0.0830 -0.6456 -0.7591
vn -0.0930 0.5191 -0.8496
vn -0.1052 0.4977 -0.8609
vn -0.0948 0.9912 0.0920
vn -0.0788 0.9910 0.1080
vn -0.0594 0.4506 0.8907
vn -0.0910 0.4239 0.9011
vn -0.1260 -0.5675 0.8137
vn -0.0587 -0.5556 0.8293
vn -0.0446 -0.9955 0.0829
vn -0.0858 -0.9944 0.0610
vn -0.0806 -0.7418 0.6658
vn -0.0383 -0.8570 -0.5138
vn -0.0319 0.1938 -0.9805
vn -0.0957 0.3276 0.9399
vn -0.0827 0.9963 -0.0234
vn -0.0934 0.3554 -0.9300
vn -0.0810 -0.6860 -0.7230
vn -0.0198 -0.8137 0.5810
vn -0.0779 0.9963 0.0366
vn -0.0195 0.2324 0.9724
vn -0.0650 -0.7380 0.6716
vn -0.0732 -0.7573 0.6489
vn -0.0327 -0.8336 -0.5514
vn -0.0318 -0.8444 -0.5347
vn -0.0306 0.2416 -0.9699
vn -0.0298 0.2105 -0.9771
vn -0.0919 0.3333 0.9383
vn -0.0860 0.3562 0.9304
vn -0.0728 0.9968 -0.0319
vn -0.0749 0.9971 -0.0075
vn -0.0764 -0.6439 -0.7612
vn -0.0848 0.5529 -0.8289
vn -0.0770 0.9908 0.1113
vn -0.0710 0.4754 0.8769
vn -0.0674 -0.5650 0.8223
vn -0.0448 -0.9960 0.0770
vn -0.0353 -0.7689 0.6383
vn -0.0822 -0.6938 -0.7154
vn -0.0934 0.3847 -0.9183
vn -0.0786 0.9954 0.0548
vn -0.0202 0.3153 0.9487
vn -0.0822 0.9957 0.0424
vn -0.0193 0.2765 0.9608
vn -0.0376 -0.7912 0.6103
vn -0.9633 -0.2527 0.0899
vn -0.8613 -0.5080 0.0099
vn -0.9859 -0.1625 -0.0403
vn 0.0000 -0.1311 -0.9913
vn 0.0000 0.9490 -0.3153
vn 0.5389 -0.0540 -0.8406
vn 0.8874 0.1516 -0.4352
vn 0.9069 0.4120 0.0882
vn 0.5704 0.6269 0.5307
vn 0.0000 0.7099 0.7043
vn -0.5704 0.6269 0.5307
vn -0.9069 0.4120 0.0882
vn -0.8874 0.1516 -0.4352
vn -0.5389 -0.0540 -0.8406
vn -0.5176 -0.8418 0.1531
vn -0.5777 -0.8080 -0.1154
vn 0.0000 -0.9821 -0.1885
vn 0.0000 -0.9953 0.0964
vn -0.8491 -0.4338 0.3015
vn -0.9330 -0.3521 0.0744
vn -0.8696 0.0897 0.4856
vn -0.9289 0.2100 0.3050
vn -0.5520 0.5387 0.6364
vn -0.5709 0.6608 0.4872
vn 0.0000 0.7191 0.6949
vn 0.0000 0.8314 0.5556
vn 0.5520 0.5387 0.6364
vn 0.5709 0.6608 0.4872
vn 0.8696 0.0897 0.4856
vn 0.9289 0.2100 0.3050
vn 0.8491 -0.4338 0.3015
vn 0.9330 -0.3521 0.0744
vn 0.5176 -0.8418 0.1531
vn 0.5777 -0.8080 -0.1154
vn -0.5849 -0.6832 -0.4373
vn -0.5590 -0.5094 -0.6543
vn 0.0000 -0.6566 -0.7542
vn 0.0000 -0.8585 -0.5128
vn -0.9443 -0.2211 -0.2438
vn -0.9124 -0.1126 -0.3936
vn -0.9363 0.3508 -0.0170
vn -0.9140 0.3974 -0.0814
vn -0.5711 0.8067 0.1518
vn -0.5583 0.8159 0.1502
vn 0.0000 0.9773 0.2117
vn 0.0000 0.9732 0.2299
vn 0.5711 0.8067 0.1518
vn 0.5583 0.8159 0.1502
vn 0.9363 0.3508 -0.0170
vn 0.9140 0.3974 -0.0814
vn 0.9443 -0.2211 -0.2438
vn 0.9124 -0.1126 -0.3936
vn 0.5849 -0.6832 -0.4373
vn 0.5590 -0.5094 -0.6543
vn -0.5658 -0.3356 -0.7532
vn 0.0000 -0.4530 -0.8915
vn -0.9207 -0.0213 -0.3895
vn -0.9234 0.3797 0.0562
vn -0.5701 0.7138 0.4067
vn 0.0000 0.8438 0.5366
vn 0.5701 0.7138 0.4067
vn 0.9234 0.3797 0.0562
vn 0.9207 -0.0213 -0.3895
vn 0.5658 -0.3356 -0.7532
vn 0.0000 -0.9503 0.3114
vn 0.4839 -0.8041 0.3452
vn 0.8057 -0.4032 0.4339
vn 0.8306 0.1275 0.5420
vn 0.5226 0.5795 0.6253
vn 0.0000 0.7552 0.6554
vn -0.5226 0.5795 0.6253
vn -0.8306 0.1275 0.5420
vn -0.8057 -0.4032 0.4339
vn -0.4839 -0.8041 0.3452
vn -0.0059 0.2143 -0.9767
vn 0.0936 0.9956 0.0000
vn 0.4371 0.2809 -0.8544
vn 0.8354 0.3984 -0.3786
vn 0.8354 0.3984 0.3785
vn 0.4371 0.2809 0.8544
vn -0.0059 0.2143 0.9767
vn -0.4616 0.2098 0.8619
vn -0.8915 0.2456 0.3806
vn -0.8915 0.2456 -0.3806
vn -0.4616 0.2098 -0.8619
vn -0.4306 0.4679 -0.7718
vn -0.4645 -0.1128 -0.8783
vn -0.0400 -0.1303 -0.9906
vn 0.0000 0.4249 -0.9052
vn -0.7718 0.5526 -0.3144
vn -0.9046 -0.1069 -0.4126
vn -0.7718 0.5526 0.3144
vn -0.9046 -0.1069 0.4126
vn -0.4306 0.4679 0.7718
vn -0.4645 -0.1128 0.8783
vn 0.0000 0.4249 0.9052
vn -0.0400 -0.1303 0.9906
vn 0.4306 0.4679 0.7718
vn 0.3883 -0.1633 0.9069
vn 0.7718 0.5526 0.3144
vn 0.8660 -0.2189 0.4495
vn 0.7718 0.5526 -0.3144
vn 0.8660 -0.2189 -0.4495
vn 0.4306 0.4679 -0.7718
vn 0.3883 -0.1633 -0.9069
vn -0.4468 -0.4851 -0.7516
vn -0.4940 0.0167 -0.8693
vn -0.0167 -0.0278 -0.9995
vn -0.0490 -0.4693 -0.8816
vn -0.7803 -0.5369 -0.3207
vn -0.9251 0.0591 -0.3751
vn -0.7803 -0.5369 0.3207
vn -0.9251 0.0591 0.3751
vn -0.4468 -0.4851 0.7516
vn -0.4940 0.0167 0.8693
vn -0.0490 -0.4693 0.8816
vn -0.0167 -0.0278 0.9995
vn 0.3558 -0.5282 0.7710
vn 0.4637 -0.0763 0.8827
vn 0.7104 -0.6186 0.3354
vn 0.9124 -0.1255 0.3894
vn 0.7104 -0.6186 -0.3354
vn 0.9124 -0.1255 -0.3894
vn 0.3558 -0.5282 -0.7710
vn 0.4637 -0.0763 -0.8827
vn -0.3895 0.4334 -0.8126
vn -0.4154 0.3363 -0.8452
vn 0.0193 0.2966 -0.9548
vn 0.0313 0.3026 -0.9526
vn -0.7358 0.5817 -0.3468
vn -0.8091 0.4509 -0.3768
vn -0.7358 0.5817 0.3468
vn -0.8091 0.4509 0.3768
vn -0.3895 0.4334 0.8126
vn -0.4154 0.3363 0.8452
vn 0.0313 0.3026 0.9526
vn 0.0193 0.2966 0.9548
vn 0.4770 0.2470 0.8434
vn 0.4537 0.3438 0.8221
vn 0.8947 0.2456 0.3730
vn 0.8336 0.4254 0.3524
vn 0.8947 0.2456 -0.3730
vn 0.8336 0.4254 -0.3524
vn 0.4770 0.2470 -0.8434
vn 0.4537 0.3438 -0.8221
vn 0.0031 0.5354 0.8446
vn 0.0023 -0.2957 0.9553
vn 0.8432 -0.2552 0.4732
vn 0.6396 0.5520 0.5349
vn 0.0025 -0.4917 0.8707
vn 0.6536 -0.6772 0.3379
vn -0.6413 0.5484 0.5366
vn -0.8399 -0.2630 0.4747
vn -0.6485 -0.6820 0.3381
vn -0.0015 0.8730 -0.4877
vn 0.4270 0.6724 -0.6045
vn 0.6358 -0.0214 -0.7715
vn -0.0023 0.2957 -0.9553
vn 0.0032 -0.9160 0.4012
vn 0.3500 -0.3147 -0.8823
vn -0.0025 0.4917 -0.8707
vn -0.6355 -0.0293 -0.7715
vn -0.4347 0.6695 -0.6023
vn -0.3484 -0.3166 -0.8822
vn 0.0020 -0.6380 -0.7700
vn -0.0031 0.5354 0.8446
vn -0.6396 0.5520 0.5349
vn -0.8432 -0.2552 0.4732
vn -0.0023 -0.2957 0.9553
vn -0.6536 -0.6772 0.3379
vn -0.0025 -0.4917 0.8707
vn 0.8399 -0.2630 0.4747
vn 0.6413 0.5484 0.5366
vn 0.6485 -0.6820 0.3381
vn 0.0015 0.8730 -0.4877
vn 0.0023 0.2957 -0.9553
vn -0.6358 -0.0214 -0.7715
vn -0.4270 0.6724 -0.6045
vn -0.0032 -0.9160 0.4012
vn 0.0025 0.4917 -0.8707
vn -0.3500 -0.3147 -0.8823
vn 0.4347 0.6695 -0.6023
vn 0.6355 -0.0293 -0.7715
vn 0.3484 -0.3166 -0.8822
vn -0.0020 -0.6380 -0.7700
vn 0.3005 -0.8104 0.5029
vn 0.6321 -0.4594 -0.6239
vn 0.9395 -0.1188 -0.3213
vn 0.4711 -0.4209 0.7751
vn -0.2387 -0.3881 0.8901
vn 0.5921 -0.1638 0.7890
vn 0.3884 0.4198 -0.8203
vn 0.8553 0.3731 -0.3596
vn 0.2764 0.8916 -0.3586
vn 0.0777 0.4557 0.8867
vn 0.3655 0.1937 0.9104
vn 0.6366 0.7690 -0.0577
vn 0.2633 0.4471 -0.8549
vn -0.2973 0.9404 -0.1651
vn -0.0901 -0.4048 0.9099
vn -0.2393 0.4160 0.8773
vn 0.2176 -0.5275 -0.8212
vn -0.0289 -0.9195 0.3919
vn -0.3005 -0.8104 0.5029
vn -0.4711 -0.4209 0.7751
vn -0.9395 -0.1188 -0.3213
vn -0.6321 -0.4594 -0.6239
vn 0.2387 -0.3881 0.8901
vn -0.5921 -0.1638 0.7890
vn -0.8553 0.3731 -0.3596
vn -0.3884 0.4198 -0.8203
vn -0.2764 0.8916 -0.3586
vn -0.6366 0.7690 -0.0577
vn -0.3655 0.1937 0.9104
vn -0.0777 0.4557 0.8867
vn 0.2973 0.9404 -0.1651
vn -0.2633 0.4471 -0.8549
vn 0.2393 0.4160 0.8773
vn 0.0901 -0.4048 0.9099
vn -0.2176 -0.5275 -0.8212
vn 0.0289 -0.9195 0.3919
usemtl Dog
s 1
f 330/1/1 26/2/2 926/3/3 959/4/4
f 1/5/5 920/6/6 921/7/7 14/8/8
f 1/5/5 14/8/8 40/9/9 23/10/10
f 330/1/1 334/11/11 44/12/12 26/2/2
f 331/13/13 25/14/14 44/12/12 334/11/11
f 2/15/15 23/10/10 40/9/9 15/16/16
f 2/15/15 15/16/16 39/17/17 22/18/18
f 331/13/13 333/19/19 43/20/20 25/14/14
f 3/21/21 32/22/22 40/9/9 17/23/23
f 3/21/21 17/23/23 42/24/24 31/25/25
f 3/26/21 31/27/25 47/28/26 28/29/27
f 3/26/21 28/29/27 45/30/28 32/31/22
f 332/32/29 24/33/30 43/20/20 333/19/19
f 4/34/31 22/18/18 39/17/17 16/35/32
f 4/34/31 16/35/32 336/36/33 337/37/34
f 332/32/29 957/38/35 925/39/36 24/33/30
f 915/40/37 916/41/38 70/42/39 67/43/40
f 5/44/41 17/23/23 40/9/9 14/8/8
f 5/44/41 14/8/8 921/7/7 917/45/42
f 5/44/41 917/45/42 923/46/43 18/47/44
f 5/44/41 18/47/44 42/24/24 17/23/23
f 6/48/45 335/49/46 336/36/33 16/35/32
f 6/48/45 16/35/32 39/17/17 21/50/47
f 6/48/45 21/50/47 41/51/48 20/52/49
f 6/48/45 20/52/49 335/49/46
f 305/53/50 308/54/51 47/28/26 29/55/52
f 305/53/50 29/55/52 48/56/53 311/57/54
f 8/58/55 33/59/56 39/17/17 15/16/16
f 8/58/55 15/16/16 40/9/9 32/22/22
f 8/60/55 32/31/22 45/30/28 27/61/57
f 8/60/55 27/61/57 46/62/58 33/63/56
f 9/64/59 34/65/60 41/51/48 21/50/47
f 9/64/59 21/50/47 39/17/17 33/59/56
f 9/66/59 33/63/56 46/62/58 30/67/61
f 9/68/59 30/69/61 48/56/53 34/70/60
f 10/71/62 31/25/25 19/72/63
f 10/73/62 19/74/63 34/65/60
f 10/75/62 34/70/60 48/56/53 29/55/52
f 10/75/62 29/55/52 47/28/26 31/27/25
f 309/76/64 311/57/54 48/56/53 30/69/61
f 309/77/64 30/67/61 46/62/58 312/78/65
f 306/79/66 312/78/65 46/62/58 27/61/57
f 306/79/66 27/61/57 45/30/28 310/80/67
f 307/81/68 310/80/67 45/30/28 28/29/27
f 307/81/68 28/29/27 47/28/26 308/54/51
f 323/82/69 52/83/70 56/84/71 324/85/72
f 323/82/69 328/86/73 54/87/74 52/83/70
f 322/88/75 51/89/76 55/90/77 327/91/78
f 322/88/75 324/85/72 56/84/71 51/89/76
f 325/92/79 50/93/80 53/94/81 326/95/82
f 325/96/79 327/91/78 55/90/77 50/97/80
f 321/98/83 49/99/84 54/87/74 328/86/73
f 321/98/83 326/95/82 53/94/81 49/99/84
f 7/100/85 35/101/86 58/102/87
f 7/100/85 58/102/87 57/103/88 36/104/89
f 12/105/90 38/106/91 61/107/92 59/108/93
f 12/105/90 59/108/93 37/109/94
f 13/110/95 36/104/89 57/103/88 60/111/96
f 13/110/95 60/111/96 61/107/92 38/106/91
f 13/110/95 64/112/97 65/113/98 36/104/89
f 13/110/95 38/106/91 66/114/99 64/112/97
f 12/105/90 63/115/100 66/114/99 38/106/91
f 12/105/90 37/109/94 63/115/100
f 7/100/85 62/116/101 35/101/86
f 7/100/85 36/104/89 65/113/98 62/116/101
f 68/117/102 928/118/103 927/119/104 71/120/105
f 69/121/106 19/122/63 72/123/107 70/42/39
f 929/124/108 69/121/106 70/42/39 916/41/38
f 68/125/102 257/126/109 42/24/24 18/47/44
f 928/127/103 68/125/102 18/47/44 923/46/43
f 69/128/106 929/129/108 924/130/110 20/52/49
f 19/74/63 69/128/106 20/52/49 41/51/48
f 73/131/111 102/132/112 937/133/113 934/134/114
f 73/131/111 934/134/114 935/135/115 95/136/116
f 141/137/117 98/138/118 95/136/116
f 73/131/111 98/138/118 143/139/119 102/132/112
f 74/140/120 932/141/121 937/133/113 102/132/112
f 74/140/120 102/132/112 143/139/119 99/142/122
f 74/140/120 99/142/122 142/143/123 101/144/124
f 74/140/120 101/144/124 938/145/125 932/141/121
f 297/146/126 302/147/127 140/148/128 100/149/129
f 297/146/126 100/149/129 142/143/123 301/150/130
f 75/151/131 112/152/132 148/153/133 110/154/134
f 75/151/131 110/154/134 149/155/135 113/156/136
f 76/157/137 101/144/124 142/143/123 100/149/129
f 76/157/137 100/149/129 140/148/128 96/158/138
f 76/157/137 96/158/138 936/159/139 933/160/140
f 76/157/137 933/160/140 938/145/125 101/144/124
f 405/161/141 96/162/138 140/163/128 408/164/142
f 77/165/143 97/166/144 144/167/145 105/168/146
f 77/165/143 105/168/146 939/169/147 930/170/148
f 405/161/141 1046/171/149 936/172/139 96/162/138
f 406/173/150 104/174/151 141/175/117 409/176/152
f 78/177/153 103/178/154 145/179/155 106/180/156
f 78/177/153 106/180/156 144/167/145 97/166/144
f 406/173/150 408/164/142 140/163/128 104/174/151
f 407/181/157 95/182/116 935/183/115 1048/184/158
f 79/185/159 931/186/160 940/187/161 107/188/162
f 79/185/159 107/188/162 145/179/155 103/178/154
f 407/181/157 409/176/152 141/175/117 95/182/116
f 80/189/163 130/190/164 152/191/165 118/192/166
f 80/189/163 118/192/166 153/193/167 129/194/168
f 298/195/169 304/196/170 143/139/119 98/138/118
f 298/195/169 98/138/118 141/137/117 303/197/171
f 81/198/172 114/199/173 146/200/174 108/201/175
f 81/202/172 108/203/175 147/204/176 115/205/177
f 299/206/178 303/197/171 141/137/117 104/207/151
f 299/208/178 104/209/151 140/148/128 302/147/127
f 82/210/179 113/156/136 149/155/135 111/211/180
f 82/210/179 111/211/180 146/200/174 114/199/173
f 300/212/181 301/150/130 142/143/123 99/142/122
f 300/212/181 99/142/122 143/139/119 304/196/170
f 83/213/182 115/205/177 147/204/176 109/214/183
f 83/213/182 109/214/183 148/153/133 112/152/132
f 84/215/184 117/216/185 151/217/186 116/218/187
f 84/215/184 116/218/187 150/219/188 119/220/189
f 84/215/184 119/220/189 153/193/167 118/192/166
f 84/215/184 118/192/166 152/191/165 117/216/185
f 85/221/190 123/222/191 156/223/192 127/224/193
f 85/221/190 127/224/193 155/225/194 122/226/195
f 85/221/190 122/226/195 153/227/167 119/228/189
f 85/221/190 119/228/189 150/229/188 123/222/191
f 86/230/196 124/231/197 157/232/198 126/233/199
f 86/234/196 126/235/199 156/223/192 123/222/191
f 86/234/196 123/222/191 150/229/188 116/236/187
f 86/230/196 116/237/187 151/238/186 124/231/197
f 87/239/200 120/240/201 154/241/202 125/242/203
f 87/239/200 125/242/203 157/232/198 124/231/197
f 87/239/200 124/231/197 151/238/186 117/243/185
f 87/239/200 117/243/185 152/244/165 120/240/201
f 220/245/204 227/246/205 161/247/206 139/248/207
f 220/245/204 139/248/207 160/249/208 226/250/209
f 88/251/210 135/252/211 157/232/198 125/242/203
f 88/251/210 125/242/203 154/241/202 121/253/212
f 221/254/213 226/250/209 160/249/208 138/255/214
f 221/256/213 138/257/214 159/258/215 225/259/216
f 89/260/217 134/261/218 156/223/192 126/235/199
f 89/262/217 126/233/199 157/232/198 135/252/211
f 222/263/219 225/259/216 159/258/215 137/264/220
f 222/263/219 137/264/220 158/265/221 224/266/222
f 90/267/223 133/268/224 155/225/194 127/224/193
f 90/267/223 127/224/193 156/223/192 134/261/218
f 223/269/225 224/266/222 158/265/221 136/270/226
f 223/269/225 136/270/226 161/247/206 227/246/205
f 91/271/227 121/253/212 154/241/202 128/272/228
f 91/271/227 128/272/228 155/225/194 133/268/224
f 92/273/229 132/274/230 155/225/194 128/272/228
f 92/273/229 128/272/228 154/241/202 131/275/231
f 93/276/232 131/275/231 154/241/202 120/240/201
f 93/276/232 120/240/201 152/244/165 130/277/164
f 94/278/233 129/279/168 153/227/167 122/226/195
f 94/278/233 122/226/195 155/225/194 132/274/230
f 180/280/234 184/281/235 149/155/135 110/154/134
f 180/280/234 110/154/134 148/153/133 187/282/236
f 281/283/237 284/284/238 161/247/206 136/270/226
f 281/283/237 136/270/226 158/265/221 285/285/239
f 181/286/240 185/287/241 146/200/174 111/211/180
f 181/286/240 111/211/180 149/155/135 184/281/235
f 282/288/242 285/285/239 158/265/221 137/264/220
f 282/288/242 137/264/220 159/258/215 288/289/243
f 182/290/244 186/291/245 147/204/176 108/203/175
f 182/292/244 108/201/175 146/200/174 185/287/241
f 287/293/246 288/289/243 159/258/215 138/257/214
f 287/294/246 138/255/214 160/249/208 286/295/247
f 183/296/248 187/282/236 148/153/133 109/214/183
f 183/296/248 109/214/183 147/204/176 186/291/245
f 283/297/249 286/295/247 160/249/208 139/248/207
f 283/297/249 139/248/207 161/247/206 284/284/238
f 289/298/250 290/299/251 162/300/252 174/301/253
f 169/302/254 170/303/255 178/304/256 177/305/257
f 170/303/255 171/306/258 179/307/259 178/304/256
f 289/298/250 174/301/253 165/308/260 291/309/261
f 169/302/254 176/310/262 170/303/255
f 170/303/255 176/310/262 171/306/258
f 294/311/263 292/312/264 182/292/244 185/287/241
f 165/308/260 166/313/265 175/314/266
f 166/313/265 167/315/267 175/314/266
f 165/308/260 174/301/253 173/316/268 166/313/265
f 166/313/265 173/316/268 172/317/269 167/315/267
f 162/300/252 163/318/270 173/316/268 174/301/253
f 163/318/270 164/319/271 172/317/269 173/316/268
f 162/300/252 177/305/257 178/304/256 163/318/270
f 163/318/270 178/304/256 179/307/259 164/319/271
f 291/309/261 294/311/263 185/287/241 181/286/240
f 290/299/251 295/320/272 177/305/257 162/300/252
f 293/321/273 295/320/272 187/282/236 183/296/248
f 925/39/36 939/169/147 105/168/146 24/33/30
f 24/33/30 105/168/146 144/167/145 43/20/20
f 43/20/20 144/167/145 106/180/156 25/14/14
f 25/14/14 106/180/156 145/179/155 44/12/12
f 44/12/12 145/179/155 107/188/162 26/2/2
f 26/2/2 107/188/162 940/187/161 926/3/3
f 296/322/274 293/321/273 183/296/248 186/291/245
f 292/323/264 296/322/274 186/291/245 182/290/244
f 95/136/116 98/138/118 73/131/111
f 313/324/275 318/325/276 194/326/277 188/327/278
f 313/324/275 188/327/278 192/328/279 320/329/280
f 317/330/281 319/331/282 195/332/283 193/333/284
f 317/334/281 193/335/284 194/326/277 318/325/276
f 314/336/285 316/337/286 191/338/287 189/339/288
f 314/336/285 189/339/288 195/332/283 319/331/282
f 315/340/289 320/329/280 192/328/279 190/341/290
f 315/340/289 190/341/290 191/338/287 316/337/286
f 60/111/96 199/342/291 200/343/292 61/107/92
f 60/111/96 57/103/88 196/344/293 199/342/291
f 59/108/93 198/345/294 203/346/295 37/109/94
f 59/108/93 61/107/92 200/343/292 198/345/294
f 11/347/296 201/348/297 202/349/298 35/101/86
f 11/350/296 37/109/94 203/346/295 201/351/297
f 58/102/87 197/352/299 196/344/293 57/103/88
f 58/102/87 35/101/86 202/349/298 197/352/299
f 563/353/300 206/354/301 207/355/302 564/356/303
f 563/353/300 566/357/304 209/358/305 206/354/301
f 562/359/306 205/360/307 209/358/305 566/357/304
f 562/359/306 568/361/308 211/362/309 205/360/307
f 565/363/310 208/364/311 211/362/309 568/361/308
f 565/365/310 567/366/312 210/367/313 208/368/311
f 561/369/314 204/370/315 210/367/313 567/366/312
f 561/369/314 564/356/303 207/355/302 204/370/315
f 91/371/227 215/372/316 216/373/317 121/374/212
f 91/371/227 133/375/224 217/376/318 215/372/316
f 90/377/223 214/378/319 217/376/318 133/375/224
f 90/377/223 134/379/218 218/380/320 214/378/319
f 89/381/217 213/382/321 218/380/320 134/379/218
f 89/383/217 135/384/211 219/385/322 213/386/321
f 88/387/210 212/388/323 219/385/322 135/384/211
f 88/387/210 121/374/212 216/373/317 212/388/323
f 215/372/316 223/269/225 227/246/205 216/373/317
f 215/372/316 217/376/318 224/266/222 223/269/225
f 214/378/319 222/263/219 224/266/222 217/376/318
f 214/378/319 218/380/320 225/259/216 222/263/219
f 213/382/321 221/256/213 225/259/216 218/380/320
f 213/386/321 219/385/322 226/250/209 221/254/213
f 212/388/323 220/245/204 226/250/209 219/385/322
f 212/388/323 216/373/317 227/246/205 220/245/204
f 62/116/101 65/113/98 234/389/324 231/390/325
f 62/116/101 231/390/325 229/391/326 35/101/86
f 11/347/296 35/101/86 229/391/326 235/392/327
f 11/350/296 235/393/327 230/394/328 37/109/94
f 63/115/100 37/109/94 230/394/328 232/395/329
f 63/115/100 232/395/329 228/396/330 66/114/99
f 64/112/97 66/114/99 228/396/330 233/397/331
f 64/112/97 233/397/331 234/389/324 65/113/98
f 244/398/332 238/399/333 240/400/334 246/401/335
f 248/402/336 239/403/337 350/404/338 249/405/339
f 249/406/339 237/407/340 942/408/341 950/409/342
f 943/410/343 559/411/344 560/412/345 941/413/346
f 239/403/337 944/414/347 982/415/348 350/404/338
f 246/401/335 242/416/349 263/417/350
f 238/418/333 559/411/344 557/419/351 240/420/334
f 944/414/347 239/403/337 555/421/352 946/422/353
f 251/423/354 247/424/355 258/425/356 255/426/357
f 240/420/334 557/419/351 556/427/358 242/428/349
f 1053/429/359 552/430/360 554/431/361 948/432/362
f 411/433/363 410/434/364 247/435/355 251/436/354
f 236/437/365 245/438/366 949/439/367 560/440/345
f 238/399/333 244/398/332 245/441/366 236/442/365
f 248/402/336 244/398/332 246/401/335 250/443/368
f 239/403/337 248/402/336 259/444/369
f 416/445/370 411/433/363 251/436/354 414/446/371
f 242/428/349 556/427/358 558/447/372 252/448/373
f 245/438/366 249/406/339 950/409/342 949/439/367
f 244/398/332 248/402/336 249/405/339 245/441/366
f 915/40/37 558/447/372 951/449/374
f 948/450/362 554/451/361 550/452/375 952/453/376
f 247/454/355 242/428/349 254/455/377
f 253/456/378 418/457/379 417/458/380 260/459/381
f 952/453/376 550/452/375 551/460/382 953/461/383
f 19/72/63 42/24/24 257/126/109
f 256/462/384 72/463/107 19/464/63 257/465/109
f 257/465/109 68/117/102 71/120/105 256/462/384
f 250/443/368 246/401/335 263/417/350 262/466/385
f 258/425/356 247/424/355 254/467/377
f 259/444/369 250/443/368 413/468/386 241/469/387
f 241/469/387 239/403/337 259/444/369
f 946/422/353 555/421/352 549/470/388 848/471/389
f 413/468/386 250/443/368 262/466/385 415/472/390
f 254/455/377 242/428/349 252/448/373
f 263/417/350 242/416/349 410/434/364
f 131/275/231 266/473/391 92/273/229
f 132/274/230 92/273/229 265/474/392
f 130/190/164 80/189/163 267/475/393
f 129/194/168 268/476/394 80/189/163
f 267/475/393 80/189/163 268/476/394 277/477/395 278/478/396
f 268/476/394 129/194/168 279/479/397 280/480/398
f 267/475/393 275/481/399 276/482/400 130/190/164
f 269/483/401 277/484/395 274/485/402
f 276/482/400 275/481/399 270/486/403
f 278/478/396 277/477/395 269/487/401
f 280/480/398 279/479/397 271/488/404
f 269/489/401 274/485/402 278/490/396
f 271/491/404 273/492/405 280/493/398
f 271/494/404 279/495/397 273/492/405
f 270/496/403 275/497/399 272/498/406
f 270/499/403 272/498/406 276/500/400
f 129/279/168 94/278/233 279/495/397
f 279/495/397 94/278/233 273/492/405
f 268/501/394 280/493/398 265/474/392
f 280/493/398 273/492/405 265/474/392
f 265/474/392 273/492/405 132/274/230
f 94/278/233 132/274/230 273/492/405
f 267/502/393 278/490/396 266/473/391
f 268/501/394 265/474/392 277/484/395
f 277/484/395 265/474/392 274/485/402
f 274/485/402 266/473/391 278/490/396
f 266/473/391 274/485/402 92/273/229
f 265/474/392 92/273/229 274/485/402
f 267/502/393 266/473/391 275/497/399
f 272/498/406 275/497/399 266/473/391
f 266/473/391 131/275/231 272/498/406
f 130/277/164 276/500/400 93/276/232
f 276/500/400 272/498/406 93/276/232
f 93/276/232 272/498/406 131/275/231
f 171/306/258 283/297/249 284/284/238 179/307/259
f 171/306/258 176/310/262 286/295/247 283/297/249
f 168/503/407 287/294/246 286/295/247 176/310/262
f 168/504/407 175/314/266 288/289/243 287/293/246
f 167/315/267 282/288/242 288/289/243 175/314/266
f 167/315/267 172/317/269 285/285/239 282/288/242
f 164/319/271 281/283/237 285/285/239 172/317/269
f 164/319/271 179/307/259 284/284/238 281/283/237
f 168/503/407 176/310/262 296/322/274 292/323/264
f 176/310/262 169/302/254 293/321/273 296/322/274
f 169/302/254 177/305/257 295/320/272 293/321/273
f 180/280/234 187/282/236 295/320/272 290/299/251
f 165/308/260 175/314/266 294/311/263 291/309/261
f 175/314/266 168/504/407 292/312/264 294/311/263
f 184/281/235 289/298/250 291/309/261 181/286/240
f 184/281/235 180/280/234 290/299/251 289/298/250
f 83/213/182 300/505/181 304/506/170 115/205/177
f 83/213/182 112/152/132 301/507/130 300/505/181
f 82/210/179 299/508/178 302/509/127 113/156/136
f 82/210/179 114/199/173 303/510/171 299/508/178
f 81/198/172 298/511/169 303/510/171 114/199/173
f 81/202/172 115/205/177 304/506/170 298/512/169
f 75/151/131 297/513/126 301/507/130 112/152/132
f 75/151/131 113/156/136 302/509/127 297/513/126
f 574/514/408 307/81/68 308/54/51 575/515/409
f 574/514/408 569/516/410 310/80/67 307/81/68
f 573/517/411 306/79/66 310/80/67 569/516/410
f 573/517/411 571/518/412 312/78/65 306/79/66
f 576/519/413 309/77/64 312/78/65 571/518/412
f 576/520/413 570/521/414 311/57/54 309/76/64
f 572/522/415 305/53/50 311/57/54 570/521/414
f 572/522/415 575/515/409 308/54/51 305/53/50
f 580/523/416 315/340/289 316/337/286 581/524/417
f 580/523/416 577/525/418 320/329/280 315/340/289
f 579/526/419 314/336/285 319/331/282 584/527/420
f 579/526/419 581/524/417 316/337/286 314/336/285
f 582/528/421 317/334/281 318/325/276 583/529/422
f 582/530/421 584/527/420 319/331/282 317/330/281
f 578/531/423 313/324/275 320/329/280 577/525/418
f 578/531/423 583/529/422 318/325/276 313/324/275
f 188/327/278 194/326/277 326/95/82 321/98/83
f 188/327/278 321/98/83 328/86/73 192/328/279
f 193/333/284 195/332/283 327/91/78 325/96/79
f 193/335/284 325/92/79 326/95/82 194/326/277
f 189/339/288 191/338/287 324/85/72 322/88/75
f 189/339/288 322/88/75 327/91/78 195/332/283
f 190/341/290 192/328/279 328/86/73 323/82/69
f 190/341/290 323/82/69 324/85/72 191/338/287
f 72/123/107 329/532/424 67/43/40 70/42/39
f 254/455/377 252/448/373 67/43/40 329/532/424
f 242/416/349 246/401/335 240/400/334
f 4/34/31 337/37/34 343/533/425 340/534/426
f 340/534/426 332/32/29 333/19/19 341/535/427
f 339/536/428 341/535/427 333/19/19 331/13/13
f 339/536/428 331/13/13 334/11/11 342/537/429
f 338/538/430 342/537/429 334/11/11 330/1/1
f 338/538/430 330/1/1 959/4/4 968/539/431
f 335/49/46 20/52/49 924/130/110 918/540/432
f 337/37/34 336/36/33 922/541/433 919/542/434
f 336/36/33 335/49/46 918/540/432 922/541/433
f 1/5/5 338/538/430 968/539/431 920/6/6
f 1/5/5 23/10/10 342/537/429 338/538/430
f 2/15/15 339/536/428 342/537/429 23/10/10
f 2/15/15 22/18/18 341/535/427 339/536/428
f 4/34/31 340/534/426 341/535/427 22/18/18
f 340/534/426 343/533/425 957/38/35 332/32/29
f 957/38/35 343/533/425 971/543/435
f 971/543/435 343/533/425 337/37/34 919/542/434
f 953/461/383 551/460/382 553/544/436 974/545/437
f 260/459/381 417/458/380 345/546/438 344/547/439
f 974/545/437 553/544/436 977/548/440
f 344/547/439 345/546/438 347/549/441 346/550/442
f 977/548/440 346/550/442 348/551/443 980/552/444
f 346/550/442 347/549/441 349/553/445 348/551/443
f 927/119/104 980/552/444 348/551/443 71/120/105
f 71/120/105 348/551/443 349/553/445 256/462/384
f 256/462/384 349/553/445 329/554/424 72/463/107
f 329/554/424 349/553/445 347/549/441 254/467/377
f 254/467/377 347/549/441 258/425/356
f 261/555/446 258/425/356 345/546/438
f 362/556/447 990/557/448 986/558/449 358/559/450
f 350/404/338 982/415/348 942/560/341 237/561/340
f 249/405/339 350/404/338 237/561/340
f 357/562/451 984/563/452 987/564/453 359/565/454
f 359/565/454 987/564/453 988/566/455 360/567/456
f 360/567/456 988/566/455 989/568/457 361/569/458
f 361/569/458 989/568/457 990/557/448 362/556/447
f 354/570/459 361/569/458 362/556/447 353/571/460
f 355/572/461 360/567/456 361/569/458 354/570/459
f 356/573/462 359/565/454 360/567/456 355/572/461
f 351/574/463 357/562/451 359/565/454 356/573/462
f 353/571/460 362/556/447 358/559/450 352/575/464
f 397/576/465 375/577/466 371/578/467 394/579/468
f 375/577/466 381/580/469 369/581/470 371/578/467
f 403/582/471 376/583/472 370/584/473 400/585/474
f 385/586/475 382/587/476 372/588/477 368/589/478
f 390/590/479 389/591/480 384/592/481 387/593/482
f 387/593/482 384/592/481 383/594/483 386/595/484
f 386/595/484 383/594/483 382/587/476 385/586/475
f 404/596/485 388/597/486 378/598/487 401/599/488
f 401/599/488 378/598/487 377/600/489 402/601/490
f 402/601/490 377/600/489 376/583/472 403/582/471
f 391/602/491 392/603/492 379/604/493 373/605/494
f 373/605/494 379/604/493 380/606/495 374/607/496
f 374/607/496 380/606/495 381/580/469 375/577/466
f 398/608/497 391/602/491 373/605/494 395/609/498
f 395/609/498 373/605/494 374/607/496 396/610/499
f 396/610/499 374/607/496 375/577/466 397/576/465
f 393/611/500 366/612/501 391/602/491 398/608/497
f 366/612/501 364/613/502 392/603/492 391/602/491
f 399/614/503 365/615/504 388/597/486 404/596/485
f 363/616/505 367/617/506 389/591/480 390/590/479
f 365/615/504 393/611/500 398/608/497 388/597/486
f 377/600/489 396/610/499 397/576/465 376/583/472
f 378/598/487 395/609/498 396/610/499 377/600/489
f 388/597/486 398/608/497 395/609/498 378/598/487
f 376/583/472 397/576/465 394/579/468 370/584/473
f 367/617/506 399/614/503 404/596/485 389/591/480
f 383/594/483 402/601/490 403/582/471 382/587/476
f 384/592/481 401/599/488 402/601/490 383/594/483
f 389/591/480 404/596/485 401/599/488 384/592/481
f 382/587/476 403/582/471 400/585/474 372/588/477
f 79/185/159 103/178/154 409/176/152 407/181/157
f 79/185/159 407/181/157 1048/184/158 931/186/160
f 78/177/153 97/166/144 408/164/142 406/173/150
f 78/177/153 406/173/150 409/176/152 103/178/154
f 77/165/143 930/170/148 1046/171/149 405/161/141
f 77/165/143 405/161/141 408/164/142 97/166/144
f 262/466/385 263/417/350 410/434/364 411/433/363
f 848/471/389 549/470/388 552/430/360 1053/429/359
f 410/434/364 242/416/349 247/435/355
f 241/469/387 413/468/386 415/472/390 264/618/507
f 412/619/508 416/445/370 414/446/371 243/620/509
f 417/458/380 418/457/379 255/426/357 261/555/446
f 345/546/438 417/458/380 261/555/446
f 49/621/84 53/622/81 434/623/510 425/624/511
f 49/621/84 425/624/511 433/625/512 54/626/74
f 439/627/513 444/628/514 433/625/512 425/624/511
f 439/627/513 425/624/511 434/623/510 443/629/515
f 443/629/515 438/630/516 439/627/513
f 439/627/513 437/631/517 444/628/514
f 50/632/80 55/633/77 432/634/518 426/635/519
f 50/636/80 426/637/519 434/623/510 53/622/81
f 51/638/76 56/639/71 431/640/520 423/641/521
f 51/638/76 423/641/521 432/634/518 55/633/77
f 52/642/70 54/626/74 433/625/512 424/643/522
f 52/644/70 424/645/522 431/640/520 56/639/71
f 446/646/523 435/647/524 441/648/525
f 443/629/515 434/623/510 449/649/526 451/650/527
f 445/651/528 440/652/529 447/653/530 452/654/531
f 438/630/516 443/629/515 427/655/532
f 441/648/525 445/651/528 432/634/518 423/641/521
f 441/648/525 423/641/521 431/640/520 446/646/523
f 441/648/525 436/656/533 445/651/528
f 445/651/528 436/656/533 429/657/534
f 442/658/535 446/646/523 431/640/520 424/645/522
f 442/659/535 424/643/522 433/625/512 444/628/514
f 444/628/514 437/631/517 428/660/536
f 435/647/524 446/646/523 430/661/537
f 422/662/538 442/659/535 444/628/514 428/660/536
f 422/663/538 430/661/537 446/646/523 442/658/535
f 421/664/539 441/648/525 435/647/524
f 421/664/539 436/656/533 441/648/525
f 420/665/540 440/652/529 445/651/528 429/657/534
f 420/666/540 427/655/532 443/629/515 440/667/529
f 419/668/541 439/627/513 438/630/516
f 419/668/541 437/631/517 439/627/513
f 542/669/542 544/670/543 458/671/544 457/672/545
f 440/667/529 443/629/515 451/650/527 447/673/530
f 434/623/510 426/637/519 448/674/546 449/649/526
f 426/635/519 432/634/518 450/675/547 448/676/546
f 432/634/518 445/651/528 452/654/531 450/675/547
f 543/677/548 542/669/542 457/672/545 455/678/549
f 458/679/544 456/680/550 548/681/551
f 454/682/552 548/681/551 453/683/553
f 546/684/554 545/685/555 454/682/552 453/683/553
f 544/686/543 547/687/556 456/680/550 458/679/544
f 545/688/555 543/677/548 455/678/549 454/689/552
f 547/687/556 546/684/554 453/683/553 456/680/550
f 505/690/557 502/691/558 459/692/559 460/693/560
f 502/694/558 503/695/561 461/696/562 459/697/559
f 506/698/563 505/690/557 460/693/560 463/699/564
f 503/695/561 504/700/565 462/701/566 461/696/562
f 489/702/567 490/703/568 436/656/533 438/704/516
f 499/705/569 496/706/570 466/707/571 465/708/572
f 500/709/573 497/710/574 467/711/575 469/712/576
f 501/713/577 498/714/578 464/715/579 468/716/580
f 497/710/574 499/705/569 465/708/572 467/711/575
f 498/714/578 500/717/573 469/718/576 464/715/579
f 496/706/570 501/719/577 468/720/580 466/707/571
f 536/721/581 534/722/582 474/723/583 471/724/584
f 537/725/585 536/721/581 471/724/584 470/726/586
f 534/727/582 535/728/587 473/729/588 474/730/583
f 538/731/589 537/732/585 470/733/586 472/734/590
f 535/728/587 538/731/589 472/734/590 473/729/588
f 520/735/591 519/736/592 480/737/593 475/738/594
f 522/739/595 518/740/596 478/741/597 479/742/598
f 521/743/599 517/744/600 476/745/601 477/746/602
f 519/747/592 522/739/595 479/742/598 480/748/593
f 518/749/596 521/743/599 477/746/602 478/750/597
f 517/744/600 520/735/591 475/738/594 476/745/601
f 435/647/524 430/661/537 485/751/603 484/752/604
f 430/661/537 422/663/538 483/753/605 485/751/603
f 437/754/517 435/647/524 484/752/604 481/755/606
f 422/662/538 428/660/536 482/756/607 483/757/605
f 428/660/536 437/631/517 481/758/606 482/756/607
f 508/759/608 511/760/609 490/703/568 489/702/567
f 429/657/534 436/656/533 490/703/568 488/761/610
f 438/630/516 427/655/532 487/762/611 489/763/567
f 420/665/540 429/657/534 488/761/610 486/764/612
f 427/655/532 420/666/540 486/765/612 487/762/611
f 533/766/613 531/767/614 495/768/615 492/769/616
f 531/767/614 530/770/617 494/771/618 495/768/615
f 532/772/619 533/766/613 492/769/616 491/773/620
f 530/774/617 529/775/621 493/776/622 494/777/618
f 529/775/621 532/778/619 491/779/620 493/776/622
f 526/780/623 525/781/624 501/719/577 496/706/570
f 528/782/625 524/783/626 500/717/573 498/714/578
f 527/784/627 523/785/628 499/705/569 497/710/574
f 525/786/624 528/782/625 498/714/578 501/713/577
f 524/787/626 527/784/627 497/710/574 500/709/573
f 523/785/628 526/780/623 496/706/570 499/705/569
f 463/788/564 462/701/566 504/700/565 506/789/563
f 513/790/629 514/791/630 504/700/565 503/695/561
f 516/792/631 515/793/632 505/690/557 506/698/563
f 512/794/633 513/790/629 503/695/561 502/694/558
f 515/793/632 512/795/633 502/691/558 505/690/557
f 487/762/611 486/765/612 509/796/634 507/797/635
f 486/764/612 488/761/610 510/798/636 509/799/634
f 489/763/567 487/762/611 507/797/635 508/800/608
f 488/761/610 490/703/568 511/760/609 510/798/636
f 516/801/631 514/791/630 511/760/609 508/759/608
f 506/789/563 504/700/565 514/791/630 516/801/631
f 507/797/635 509/796/634 512/795/633 515/793/632
f 509/799/634 510/798/636 513/790/629 512/794/633
f 508/800/608 507/797/635 515/793/632 516/792/631
f 510/798/636 511/760/609 514/791/630 513/790/629
f 421/664/539 435/647/524 520/735/591 517/744/600
f 438/704/516 436/656/533 521/743/599 518/749/596
f 437/631/517 419/668/541 522/739/595 519/747/592
f 436/656/533 421/664/539 517/744/600 521/743/599
f 419/668/541 438/630/516 518/740/596 522/739/595
f 435/647/524 437/754/517 519/736/592 520/735/591
f 476/745/601 475/738/594 526/780/623 523/785/628
f 478/750/597 477/746/602 527/784/627 524/787/626
f 480/748/593 479/742/598 528/782/625 525/786/624
f 477/746/602 476/745/601 523/785/628 527/784/627
f 479/742/598 478/741/597 524/783/626 528/782/625
f 475/738/594 480/737/593 525/781/624 526/780/623
f 482/756/607 481/758/606 532/778/619 529/775/621
f 483/757/605 482/756/607 529/775/621 530/774/617
f 481/755/606 484/752/604 533/766/613 532/772/619
f 485/751/603 483/753/605 530/770/617 531/767/614
f 484/752/604 485/751/603 531/767/614 533/766/613
f 492/769/616 495/768/615 538/731/589 535/728/587
f 495/768/615 494/771/618 537/732/585 538/731/589
f 491/773/620 492/769/616 535/728/587 534/727/582
f 494/777/618 493/776/622 536/721/581 537/725/585
f 493/776/622 491/779/620 534/722/582 536/721/581
f 460/693/560 459/692/559 539/802/637
f 460/693/560 539/802/637 463/699/564
f 461/696/562 539/803/637 459/697/559
f 462/701/566 463/788/564 539/803/637
f 461/696/562 462/701/566 539/803/637
f 469/718/576 540/804/638 464/715/579
f 468/716/580 464/715/579 540/804/638
f 467/711/575 540/805/638 469/712/576
f 468/720/580 540/805/638 466/707/571
f 467/711/575 465/708/572 540/805/638
f 466/707/571 540/805/638 465/708/572
f 471/724/584 474/723/583 541/806/639
f 471/724/584 541/806/639 470/726/586
f 474/730/583 473/729/588 541/807/639
f 472/734/590 470/733/586 541/807/639
f 472/734/590 541/807/639 473/729/588
f 451/650/527 449/649/526 546/684/554 547/687/556
f 448/676/546 450/675/547 543/677/548 545/688/555
f 447/673/530 451/650/527 547/687/556 544/686/543
f 449/649/526 448/674/546 545/685/555 546/684/554
f 450/675/547 452/654/531 542/669/542 543/677/548
f 452/654/531 447/653/530 544/670/543 542/669/542
f 456/680/550 453/683/553 548/681/551
f 455/678/549 548/808/551 454/809/552
f 457/672/545 458/810/544 548/808/551
f 457/672/545 548/808/551 455/678/549
f 553/544/436 551/460/382 260/459/381 344/547/439
f 552/430/360 549/470/388 264/618/507 412/619/508
f 554/431/361 552/430/360 412/619/508 243/620/509
f 551/460/382 550/452/375 253/456/378 260/459/381
f 550/452/375 554/451/361 243/811/509 253/456/378
f 549/470/388 555/421/352 241/469/387 264/618/507
f 555/421/352 239/403/337 241/469/387
f 977/548/440 553/544/436 344/547/439 346/550/442
f 258/425/356 347/549/441 345/546/438
f 258/425/356 261/555/446 255/426/357
f 34/65/60 19/74/63 41/51/48
f 19/72/63 31/25/25 42/24/24
f 557/419/351 559/411/344 943/410/343 945/812/640
f 560/412/345 559/411/344 238/418/333 236/813/365
f 558/447/372 556/427/358 947/814/641 951/449/374
f 560/440/345 949/439/367 941/815/346
f 556/427/358 557/419/351 945/812/640 947/814/641
f 558/447/372 915/40/37 67/43/40 252/448/373
f 259/444/369 248/402/336 250/443/368
f 231/390/325 234/389/324 564/356/303 561/369/314
f 231/390/325 561/369/314 567/366/312 229/391/326
f 235/392/327 229/391/326 567/366/312 565/365/310
f 235/393/327 565/363/310 568/361/308 230/394/328
f 232/395/329 230/394/328 568/361/308 562/359/306
f 232/395/329 562/359/306 566/357/304 228/396/330
f 233/397/331 228/396/330 566/357/304 563/353/300
f 233/397/331 563/353/300 564/356/303 234/389/324
f 204/370/315 207/355/302 575/515/409 572/522/415
f 204/370/315 572/522/415 570/521/414 210/367/313
f 208/368/311 210/367/313 570/521/414 576/520/413
f 208/364/311 576/519/413 571/518/412 211/362/309
f 205/360/307 211/362/309 571/518/412 573/517/411
f 205/360/307 573/517/411 569/516/410 209/358/305
f 206/354/301 209/358/305 569/516/410 574/514/408
f 206/354/301 574/514/408 575/515/409 207/355/302
f 197/352/299 202/349/298 583/529/422 578/531/423
f 197/352/299 578/531/423 577/525/418 196/344/293
f 201/351/297 203/346/295 584/527/420 582/530/421
f 201/348/297 582/528/421 583/529/422 202/349/298
f 198/345/294 200/343/292 581/524/417 579/526/419
f 198/345/294 579/526/419 584/527/420 203/346/295
f 199/342/291 196/344/293 577/525/418 580/523/416
f 199/342/291 580/523/416 581/524/417 200/343/292
f 954/816/642 959/817/4 926/818/3 610/819/643
f 585/820/644 598/821/645 921/822/7 920/823/6
f 585/820/644 607/824/646 624/825/647 598/821/645
f 954/816/642 610/819/643 628/826/648 960/827/649
f 955/828/650 960/827/649 628/826/648 609/829/651
f 586/830/652 599/831/653 624/825/647 607/824/646
f 586/830/652 606/832/654 623/833/655 599/831/653
f 955/828/650 609/829/651 627/834/656 958/835/657
f 587/836/658 601/837/659 624/825/647 616/838/660
f 587/836/658 615/839/661 626/840/662 601/837/659
f 587/841/658 612/842/663 631/843/664 615/844/661
f 587/841/658 616/845/660 629/846/665 612/842/663
f 956/847/666 958/835/657 627/834/656 608/848/667
f 588/849/668 600/850/669 623/833/655 606/832/654
f 588/849/668 963/851/670 962/852/671 600/850/669
f 956/847/666 608/848/667 925/39/36 957/38/35
f 915/40/37 651/853/672 654/854/673 916/41/38
f 589/855/674 598/821/645 624/825/647 601/837/659
f 589/855/674 917/856/42 921/822/7 598/821/645
f 589/855/674 602/857/675 923/858/43 917/856/42
f 589/855/674 601/837/659 626/840/662 602/857/675
f 590/859/676 600/850/669 962/852/671 961/860/677
f 590/859/676 605/861/678 623/833/655 600/850/669
f 590/859/676 604/862/679 625/863/680 605/861/678
f 590/859/676 961/860/677 604/862/679
f 890/864/681 613/865/682 631/843/664 893/866/683
f 890/864/681 896/867/684 632/868/685 613/865/682
f 592/869/686 599/831/653 623/833/655 617/870/687
f 592/869/686 616/838/660 624/825/647 599/831/653
f 592/871/686 611/872/688 629/846/665 616/845/660
f 592/871/686 617/873/687 630/874/689 611/872/688
f 593/875/690 605/861/678 625/863/680 618/876/691
f 593/875/690 617/870/687 623/833/655 605/861/678
f 593/877/690 614/878/692 630/874/689 617/873/687
f 593/879/690 618/880/691 632/868/685 614/881/692
f 594/882/693 603/883/694 615/839/661
f 594/884/693 618/876/691 603/885/694
f 594/886/693 613/865/682 632/868/685 618/880/691
f 594/886/693 615/844/661 631/843/664 613/865/682
f 894/887/695 614/881/692 632/868/685 896/867/684
f 894/888/695 897/889/696 630/874/689 614/878/692
f 891/890/697 611/872/688 630/874/689 897/889/696
f 891/890/697 895/891/698 629/846/665 611/872/688
f 892/892/699 612/842/663 629/846/665 895/891/698
f 892/892/699 893/866/683 631/843/664 612/842/663
f 908/893/700 909/894/701 640/895/702 636/896/703
f 908/893/700 636/896/703 638/897/704 913/898/705
f 907/899/706 912/900/707 639/901/708 635/902/709
f 907/899/706 635/902/709 640/895/702 909/894/701
f 910/903/710 911/904/711 637/905/712 634/906/713
f 910/907/710 634/908/713 639/901/708 912/900/707
f 906/909/714 913/898/705 638/897/704 633/910/715
f 906/909/714 633/910/715 637/905/712 911/904/711
f 591/911/716 642/912/717 619/913/718
f 591/911/716 620/914/719 641/915/720 642/912/717
f 596/916/721 643/917/722 645/918/723 622/919/724
f 596/916/721 621/920/725 643/917/722
f 597/921/726 644/922/727 641/915/720 620/914/719
f 597/921/726 622/919/724 645/918/723 644/922/727
f 597/921/726 620/914/719 649/923/728 648/924/729
f 597/921/726 648/924/729 650/925/730 622/919/724
f 596/916/721 622/919/724 650/925/730 647/926/731
f 596/916/721 647/926/731 621/920/725
f 591/911/716 619/913/718 646/927/732
f 591/911/716 646/927/732 649/923/728 620/914/719
f 652/928/733 655/929/734 927/119/104 928/118/103
f 653/930/735 654/854/673 656/931/736 603/932/694
f 929/124/108 916/41/38 654/854/673 653/930/735
f 652/933/733 602/857/675 626/840/662 841/934/737
f 928/935/103 923/858/43 602/857/675 652/933/733
f 653/936/735 604/862/679 924/130/110 929/129/108
f 603/885/694 625/863/680 604/862/679 653/936/735
f 657/937/738 934/134/114 937/133/113 686/938/739
f 657/937/738 679/939/740 935/135/115 934/134/114
f 725/940/741 679/939/740 682/941/742
f 657/937/738 686/938/739 727/942/743 682/941/742
f 658/943/744 686/938/739 937/133/113 932/141/121
f 658/943/744 683/944/745 727/942/743 686/938/739
f 658/943/744 685/945/746 726/946/747 683/944/745
f 658/943/744 932/141/121 938/145/125 685/945/746
f 882/947/748 684/948/749 724/949/750 887/950/751
f 882/947/748 886/951/752 726/946/747 684/948/749
f 659/952/753 694/953/754 732/954/755 696/955/756
f 659/952/753 697/956/757 733/957/758 694/953/754
f 660/958/759 684/948/749 726/946/747 685/945/746
f 660/958/759 680/959/760 724/949/750 684/948/749
f 660/958/759 933/160/140 936/159/139 680/959/760
f 660/958/759 685/945/746 938/145/125 933/160/140
f 1043/960/761 1047/961/762 724/962/750 680/963/760
f 661/964/763 689/965/764 728/966/765 681/967/766
f 661/964/763 930/170/148 939/169/147 689/965/764
f 1043/960/761 680/963/760 936/172/139 1046/171/149
f 1044/968/767 1049/969/768 725/970/741 688/971/769
f 662/972/770 690/973/771 729/974/772 687/975/773
f 662/972/770 681/967/766 728/966/765 690/973/771
f 1044/968/767 688/971/769 724/962/750 1047/961/762
f 1045/976/774 1048/977/158 935/978/115 679/979/740
f 663/980/775 691/981/776 940/982/161 931/983/160
f 663/980/775 687/975/773 729/974/772 691/981/776
f 1045/976/774 679/979/740 725/970/741 1049/969/768
f 664/984/163 702/985/777 736/986/778 714/987/779
f 664/984/163 713/988/780 737/989/781 702/985/777
f 883/990/782 682/941/742 727/942/743 889/991/783
f 883/990/782 888/992/784 725/940/741 682/941/742
f 665/993/785 692/994/786 730/995/787 698/996/788
f 665/997/785 699/998/789 731/999/790 692/1000/786
f 884/1001/791 688/1002/769 725/940/741 888/992/784
f 884/1003/791 887/950/751 724/949/750 688/1004/769
f 666/1005/792 695/1006/793 733/957/758 697/956/757
f 666/1005/792 698/996/788 730/995/787 695/1006/793
f 885/1007/794 683/944/745 726/946/747 886/951/752
f 885/1007/794 889/991/783 727/942/743 683/944/745
f 667/1008/795 693/1009/796 731/999/790 699/998/789
f 667/1008/795 696/955/756 732/954/755 693/1009/796
f 668/1010/797 700/1011/798 735/1012/799 701/1013/800
f 668/1010/797 703/1014/801 734/1015/802 700/1011/798
f 668/1010/797 702/985/777 737/989/781 703/1014/801
f 668/1010/797 701/1013/800 736/986/778 702/985/777
f 669/1016/803 711/1017/804 740/1018/805 707/1019/806
f 669/1016/803 706/1020/807 739/1021/808 711/1017/804
f 669/1016/803 703/1022/801 737/1023/781 706/1020/807
f 669/1016/803 707/1019/806 734/1024/802 703/1022/801
f 670/1025/809 710/1026/810 741/1027/811 708/1028/812
f 670/1029/809 707/1019/806 740/1018/805 710/1030/810
f 670/1029/809 700/1031/798 734/1024/802 707/1019/806
f 670/1025/809 708/1028/812 735/1032/799 700/1033/798
f 671/1034/813 709/1035/814 738/1036/815 704/1037/816
f 671/1034/813 708/1028/812 741/1027/811 709/1035/814
f 671/1034/813 701/1038/800 735/1032/799 708/1028/812
f 671/1034/813 704/1037/816 736/1039/778 701/1038/800
f 804/1040/817 723/1041/818 745/1042/819 811/1043/820
f 804/1040/817 810/1044/821 744/1045/822 723/1041/818
f 672/1046/823 709/1035/814 741/1027/811 719/1047/824
f 672/1046/823 705/1048/825 738/1036/815 709/1035/814
f 805/1049/826 722/1050/827 744/1045/822 810/1044/821
f 805/1051/826 809/1052/828 743/1053/829 722/1054/827
f 673/1055/830 710/1030/810 740/1018/805 718/1056/831
f 673/1057/830 719/1047/824 741/1027/811 710/1026/810
f 806/1058/832 721/1059/833 743/1053/829 809/1052/828
f 806/1058/832 808/1060/834 742/1061/835 721/1059/833
f 674/1062/836 711/1017/804 739/1021/808 717/1063/837
f 674/1062/836 718/1056/831 740/1018/805 711/1017/804
f 807/1064/838 720/1065/839 742/1061/835 808/1060/834
f 807/1064/838 811/1043/820 745/1042/819 720/1065/839
f 675/1066/840 712/1067/841 738/1036/815 705/1048/825
f 675/1066/840 717/1063/837 739/1021/808 712/1067/841
f 676/1068/842 712/1067/841 739/1021/808 716/1069/843
f 676/1068/842 715/1070/844 738/1036/815 712/1067/841
f 677/1071/845 704/1037/816 738/1036/815 715/1070/844
f 677/1071/845 714/1072/779 736/1039/778 704/1037/816
f 678/1073/846 706/1020/807 737/1023/781 713/1074/780
f 678/1073/846 716/1069/843 739/1021/808 706/1020/807
f 764/1075/847 694/953/754 733/957/758 768/1076/848
f 764/1075/847 771/1077/849 732/954/755 694/953/754
f 866/1078/850 720/1065/839 745/1042/819 869/1079/851
f 866/1078/850 870/1080/852 742/1061/835 720/1065/839
f 765/1081/853 695/1006/793 730/995/787 769/1082/854
f 765/1081/853 768/1076/848 733/957/758 695/1006/793
f 867/1083/855 721/1059/833 742/1061/835 870/1080/852
f 867/1083/855 873/1084/856 743/1053/829 721/1059/833
f 766/1085/857 692/1000/786 731/999/790 770/1086/858
f 766/1087/857 769/1082/854 730/995/787 692/994/786
f 872/1088/859 722/1054/827 743/1053/829 873/1084/856
f 872/1089/859 871/1090/860 744/1045/822 722/1050/827
f 767/1091/861 693/1009/796 732/954/755 771/1077/849
f 767/1091/861 770/1086/858 731/999/790 693/1009/796
f 868/1092/862 723/1041/818 744/1045/822 871/1090/860
f 868/1092/862 869/1079/851 745/1042/819 723/1041/818
f 874/1093/863 758/1094/864 746/1095/865 875/1096/866
f 753/1097/867 761/1098/868 762/1099/869 754/1100/870
f 754/1100/870 762/1099/869 763/1101/871 755/1102/872
f 874/1093/863 876/1103/873 749/1104/874 758/1094/864
f 753/1097/867 754/1100/870 760/1105/875
f 754/1100/870 755/1102/872 760/1105/875
f 879/1106/876 769/1082/854 766/1087/857 877/1107/877
f 749/1104/874 759/1108/878 750/1109/879
f 750/1109/879 759/1108/878 751/1110/880
f 749/1104/874 750/1109/879 757/1111/881 758/1094/864
f 750/1109/879 751/1110/880 756/1112/882 757/1111/881
f 746/1095/865 758/1094/864 757/1111/881 747/1113/883
f 747/1113/883 757/1111/881 756/1112/882 748/1114/884
f 746/1095/865 747/1113/883 762/1099/869 761/1098/868
f 747/1113/883 748/1114/884 763/1101/871 762/1099/869
f 876/1103/873 765/1081/853 769/1082/854 879/1106/876
f 875/1096/866 746/1095/865 761/1098/868 880/1115/885
f 878/1116/886 767/1091/861 771/1077/849 880/1115/885
f 925/39/36 608/848/667 689/965/764 939/169/147
f 608/848/667 627/834/656 728/966/765 689/965/764
f 627/834/656 609/829/651 690/973/771 728/966/765
f 609/829/651 628/826/648 729/974/772 690/973/771
f 628/826/648 610/819/643 691/981/776 729/974/772
f 610/819/643 926/818/3 940/982/161 691/981/776
f 881/1117/887 770/1086/858 767/1091/861 878/1116/886
f 877/1118/877 766/1085/857 770/1086/858 881/1117/887
f 679/939/740 657/937/738 682/941/742
f 898/1119/888 772/1120/889 778/1121/890 903/1122/891
f 898/1119/888 905/1123/892 776/1124/893 772/1120/889
f 902/1125/894 777/1126/895 779/1127/896 904/1128/897
f 902/1129/894 903/1122/891 778/1121/890 777/1130/895
f 899/1131/898 773/1132/899 775/1133/900 901/1134/901
f 899/1131/898 904/1128/897 779/1127/896 773/1132/899
f 900/1135/902 774/1136/903 776/1124/893 905/1123/892
f 900/1135/902 901/1134/901 775/1133/900 774/1136/903
f 644/922/727 645/918/723 784/1137/904 783/1138/905
f 644/922/727 783/1138/905 780/1139/906 641/915/720
f 643/917/722 621/920/725 787/1140/907 782/1141/908
f 643/917/722 782/1141/908 784/1137/904 645/918/723
f 595/1142/909 619/913/718 786/1143/910 785/1144/911
f 595/1145/909 785/1146/911 787/1140/907 621/920/725
f 642/912/717 641/915/720 780/1139/906 781/1147/912
f 642/912/717 781/1147/912 786/1143/910 619/913/718
f 1204/1148/913 1205/1149/914 791/1150/915 790/1151/916
f 1204/1148/913 790/1151/916 793/1152/917 1207/1153/918
f 1203/1154/919 1207/1153/918 793/1152/917 789/1155/920
f 1203/1154/919 789/1155/920 795/1156/921 1209/1157/922
f 1206/1158/923 1209/1157/922 795/1156/921 792/1159/924
f 1206/1160/923 792/1161/924 794/1162/925 1208/1163/926
f 1202/1164/927 1208/1163/926 794/1162/925 788/1165/928
f 1202/1164/927 788/1165/928 791/1150/915 1205/1149/914
f 675/1166/840 705/1167/825 800/1168/929 799/1169/930
f 675/1166/840 799/1169/930 801/1170/931 717/1171/837
f 674/1172/836 717/1171/837 801/1170/931 798/1173/932
f 674/1172/836 798/1173/932 802/1174/933 718/1175/831
f 673/1176/830 718/1175/831 802/1174/933 797/1177/934
f 673/1178/830 797/1179/934 803/1180/935 719/1181/824
f 672/1182/823 719/1181/824 803/1180/935 796/1183/936
f 672/1182/823 796/1183/936 800/1168/929 705/1167/825
f 799/1169/930 800/1168/929 811/1043/820 807/1064/838
f 799/1169/930 807/1064/838 808/1060/834 801/1170/931
f 798/1173/932 801/1170/931 808/1060/834 806/1058/832
f 798/1173/932 806/1058/832 809/1052/828 802/1174/933
f 797/1177/934 802/1174/933 809/1052/828 805/1051/826
f 797/1179/934 805/1049/826 810/1044/821 803/1180/935
f 796/1183/936 803/1180/935 810/1044/821 804/1040/817
f 796/1183/936 804/1040/817 811/1043/820 800/1168/929
f 646/927/732 815/1184/937 818/1185/938 649/923/728
f 646/927/732 619/913/718 813/1186/939 815/1184/937
f 595/1142/909 819/1187/940 813/1186/939 619/913/718
f 595/1145/909 621/920/725 814/1188/941 819/1189/940
f 647/926/731 816/1190/942 814/1188/941 621/920/725
f 647/926/731 650/925/730 812/1191/943 816/1190/942
f 648/924/729 817/1192/944 812/1191/943 650/925/730
f 648/924/729 649/923/728 818/1185/938 817/1192/944
f 828/1193/945 830/1194/946 824/1195/947 822/1196/948
f 832/1197/949 833/1198/950 981/1199/951 823/1200/952
f 833/1201/950 950/409/342 942/408/341 821/1202/953
f 943/410/343 941/413/346 1201/1203/954 1200/1204/955
f 823/1200/952 981/1199/951 982/415/348 944/414/347
f 830/1194/946 847/1205/956 826/1206/957
f 822/1207/948 824/1208/947 1198/1209/958 1200/1204/955
f 944/414/347 946/422/353 1196/1210/959 823/1200/952
f 835/1211/960 839/1212/961 842/1213/962 831/1214/963
f 824/1208/947 826/1215/957 1197/1216/964 1198/1209/958
f 1053/429/359 948/432/362 1195/1217/965 1193/1218/966
f 1051/1219/967 835/1220/960 831/1221/963 1050/1222/968
f 820/1223/969 1201/1224/954 949/439/367 829/1225/970
f 822/1196/948 820/1226/969 829/1227/970 828/1193/945
f 832/1197/949 834/1228/971 830/1194/946 828/1193/945
f 823/1200/952 843/1229/972 832/1197/949
f 1057/1230/973 1055/1231/974 835/1220/960 1051/1219/967
f 826/1215/957 836/1232/975 1199/1233/976 1197/1216/964
f 829/1225/970 949/439/367 950/409/342 833/1201/950
f 828/1193/945 829/1227/970 833/1198/950 832/1197/949
f 915/40/37 951/449/374 1199/1233/976
f 948/450/362 952/453/376 1191/1234/977 1195/1235/965
f 831/1236/963 838/1237/978 826/1215/957
f 837/1238/979 844/1239/980 1058/1240/981 1059/1241/982
f 952/453/376 953/461/383 1192/1242/983 1191/1234/977
f 603/883/694 841/934/737 626/840/662
f 840/1243/984 841/1244/737 603/1245/694 656/1246/736
f 841/1244/737 840/1243/984 655/929/734 652/928/733
f 834/1228/971 846/1247/985 847/1205/956 830/1194/946
f 842/1213/962 838/1248/978 831/1214/963
f 843/1229/972 825/1249/986 1054/1250/987 834/1228/971
f 825/1249/986 843/1229/972 823/1200/952
f 946/422/353 848/471/389 1190/1251/988 1196/1210/959
f 1054/1250/987 1056/1252/989 846/1247/985 834/1228/971
f 838/1237/978 836/1232/975 826/1215/957
f 847/1205/956 1050/1222/968 826/1206/957
f 715/1070/844 676/1068/842 851/1253/990
f 716/1069/843 850/1254/991 676/1068/842
f 714/987/779 852/1255/992 664/984/163
f 713/988/780 664/984/163 853/1256/993
f 852/1255/992 863/1257/994 862/1258/995 853/1256/993 664/984/163
f 853/1256/993 865/1259/996 864/1260/997 713/988/780
f 852/1255/992 714/987/779 861/1261/998 860/1262/999
f 854/1263/1000 859/1264/1001 862/1265/995
f 861/1261/998 855/1266/1002 860/1262/999
f 863/1257/994 854/1267/1000 862/1258/995
f 865/1259/996 856/1268/1003 864/1260/997
f 854/1269/1000 863/1270/994 859/1264/1001
f 856/1271/1003 865/1272/996 858/1273/1004
f 856/1274/1003 858/1273/1004 864/1275/997
f 855/1276/1002 857/1277/1005 860/1278/999
f 855/1279/1002 861/1280/998 857/1277/1005
f 713/1074/780 864/1275/997 678/1073/846
f 864/1275/997 858/1273/1004 678/1073/846
f 853/1281/993 850/1254/991 865/1272/996
f 865/1272/996 850/1254/991 858/1273/1004
f 850/1254/991 716/1069/843 858/1273/1004
f 678/1073/846 858/1273/1004 716/1069/843
f 852/1282/992 851/1253/990 863/1270/994
f 853/1281/993 862/1265/995 850/1254/991
f 862/1265/995 859/1264/1001 850/1254/991
f 859/1264/1001 863/1270/994 851/1253/990
f 851/1253/990 676/1068/842 859/1264/1001
f 850/1254/991 859/1264/1001 676/1068/842
f 852/1282/992 860/1278/999 851/1253/990
f 857/1277/1005 851/1253/990 860/1278/999
f 851/1253/990 857/1277/1005 715/1070/844
f 714/1072/779 677/1071/845 861/1280/998
f 861/1280/998 677/1071/845 857/1277/1005
f 677/1071/845 715/1070/844 857/1277/1005
f 755/1102/872 763/1101/871 869/1079/851 868/1092/862
f 755/1102/872 868/1092/862 871/1090/860 760/1105/875
f 752/1283/1006 760/1105/875 871/1090/860 872/1089/859
f 752/1284/1006 872/1088/859 873/1084/856 759/1108/878
f 751/1110/880 759/1108/878 873/1084/856 867/1083/855
f 751/1110/880 867/1083/855 870/1080/852 756/1112/882
f 748/1114/884 756/1112/882 870/1080/852 866/1078/850
f 748/1114/884 866/1078/850 869/1079/851 763/1101/871
f 752/1283/1006 877/1118/877 881/1117/887 760/1105/875
f 760/1105/875 881/1117/887 878/1116/886 753/1097/867
f 753/1097/867 878/1116/886 880/1115/885 761/1098/868
f 764/1075/847 875/1096/866 880/1115/885 771/1077/849
f 749/1104/874 876/1103/873 879/1106/876 759/1108/878
f 759/1108/878 879/1106/876 877/1107/877 752/1284/1006
f 768/1076/848 765/1081/853 876/1103/873 874/1093/863
f 768/1076/848 874/1093/863 875/1096/866 764/1075/847
f 667/1008/795 699/998/789 889/1285/783 885/1286/794
f 667/1008/795 885/1286/794 886/1287/752 696/955/756
f 666/1005/792 697/956/757 887/1288/751 884/1289/791
f 666/1005/792 884/1289/791 888/1290/784 698/996/788
f 665/993/785 698/996/788 888/1290/784 883/1291/782
f 665/997/785 883/1292/782 889/1285/783 699/998/789
f 659/952/753 696/955/756 886/1287/752 882/1293/748
f 659/952/753 882/1293/748 887/1288/751 697/956/757
f 1215/1294/1007 1216/1295/1008 893/866/683 892/892/699
f 1215/1294/1007 892/892/699 895/891/698 1210/1296/1009
f 1214/1297/1010 1210/1296/1009 895/891/698 891/890/697
f 1214/1297/1010 891/890/697 897/889/696 1212/1298/1011
f 1217/1299/1012 1212/1298/1011 897/889/696 894/888/695
f 1217/1300/1012 894/887/695 896/867/684 1211/1301/1013
f 1213/1302/1014 1211/1301/1013 896/867/684 890/864/681
f 1213/1302/1014 890/864/681 893/866/683 1216/1295/1008
f 1221/1303/1015 1222/1304/1016 901/1134/901 900/1135/902
f 1221/1303/1015 900/1135/902 905/1123/892 1218/1305/1017
f 1220/1306/1018 1225/1307/1019 904/1128/897 899/1131/898
f 1220/1306/1018 899/1131/898 901/1134/901 1222/1304/1016
f 1223/1308/1020 1224/1309/1021 903/1122/891 902/1129/894
f 1223/1310/1020 902/1125/894 904/1128/897 1225/1307/1019
f 1219/1311/1022 1218/1305/1017 905/1123/892 898/1119/888
f 1219/1311/1022 898/1119/888 903/1122/891 1224/1309/1021
f 772/1120/889 906/909/714 911/904/711 778/1121/890
f 772/1120/889 776/1124/893 913/898/705 906/909/714
f 777/1126/895 910/907/710 912/900/707 779/1127/896
f 777/1130/895 778/1121/890 911/904/711 910/903/710
f 773/1132/899 907/899/706 909/894/701 775/1133/900
f 773/1132/899 779/1127/896 912/900/707 907/899/706
f 774/1136/903 908/893/700 913/898/705 776/1124/893
f 774/1136/903 775/1133/900 909/894/701 908/893/700
f 656/931/736 654/854/673 651/853/672 914/1312/1023
f 838/1237/978 914/1312/1023 651/853/672 836/1232/975
f 826/1206/957 824/1195/947 830/1194/946
f 588/849/668 966/1313/1024 970/1314/1025 963/851/670
f 966/1313/1024 967/1315/1026 958/835/657 956/847/666
f 965/1316/1027 955/828/650 958/835/657 967/1315/1026
f 965/1316/1027 969/1317/1028 960/827/649 955/828/650
f 964/1318/1029 954/816/642 960/827/649 969/1317/1028
f 964/1318/1029 968/1319/431 959/817/4 954/816/642
f 961/860/677 918/540/432 924/130/110 604/862/679
f 963/851/670 919/542/434 922/541/433 962/852/671
f 962/852/671 922/541/433 918/540/432 961/860/677
f 585/820/644 920/823/6 968/1319/431 964/1318/1029
f 585/820/644 964/1318/1029 969/1317/1028 607/824/646
f 586/830/652 607/824/646 969/1317/1028 965/1316/1027
f 586/830/652 965/1316/1027 967/1315/1026 606/832/654
f 588/849/668 606/832/654 967/1315/1026 966/1313/1024
f 966/1313/1024 956/847/666 957/38/35 970/1314/1025
f 957/38/35 971/543/435 970/1314/1025
f 971/543/435 919/542/434 963/851/670 970/1314/1025
f 953/461/383 974/545/437 1194/1320/1030 1192/1242/983
f 844/1239/980 972/1321/1031 973/1322/1032 1058/1240/981
f 974/545/437 977/548/440 1194/1320/1030
f 972/1321/1031 975/1323/1033 976/1324/1034 973/1322/1032
f 977/548/440 980/552/444 978/1325/1035 975/1323/1033
f 975/1323/1033 978/1325/1035 979/1326/1036 976/1324/1034
f 927/119/104 655/929/734 978/1325/1035 980/552/444
f 655/929/734 840/1243/984 979/1326/1036 978/1325/1035
f 840/1243/984 656/1246/736 914/1327/1023 979/1326/1036
f 914/1327/1023 838/1248/978 976/1324/1034 979/1326/1036
f 838/1248/978 842/1213/962 976/1324/1034
f 845/1328/1037 973/1322/1032 842/1213/962
f 1000/1329/1038 996/1330/1039 986/558/449 990/557/448
f 981/1199/951 821/1331/953 942/560/341 982/415/348
f 833/1198/950 821/1331/953 981/1199/951
f 995/1332/1040 997/1333/1041 987/564/453 984/563/452
f 997/1333/1041 998/1334/1042 988/566/455 987/564/453
f 998/1334/1042 999/1335/1043 989/568/457 988/566/455
f 999/1335/1043 1000/1329/1038 990/557/448 989/568/457
f 992/1336/1044 991/1337/1045 1000/1329/1038 999/1335/1043
f 993/1338/1046 992/1336/1044 999/1335/1043 998/1334/1042
f 994/1339/1047 993/1338/1046 998/1334/1042 997/1333/1041
f 983/1340/1048 994/1339/1047 997/1333/1041 995/1332/1040
f 991/1337/1045 985/1341/1049 996/1330/1039 1000/1329/1038
f 1035/1342/1050 1032/1343/1051 1009/1344/1052 1013/1345/1053
f 1013/1345/1053 1009/1344/1052 1007/1346/1054 1019/1347/1055
f 1041/1348/1056 1038/1349/1057 1008/1350/1058 1014/1351/1059
f 1023/1352/1060 1006/1353/1061 1010/1354/1062 1020/1355/1063
f 1028/1356/1064 1025/1357/1065 1022/1358/1066 1027/1359/1067
f 1025/1357/1065 1024/1360/1068 1021/1361/1069 1022/1358/1066
f 1024/1360/1068 1023/1352/1060 1020/1355/1063 1021/1361/1069
f 1042/1362/1070 1039/1363/1071 1016/1364/1072 1026/1365/1073
f 1039/1363/1071 1040/1366/1074 1015/1367/1075 1016/1364/1072
f 1040/1366/1074 1041/1348/1056 1014/1351/1059 1015/1367/1075
f 1029/1368/1076 1011/1369/1077 1017/1370/1078 1030/1371/1079
f 1011/1369/1077 1012/1372/1080 1018/1373/1081 1017/1370/1078
f 1012/1372/1080 1013/1345/1053 1019/1347/1055 1018/1373/1081
f 1036/1374/1082 1033/1375/1083 1011/1369/1077 1029/1368/1076
f 1033/1375/1083 1034/1376/1084 1012/1372/1080 1011/1369/1077
f 1034/1376/1084 1035/1342/1050 1013/1345/1053 1012/1372/1080
f 1031/1377/1085 1036/1374/1082 1029/1368/1076 1004/1378/1086
f 1004/1378/1086 1029/1368/1076 1030/1371/1079 1002/1379/1087
f 1037/1380/1088 1042/1362/1070 1026/1365/1073 1003/1381/1089
f 1001/1382/1090 1028/1356/1064 1027/1359/1067 1005/1383/1091
f 1003/1381/1089 1026/1365/1073 1036/1374/1082 1031/1377/1085
f 1015/1367/1075 1014/1351/1059 1035/1342/1050 1034/1376/1084
f 1016/1364/1072 1015/1367/1075 1034/1376/1084 1033/1375/1083
f 1026/1365/1073 1016/1364/1072 1033/1375/1083 1036/1374/1082
f 1014/1351/1059 1008/1350/1058 1032/1343/1051 1035/1342/1050
f 1005/1383/1091 1027/1359/1067 1042/1362/1070 1037/1380/1088
f 1021/1361/1069 1020/1355/1063 1041/1348/1056 1040/1366/1074
f 1022/1358/1066 1021/1361/1069 1040/1366/1074 1039/1363/1071
f 1027/1359/1067 1022/1358/1066 1039/1363/1071 1042/1362/1070
f 1020/1355/1063 1010/1354/1062 1038/1349/1057 1041/1348/1056
f 663/980/775 1045/976/774 1049/969/768 687/975/773
f 663/980/775 931/983/160 1048/977/158 1045/976/774
f 662/972/770 1044/968/767 1047/961/762 681/967/766
f 662/972/770 687/975/773 1049/969/768 1044/968/767
f 661/964/763 1043/960/761 1046/171/149 930/170/148
f 661/964/763 681/967/766 1047/961/762 1043/960/761
f 846/1247/985 1051/1219/967 1050/1222/968 847/1205/956
f 848/471/389 1053/429/359 1193/1218/966 1190/1251/988
f 1050/1222/968 831/1221/963 826/1206/957
f 825/1249/986 849/1384/1092 1056/1252/989 1054/1250/987
f 1052/1385/1093 827/1386/1094 1055/1231/974 1057/1230/973
f 251/423/354 255/426/357 418/457/379 414/1387/371
f 1058/1240/981 845/1328/1037 839/1212/961 1059/1241/982
f 973/1322/1032 845/1328/1037 1058/1240/981
f 253/456/378 243/811/509 414/1387/371 418/457/379
f 837/1238/979 1059/1241/982 1055/1388/974 827/1389/1094
f 835/1211/960 1055/1388/974 1059/1241/982 839/1212/961
f 633/1390/715 1066/1391/1095 1075/1392/1096 637/1393/712
f 633/1390/715 638/1394/704 1074/1395/1097 1066/1391/1095
f 1080/1396/1098 1066/1391/1095 1074/1395/1097 1085/1397/1099
f 1080/1396/1098 1084/1398/1100 1075/1392/1096 1066/1391/1095
f 1084/1398/1100 1080/1396/1098 1079/1399/1101
f 1080/1396/1098 1085/1397/1099 1078/1400/1102
f 634/1401/713 1067/1402/1103 1073/1403/1104 639/1404/708
f 634/1405/713 637/1393/712 1075/1392/1096 1067/1406/1103
f 635/1407/709 1064/1408/1105 1072/1409/1106 640/1410/702
f 635/1407/709 639/1404/708 1073/1403/1104 1064/1408/1105
f 636/1411/703 1065/1412/1107 1074/1395/1097 638/1394/704
f 636/1413/703 640/1410/702 1072/1409/1106 1065/1414/1107
f 1087/1415/1108 1082/1416/1109 1076/1417/1110
f 1084/1398/1100 1092/1418/1111 1090/1419/1112 1075/1392/1096
f 1086/1420/1113 1093/1421/1114 1088/1422/1115 1081/1423/1116
f 1079/1399/1101 1068/1424/1117 1084/1398/1100
f 1082/1416/1109 1064/1408/1105 1073/1403/1104 1086/1420/1113
f 1082/1416/1109 1087/1415/1108 1072/1409/1106 1064/1408/1105
f 1082/1416/1109 1086/1420/1113 1077/1425/1118
f 1086/1420/1113 1070/1426/1119 1077/1425/1118
f 1083/1427/1120 1065/1414/1107 1072/1409/1106 1087/1415/1108
f 1083/1428/1120 1085/1397/1099 1074/1395/1097 1065/1412/1107
f 1085/1397/1099 1069/1429/1121 1078/1400/1102
f 1076/1417/1110 1071/1430/1122 1087/1415/1108
f 1063/1431/1123 1069/1429/1121 1085/1397/1099 1083/1428/1120
f 1063/1432/1123 1083/1427/1120 1087/1415/1108 1071/1430/1122
f 1062/1433/1124 1076/1417/1110 1082/1416/1109
f 1062/1433/1124 1082/1416/1109 1077/1425/1118
f 1061/1434/1125 1070/1426/1119 1086/1420/1113 1081/1423/1116
f 1061/1435/1125 1081/1436/1116 1084/1398/1100 1068/1424/1117
f 1060/1437/1126 1079/1399/1101 1080/1396/1098
f 1060/1437/1126 1080/1396/1098 1078/1400/1102
f 1183/1438/1127 1098/1439/1128 1099/1440/1129 1185/1441/1130
f 1081/1436/1116 1088/1442/1115 1092/1418/1111 1084/1398/1100
f 1075/1392/1096 1090/1419/1112 1089/1443/1131 1067/1406/1103
f 1067/1402/1103 1089/1444/1131 1091/1445/1132 1073/1403/1104
f 1073/1403/1104 1091/1445/1132 1093/1421/1114 1086/1420/1113
f 1184/1446/1133 1096/1447/1134 1098/1439/1128 1183/1438/1127
f 1099/1448/1129 1189/1449/1135 1097/1450/1136
f 1095/1451/1137 1094/1452/1138 1189/1449/1135
f 1187/1453/1139 1094/1452/1138 1095/1451/1137 1186/1454/1140
f 1185/1455/1130 1099/1448/1129 1097/1450/1136 1188/1456/1141
f 1186/1457/1140 1095/1458/1137 1096/1447/1134 1184/1446/1133
f 1188/1456/1141 1097/1450/1136 1094/1452/1138 1187/1453/1139
f 1146/1459/1142 1101/1460/1143 1100/1461/1144 1143/1462/1145
f 1143/1463/1145 1100/1464/1144 1102/1465/1146 1144/1466/1147
f 1147/1467/1148 1104/1468/1149 1101/1460/1143 1146/1459/1142
f 1144/1466/1147 1102/1465/1146 1103/1469/1150 1145/1470/1151
f 1130/1471/1152 1079/1472/1101 1077/1425/1118 1131/1473/1153
f 1140/1474/1154 1106/1475/1155 1107/1476/1156 1137/1477/1157
f 1141/1478/1158 1110/1479/1159 1108/1480/1160 1138/1481/1161
f 1142/1482/1162 1109/1483/1163 1105/1484/1164 1139/1485/1165
f 1138/1481/1161 1108/1480/1160 1106/1475/1155 1140/1474/1154
f 1139/1485/1165 1105/1484/1164 1110/1486/1159 1141/1487/1158
f 1137/1477/1157 1107/1476/1156 1109/1488/1163 1142/1489/1162
f 1177/1490/1166 1112/1491/1167 1115/1492/1168 1175/1493/1169
f 1178/1494/1170 1111/1495/1171 1112/1491/1167 1177/1490/1166
f 1175/1496/1169 1115/1497/1168 1114/1498/1172 1176/1499/1173
f 1179/1500/1174 1113/1501/1175 1111/1502/1171 1178/1503/1170
f 1176/1499/1173 1114/1498/1172 1113/1501/1175 1179/1500/1174
f 1161/1504/1176 1116/1505/1177 1121/1506/1178 1160/1507/1179
f 1163/1508/1180 1120/1509/1181 1119/1510/1182 1159/1511/1183
f 1162/1512/1184 1118/1513/1185 1117/1514/1186 1158/1515/1187
f 1160/1516/1179 1121/1517/1178 1120/1509/1181 1163/1508/1180
f 1159/1518/1183 1119/1519/1182 1118/1513/1185 1162/1512/1184
f 1158/1515/1187 1117/1514/1186 1116/1505/1177 1161/1504/1176
f 1076/1417/1110 1125/1520/1188 1126/1521/1189 1071/1430/1122
f 1071/1430/1122 1126/1521/1189 1124/1522/1190 1063/1432/1123
f 1078/1523/1102 1122/1524/1191 1125/1520/1188 1076/1417/1110
f 1063/1431/1123 1124/1525/1190 1123/1526/1192 1069/1429/1121
f 1069/1429/1121 1123/1526/1192 1122/1527/1191 1078/1400/1102
f 1149/1528/1193 1130/1471/1152 1131/1473/1153 1152/1529/1194
f 1070/1426/1119 1129/1530/1195 1131/1473/1153 1077/1425/1118
f 1079/1399/1101 1130/1531/1152 1128/1532/1196 1068/1424/1117
f 1061/1434/1125 1127/1533/1197 1129/1530/1195 1070/1426/1119
f 1068/1424/1117 1128/1532/1196 1127/1534/1197 1061/1435/1125
f 1174/1535/1198 1133/1536/1199 1136/1537/1200 1172/1538/1201
f 1172/1538/1201 1136/1537/1200 1135/1539/1202 1171/1540/1203
f 1173/1541/1204 1132/1542/1205 1133/1536/1199 1174/1535/1198
f 1171/1543/1203 1135/1544/1202 1134/1545/1206 1170/1546/1207
f 1170/1546/1207 1134/1545/1206 1132/1547/1205 1173/1548/1204
f 1167/1549/1208 1137/1477/1157 1142/1489/1162 1166/1550/1209
f 1169/1551/1210 1139/1485/1165 1141/1487/1158 1165/1552/1211
f 1168/1553/1212 1138/1481/1161 1140/1474/1154 1164/1554/1213
f 1166/1555/1209 1142/1482/1162 1139/1485/1165 1169/1551/1210
f 1165/1556/1211 1141/1478/1158 1138/1481/1161 1168/1553/1212
f 1164/1554/1213 1140/1474/1154 1137/1477/1157 1167/1549/1208
f 1104/1557/1149 1147/1558/1148 1145/1470/1151 1103/1469/1150
f 1154/1559/1214 1144/1466/1147 1145/1470/1151 1155/1560/1215
f 1157/1561/1216 1147/1467/1148 1146/1459/1142 1156/1562/1217
f 1153/1563/1218 1143/1463/1145 1144/1466/1147 1154/1559/1214
f 1156/1562/1217 1146/1459/1142 1143/1462/1145 1153/1564/1218
f 1128/1532/1196 1148/1565/1219 1150/1566/1220 1127/1534/1197
f 1127/1533/1197 1150/1567/1220 1151/1568/1221 1129/1530/1195
f 1130/1531/1152 1149/1569/1193 1148/1565/1219 1128/1532/1196
f 1129/1530/1195 1151/1568/1221 1152/1529/1194 1131/1473/1153
f 1157/1570/1216 1149/1528/1193 1152/1529/1194 1155/1560/1215
f 1147/1558/1148 1157/1570/1216 1155/1560/1215 1145/1470/1151
f 1148/1565/1219 1156/1562/1217 1153/1564/1218 1150/1566/1220
f 1150/1567/1220 1153/1563/1218 1154/1559/1214 1151/1568/1221
f 1149/1569/1193 1157/1561/1216 1156/1562/1217 1148/1565/1219
f 1151/1568/1221 1154/1559/1214 1155/1560/1215 1152/1529/1194
f 1062/1433/1124 1158/1515/1187 1161/1504/1176 1076/1417/1110
f 1079/1472/1101 1159/1518/1183 1162/1512/1184 1077/1425/1118
f 1078/1400/1102 1160/1516/1179 1163/1508/1180 1060/1437/1126
f 1077/1425/1118 1162/1512/1184 1158/1515/1187 1062/1433/1124
f 1060/1437/1126 1163/1508/1180 1159/1511/1183 1079/1399/1101
f 1076/1417/1110 1161/1504/1176 1160/1507/1179 1078/1523/1102
f 1117/1514/1186 1164/1554/1213 1167/1549/1208 1116/1505/1177
f 1119/1519/1182 1165/1556/1211 1168/1553/1212 1118/1513/1185
f 1121/1517/1178 1166/1555/1209 1169/1551/1210 1120/1509/1181
f 1118/1513/1185 1168/1553/1212 1164/1554/1213 1117/1514/1186
f 1120/1509/1181 1169/1551/1210 1165/1552/1211 1119/1510/1182
f 1116/1505/1177 1167/1549/1208 1166/1550/1209 1121/1506/1178
f 1123/1526/1192 1170/1546/1207 1173/1548/1204 1122/1527/1191
f 1124/1525/1190 1171/1543/1203 1170/1546/1207 1123/1526/1192
f 1122/1524/1191 1173/1541/1204 1174/1535/1198 1125/1520/1188
f 1126/1521/1189 1172/1538/1201 1171/1540/1203 1124/1522/1190
f 1125/1520/1188 1174/1535/1198 1172/1538/1201 1126/1521/1189
f 1133/1536/1199 1176/1499/1173 1179/1500/1174 1136/1537/1200
f 1136/1537/1200 1179/1500/1174 1178/1503/1170 1135/1539/1202
f 1132/1542/1205 1175/1496/1169 1176/1499/1173 1133/1536/1199
f 1135/1544/1202 1178/1494/1170 1177/1490/1166 1134/1545/1206
f 1134/1545/1206 1177/1490/1166 1175/1493/1169 1132/1547/1205
f 1101/1460/1143 1180/1571/1222 1100/1461/1144
f 1101/1460/1143 1104/1468/1149 1180/1571/1222
f 1102/1465/1146 1100/1464/1144 1180/1572/1222
f 1103/1469/1150 1180/1572/1222 1104/1557/1149
f 1102/1465/1146 1180/1572/1222 1103/1469/1150
f 1110/1486/1159 1105/1484/1164 1181/1573/1223
f 1109/1483/1163 1181/1573/1223 1105/1484/1164
f 1108/1480/1160 1110/1479/1159 1181/1574/1223
f 1109/1488/1163 1107/1476/1156 1181/1574/1223
f 1108/1480/1160 1181/1574/1223 1106/1475/1155
f 1107/1476/1156 1106/1475/1155 1181/1574/1223
f 1112/1491/1167 1182/1575/1224 1115/1492/1168
f 1112/1491/1167 1111/1495/1171 1182/1575/1224
f 1115/1497/1168 1182/1576/1224 1114/1498/1172
f 1113/1501/1175 1182/1576/1224 1111/1502/1171
f 1113/1501/1175 1114/1498/1172 1182/1576/1224
f 1092/1418/1111 1188/1456/1141 1187/1453/1139 1090/1419/1112
f 1089/1444/1131 1186/1457/1140 1184/1446/1133 1091/1445/1132
f 1088/1442/1115 1185/1455/1130 1188/1456/1141 1092/1418/1111
f 1090/1419/1112 1187/1453/1139 1186/1454/1140 1089/1443/1131
f 1091/1445/1132 1184/1446/1133 1183/1438/1127 1093/1421/1114
f 1093/1421/1114 1183/1438/1127 1185/1441/1130 1088/1422/1115
f 1097/1450/1136 1189/1449/1135 1094/1452/1138
f 1096/1447/1134 1095/1577/1137 1189/1578/1135
f 1098/1439/1128 1189/1578/1135 1099/1579/1129
f 1098/1439/1128 1096/1447/1134 1189/1578/1135
f 1194/1320/1030 972/1321/1031 844/1239/980 1192/1242/983
f 1193/1218/966 1052/1385/1093 849/1384/1092 1190/1251/988
f 1195/1217/965 827/1386/1094 1052/1385/1093 1193/1218/966
f 1192/1242/983 844/1239/980 837/1238/979 1191/1234/977
f 1191/1234/977 837/1238/979 827/1389/1094 1195/1235/965
f 1190/1251/988 849/1384/1092 825/1249/986 1196/1210/959
f 1196/1210/959 825/1249/986 823/1200/952
f 977/548/440 975/1323/1033 972/1321/1031 1194/1320/1030
f 842/1213/962 973/1322/1032 976/1324/1034
f 842/1213/962 839/1212/961 845/1328/1037
f 618/876/691 625/863/680 603/885/694
f 603/883/694 626/840/662 615/839/661
f 1198/1209/958 945/812/640 943/410/343 1200/1204/955
f 1201/1203/954 820/1580/969 822/1207/948 1200/1204/955
f 1199/1233/976 951/449/374 947/814/641 1197/1216/964
f 1201/1224/954 941/815/346 949/439/367
f 1197/1216/964 947/814/641 945/812/640 1198/1209/958
f 1199/1233/976 836/1232/975 651/853/672 915/40/37
f 843/1229/972 834/1228/971 832/1197/949
f 815/1184/937 1202/1164/927 1205/1149/914 818/1185/938
f 815/1184/937 813/1186/939 1208/1163/926 1202/1164/927
f 819/1187/940 1206/1160/923 1208/1163/926 813/1186/939
f 819/1189/940 814/1188/941 1209/1157/922 1206/1158/923
f 816/1190/942 1203/1154/919 1209/1157/922 814/1188/941
f 816/1190/942 812/1191/943 1207/1153/918 1203/1154/919
f 817/1192/944 1204/1148/913 1207/1153/918 812/1191/943
f 817/1192/944 818/1185/938 1205/1149/914 1204/1148/913
f 788/1165/928 1213/1302/1014 1216/1295/1008 791/1150/915
f 788/1165/928 794/1162/925 1211/1301/1013 1213/1302/1014
f 792/1161/924 1217/1300/1012 1211/1301/1013 794/1162/925
f 792/1159/924 795/1156/921 1212/1298/1011 1217/1299/1012
f 789/1155/920 1214/1297/1010 1212/1298/1011 795/1156/921
f 789/1155/920 793/1152/917 1210/1296/1009 1214/1297/1010
f 790/1151/916 1215/1294/1007 1210/1296/1009 793/1152/917
f 790/1151/916 791/1150/915 1216/1295/1008 1215/1294/1007
f 781/1147/912 1219/1311/1022 1224/1309/1021 786/1143/910
f 781/1147/912 780/1139/906 1218/1305/1017 1219/1311/1022
f 785/1146/911 1223/1310/1020 1225/1307/1019 787/1140/907
f 785/1144/911 786/1143/910 1224/1309/1021 1223/1308/1020
f 782/1141/908 1220/1306/1018 1222/1304/1016 784/1137/904
f 782/1141/908 787/1140/907 1225/1307/1019 1220/1306/1018
f 783/1138/905 1221/1303/1015 1218/1305/1017 780/1139/906
f 783/1138/905 784/1137/904 1222/1304/1016 1221/1303/1015
f 1257/1581/1225 1227/1582/1226 1258/1583/1227
f 1258/1583/1227 1227/1582/1226 1259/1584/1228
f 1259/1584/1228 1227/1582/1226 1260/1585/1229
f 1260/1585/1229 1227/1582/1226 1261/1586/1230
f 1261/1586/1230 1227/1582/1226 1262/1587/1231
f 1262/1587/1231 1227/1582/1226 1263/1588/1232
f 1263/1588/1232 1227/1582/1226 1264/1589/1233
f 1264/1589/1233 1227/1582/1226 1265/1590/1234
f 1265/1590/1234 1227/1582/1226 1266/1591/1235
f 1266/1591/1235 1227/1582/1226 1257/1592/1225
f 1285/1593/1236 1246/1594/1237 1237/1595/1238 1286/1596/1239
f 1284/1597/1240 1245/1598/1241 1246/1594/1237 1285/1593/1236
f 1283/1599/1242 1244/1600/1243 1245/1598/1241 1284/1597/1240
f 1282/1601/1244 1243/1602/1245 1244/1600/1243 1283/1599/1242
f 1281/1603/1246 1242/1604/1247 1243/1602/1245 1282/1601/1244
f 1280/1605/1248 1241/1606/1249 1242/1604/1247 1281/1603/1246
f 1279/1607/1250 1240/1608/1251 1241/1606/1249 1280/1605/1248
f 1278/1609/1252 1239/1610/1253 1240/1608/1251 1279/1607/1250
f 1277/1611/1254 1238/1612/1255 1239/1610/1253 1278/1609/1252
f 1286/1613/1239 1237/1614/1238 1238/1612/1255 1277/1611/1254
f 1275/1615/1256 1256/1616/1257 1247/1617/1258 1276/1618/1259
f 1274/1619/1260 1255/1620/1261 1256/1616/1257 1275/1615/1256
f 1273/1621/1262 1254/1622/1263 1255/1620/1261 1274/1619/1260
f 1272/1623/1264 1253/1624/1265 1254/1622/1263 1273/1621/1262
f 1271/1625/1266 1252/1626/1267 1253/1624/1265 1272/1623/1264
f 1270/1627/1268 1251/1628/1269 1252/1626/1267 1271/1625/1266
f 1269/1629/1270 1250/1630/1271 1251/1628/1269 1270/1627/1268
f 1268/1631/1272 1249/1632/1273 1250/1630/1271 1269/1629/1270
f 1267/1633/1274 1248/1634/1275 1249/1632/1273 1268/1631/1272
f 1276/1635/1259 1247/1636/1258 1248/1634/1275 1267/1633/1274
f 1295/1637/1276 1266/1591/1235 1257/1592/1225 1296/1638/1277
f 1294/1639/1278 1265/1590/1234 1266/1591/1235 1295/1637/1276
f 1293/1640/1279 1264/1589/1233 1265/1590/1234 1294/1639/1278
f 1292/1641/1280 1263/1588/1232 1264/1589/1233 1293/1640/1279
f 1291/1642/1281 1262/1587/1231 1263/1588/1232 1292/1641/1280
f 1290/1643/1282 1261/1586/1230 1262/1587/1231 1291/1642/1281
f 1289/1644/1283 1260/1585/1229 1261/1586/1230 1290/1643/1282
f 1288/1645/1284 1259/1584/1228 1260/1585/1229 1289/1644/1283
f 1287/1646/1285 1258/1583/1227 1259/1584/1228 1288/1645/1284
f 1296/1647/1277 1257/1581/1225 1258/1583/1227 1287/1646/1285
f 1237/1614/1238 1276/1635/1259 1267/1633/1274 1238/1612/1255
f 1238/1612/1255 1267/1633/1274 1268/1631/1272 1239/1610/1253
f 1239/1610/1253 1268/1631/1272 1269/1629/1270 1240/1608/1251
f 1240/1608/1251 1269/1629/1270 1270/1627/1268 1241/1606/1249
f 1241/1606/1249 1270/1627/1268 1271/1625/1266 1242/1604/1247
f 1242/1604/1247 1271/1625/1266 1272/1623/1264 1243/1602/1245
f 1243/1602/1245 1272/1623/1264 1273/1621/1262 1244/1600/1243
f 1244/1600/1243 1273/1621/1262 1274/1619/1260 1245/1598/1241
f 1245/1598/1241 1274/1619/1260 1275/1615/1256 1246/1594/1237
f 1246/1594/1237 1275/1615/1256 1276/1618/1259 1237/1595/1238
f 1226/1648/1286 1286/1613/1239 1277/1611/1254 1228/1649/1287
f 1228/1649/1287 1277/1611/1254 1278/1609/1252 1229/1650/1288
f 1229/1650/1288 1278/1609/1252 1279/1607/1250 1230/1651/1289
f 1230/1651/1289 1279/1607/1250 1280/1605/1248 1231/1652/1290
f 1231/1652/1290 1280/1605/1248 1281/1603/1246 1232/1653/1291
f 1232/1653/1291 1281/1603/1246 1282/1601/1244 1233/1654/1292
f 1233/1654/1292 1282/1601/1244 1283/1599/1242 1234/1655/1293
f 1234/1655/1293 1283/1599/1242 1284/1597/1240 1235/1656/1294
f 1235/1656/1294 1284/1597/1240 1285/1593/1236 1236/1657/1295
f 1236/1657/1295 1285/1593/1236 1286/1596/1239 1226/1658/1286
f 1247/1636/1258 1296/1647/1277 1287/1646/1285 1248/1634/1275
f 1248/1634/1275 1287/1646/1285 1288/1645/1284 1249/1632/1273
f 1249/1632/1273 1288/1645/1284 1289/1644/1283 1250/1630/1271
f 1250/1630/1271 1289/1644/1283 1290/1643/1282 1251/1628/1269
f 1251/1628/1269 1290/1643/1282 1291/1642/1281 1252/1626/1267
f 1252/1626/1267 1291/1642/1281 1292/1641/1280 1253/1624/1265
f 1253/1624/1265 1292/1641/1280 1293/1640/1279 1254/1622/1263
f 1254/1622/1263 1293/1640/1279 1294/1639/1278 1255/1620/1261
f 1255/1620/1261 1294/1639/1278 1295/1637/1276 1256/1616/1257
f 1256/1616/1257 1295/1637/1276 1296/1638/1277 1247/1617/1258
f 1358/1659/1296 1298/1660/1297 1359/1661/1298
f 1359/1661/1298 1298/1660/1297 1360/1662/1299
f 1360/1662/1299 1298/1660/1297 1361/1663/1300
f 1361/1663/1300 1298/1660/1297 1362/1664/1301
f 1362/1664/1301 1298/1660/1297 1363/1665/1302
f 1363/1665/1302 1298/1660/1297 1364/1666/1303
f 1364/1666/1303 1298/1660/1297 1365/1667/1304
f 1365/1667/1304 1298/1660/1297 1366/1668/1305
f 1366/1669/1305 1298/1660/1297 1367/1670/1306
f 1367/1670/1306 1298/1660/1297 1358/1659/1296
f 1307/1671/1307 1317/1672/1308 1308/1673/1309 1297/1674/1310
f 1306/1675/1311 1316/1676/1312 1317/1672/1308 1307/1671/1307
f 1305/1677/1313 1315/1678/1314 1316/1679/1312 1306/1680/1311
f 1304/1681/1315 1314/1682/1316 1315/1678/1314 1305/1677/1313
f 1303/1683/1317 1313/1684/1318 1314/1682/1316 1304/1681/1315
f 1302/1685/1319 1312/1686/1320 1313/1684/1318 1303/1683/1317
f 1301/1687/1321 1311/1688/1322 1312/1686/1320 1302/1685/1319
f 1300/1689/1323 1310/1690/1324 1311/1688/1322 1301/1687/1321
f 1299/1691/1325 1309/1692/1326 1310/1690/1324 1300/1689/1323
f 1297/1674/1310 1308/1673/1309 1309/1692/1326 1299/1691/1325
f 1336/1693/1327 1327/1694/1328 1318/1695/1329 1337/1696/1330
f 1335/1697/1331 1326/1698/1332 1327/1694/1328 1336/1693/1327
f 1334/1699/1333 1325/1700/1334 1326/1701/1332 1335/1702/1331
f 1333/1703/1335 1324/1704/1336 1325/1700/1334 1334/1699/1333
f 1332/1705/1337 1323/1706/1338 1324/1704/1336 1333/1703/1335
f 1331/1707/1339 1322/1708/1340 1323/1706/1338 1332/1705/1337
f 1330/1709/1341 1321/1710/1342 1322/1708/1340 1331/1707/1339
f 1329/1711/1343 1320/1712/1344 1321/1710/1342 1330/1709/1341
f 1328/1713/1345 1319/1714/1346 1320/1712/1344 1329/1711/1343
f 1337/1696/1330 1318/1695/1329 1319/1714/1346 1328/1713/1345
f 1308/1673/1309 1337/1696/1330 1328/1713/1345 1309/1692/1326
f 1309/1692/1326 1328/1713/1345 1329/1711/1343 1310/1690/1324
f 1310/1690/1324 1329/1711/1343 1330/1709/1341 1311/1688/1322
f 1311/1688/1322 1330/1709/1341 1331/1707/1339 1312/1686/1320
f 1312/1686/1320 1331/1707/1339 1332/1705/1337 1313/1684/1318
f 1313/1684/1318 1332/1705/1337 1333/1703/1335 1314/1682/1316
f 1314/1682/1316 1333/1703/1335 1334/1699/1333 1315/1678/1314
f 1315/1678/1314 1334/1699/1333 1335/1702/1331 1316/1679/1312
f 1316/1676/1312 1335/1697/1331 1336/1693/1327 1317/1672/1308
f 1317/1672/1308 1336/1693/1327 1337/1696/1330 1308/1673/1309
f 1356/1715/1347 1347/1716/1348 1338/1717/1349 1357/1718/1350
f 1355/1719/1351 1346/1720/1352 1347/1716/1348 1356/1715/1347
f 1354/1721/1353 1345/1722/1354 1346/1723/1352 1355/1724/1351
f 1353/1725/1355 1344/1726/1356 1345/1722/1354 1354/1721/1353
f 1352/1727/1357 1343/1728/1358 1344/1726/1356 1353/1725/1355
f 1351/1729/1359 1342/1730/1360 1343/1728/1358 1352/1727/1357
f 1350/1731/1361 1341/1732/1362 1342/1730/1360 1351/1729/1359
f 1349/1733/1363 1340/1734/1364 1341/1732/1362 1350/1731/1361
f 1348/1735/1365 1339/1736/1366 1340/1734/1364 1349/1733/1363
f 1357/1718/1350 1338/1717/1349 1339/1736/1366 1348/1735/1365
f 1318/1695/1329 1357/1718/1350 1348/1735/1365 1319/1714/1346
f 1319/1714/1346 1348/1735/1365 1349/1733/1363 1320/1712/1344
f 1320/1712/1344 1349/1733/1363 1350/1731/1361 1321/1710/1342
f 1321/1710/1342 1350/1731/1361 1351/1729/1359 1322/1708/1340
f 1322/1708/1340 1351/1729/1359 1352/1727/1357 1323/1706/1338
f 1323/1706/1338 1352/1727/1357 1353/1725/1355 1324/1704/1336
f 1324/1704/1336 1353/1725/1355 1354/1721/1353 1325/1700/1334
f 1325/1700/1334 1354/1721/1353 1355/1724/1351 1326/1701/1332
f 1326/1698/1332 1355/1719/1351 1356/1715/1347 1327/1694/1328
f 1327/1694/1328 1356/1715/1347 1357/1718/1350 1318/1695/1329
f 1347/1716/1348 1367/1670/1306 1358/1659/1296 1338/1717/1349
f 1346/1720/1352 1366/1669/1305 1367/1670/1306 1347/1716/1348
f 1345/1722/1354 1365/1667/1304 1366/1668/1305 1346/1723/1352
f 1344/1726/1356 1364/1666/1303 1365/1667/1304 1345/1722/1354
f 1343/1728/1358 1363/1665/1302 1364/1666/1303 1344/1726/1356
f 1342/1730/1360 1362/1664/1301 1363/1665/1302 1343/1728/1358
f 1341/1732/1362 1361/1663/1300 1362/1664/1301 1342/1730/1360
f 1340/1734/1364 1360/1662/1299 1361/1663/1300 1341/1732/1362
f 1339/1736/1366 1359/1661/1298 1360/1662/1299 1340/1734/1364
f 1338/1717/1349 1358/1659/1296 1359/1661/1298 1339/1736/1366
f 1368/1737/1367 1369/1738/1368 1372/1739/1369 1373/1740/1370
f 1369/1738/1368 1377/1741/1371 1371/1742/1372 1372/1739/1369
f 1368/1737/1367 1374/1743/1373 1375/1744/1374 1369/1738/1368
f 1369/1738/1368 1375/1744/1374 1376/1745/1375 1377/1741/1371
f 1378/1746/1376 1383/1747/1377 1382/1748/1378 1379/1749/1379
f 1371/1742/1372 1377/1741/1371 1370/1750/1380
f 1377/1741/1371 1376/1745/1375 1370/1750/1380
f 1379/1749/1379 1382/1748/1378 1381/1751/1381 1387/1752/1382
f 1378/1746/1376 1379/1749/1379 1385/1753/1383 1384/1754/1384
f 1379/1749/1379 1387/1752/1382 1386/1755/1385 1385/1753/1383
f 1381/1751/1381 1380/1756/1386 1387/1752/1382
f 1387/1752/1382 1380/1756/1386 1386/1755/1385
f 1368/1737/1367 1378/1746/1376 1384/1754/1384 1374/1743/1373
f 1375/1744/1374 1385/1757/1383 1386/1758/1385 1376/1745/1375
f 1372/1739/1369 1382/1759/1378 1383/1760/1377 1373/1740/1370
f 1370/1750/1380 1380/1761/1386 1381/1762/1381 1371/1742/1372
f 1373/1740/1370 1383/1747/1377 1378/1746/1376 1368/1737/1367
f 1374/1743/1373 1384/1763/1384 1385/1757/1383 1375/1744/1374
f 1371/1742/1372 1381/1762/1381 1382/1759/1378 1372/1739/1369
f 1376/1745/1375 1386/1758/1385 1380/1764/1386 1370/1750/1380
f 1388/1765/1387 1393/1766/1388 1392/1767/1389 1389/1768/1390
f 1389/1768/1390 1392/1767/1389 1391/1769/1391 1397/1770/1392
f 1388/1765/1387 1389/1768/1390 1395/1771/1393 1394/1772/1394
f 1389/1768/1390 1397/1770/1392 1396/1773/1395 1395/1771/1393
f 1398/1774/1396 1399/1775/1397 1402/1776/1398 1403/1777/1399
f 1391/1769/1391 1390/1778/1400 1397/1770/1392
f 1397/1770/1392 1390/1778/1400 1396/1773/1395
f 1399/1775/1397 1407/1779/1401 1401/1780/1402 1402/1776/1398
f 1398/1774/1396 1404/1781/1403 1405/1782/1404 1399/1775/1397
f 1399/1775/1397 1405/1782/1404 1406/1783/1405 1407/1779/1401
f 1401/1780/1402 1407/1779/1401 1400/1784/1406
f 1407/1779/1401 1406/1783/1405 1400/1784/1406
f 1388/1765/1387 1394/1772/1394 1404/1781/1403 1398/1774/1396
f 1395/1771/1393 1396/1773/1395 1406/1785/1405 1405/1786/1404
f 1392/1767/1389 1393/1766/1388 1403/1787/1399 1402/1788/1398
f 1390/1778/1400 1391/1769/1391 1401/1789/1402 1400/1790/1406
f 1393/1766/1388 1388/1765/1387 1398/1774/1396 1403/1777/1399
f 1394/1772/1394 1395/1771/1393 1405/1786/1404 1404/1791/1403
f 1391/1769/1391 1392/1767/1389 1402/1788/1398 1401/1789/1402
f 1396/1773/1395 1390/1778/1400 1400/1792/1406 1406/1785/1405
f 1423/1793/1407 1420/1794/1408 1411/1795/1409 1409/1796/1410
f 1422/1797/1411 1423/1798/1407 1409/1799/1410 1412/1800/1412
f 1420/1801/1408 1425/1802/1413 1413/1803/1414 1411/1804/1409
f 1421/1805/1415 1424/1806/1416 1408/1807/1417 1410/1808/1418
f 1424/1806/1416 1422/1797/1411 1412/1800/1412 1408/1807/1417
f 1425/1802/1413 1419/1809/1419 1417/1810/1420 1421/1805/1415
f 1419/1809/1419 416/1811/370 412/1812/508 1417/1810/1420
f 264/1813/507 415/1814/390 1418/1815/1421 1416/1816/1422
f 412/1812/508 264/1813/507 1416/1816/1422 1417/1810/1420
f 411/1817/363 416/1811/370 1419/1809/1419 1414/1818/1423
f 415/1814/390 262/1819/385 1415/1820/1424 1418/1815/1421
f 262/1821/385 411/1822/363 1414/1823/1423 1415/1824/1424
f 1409/1796/1410 1411/1795/1409 1413/1825/1414 1412/1826/1412
f 1410/1827/1418 1408/1828/1417 1412/1826/1412 1413/1825/1414
f 1413/1803/1414 1425/1802/1413 1421/1805/1415 1410/1808/1418
f 1416/1816/1422 1418/1815/1421 1422/1797/1411 1424/1806/1416
f 1417/1810/1420 1416/1816/1422 1424/1806/1416 1421/1805/1415
f 1414/1818/1423 1419/1809/1419 1425/1802/1413 1420/1801/1408
f 1418/1815/1421 1415/1820/1424 1423/1798/1407 1422/1797/1411
f 1415/1824/1424 1414/1823/1423 1420/1794/1408 1423/1793/1407
f 1441/1829/1425 1427/1830/1426 1429/1831/1427 1438/1832/1428
f 1440/1833/1429 1430/1834/1430 1427/1835/1426 1441/1836/1425
f 1438/1837/1428 1429/1838/1427 1431/1839/1431 1443/1840/1432
f 1439/1841/1433 1428/1842/1434 1426/1843/1435 1442/1844/1436
f 1442/1844/1436 1426/1843/1435 1430/1834/1430 1440/1833/1429
f 1443/1840/1432 1439/1841/1433 1435/1845/1437 1437/1846/1438
f 1437/1846/1438 1435/1845/1437 1052/1847/1093 1057/1848/973
f 849/1849/1092 1434/1850/1439 1436/1851/1440 1056/1852/989
f 1052/1847/1093 1435/1845/1437 1434/1850/1439 849/1849/1092
f 1051/1853/967 1432/1854/1441 1437/1846/1438 1057/1848/973
f 1056/1852/989 1436/1851/1440 1433/1855/1442 846/1856/985
f 846/1857/985 1433/1858/1442 1432/1859/1441 1051/1860/967
f 1427/1830/1426 1430/1861/1430 1431/1862/1431 1429/1831/1427
f 1428/1863/1434 1431/1862/1431 1430/1861/1430 1426/1864/1435
f 1431/1839/1431 1428/1842/1434 1439/1841/1433 1443/1840/1432
f 1434/1850/1439 1442/1844/1436 1440/1833/1429 1436/1851/1440
f 1435/1845/1437 1439/1841/1433 1442/1844/1436 1434/1850/1439
f 1432/1854/1441 1438/1837/1428 1443/1840/1432 1437/1846/1438
f 1436/1851/1440 1440/1833/1429 1441/1836/1425 1433/1855/1442
f 1433/1858/1442 1441/1829/1425 1438/1832/1428 1432/1859/1441
o Mace_Sphere
v -2.266542 0.330004 -0.104675
v -2.266542 0.111704 -0.322975
v -2.266542 -0.098433 -0.322975
v -2.266542 -0.268438 -0.199459
v -2.266542 -0.316733 -0.104675
v -2.234074 0.330004 -0.099533
v -2.204784 0.281709 -0.189677
v -2.181540 0.206488 -0.261217
v -2.166616 0.111704 -0.307148
v -2.161473 0.006635 -0.322975
v -2.166616 -0.098433 -0.307148
v -2.181540 -0.193217 -0.261217
v -2.204784 -0.268438 -0.189677
v -2.234074 -0.316733 -0.099533
v -2.204784 0.330004 -0.084609
v -2.149071 0.281709 -0.161290
v -2.104858 0.206488 -0.222145
v -2.076471 0.111704 -0.261217
v -2.066689 0.006635 -0.274680
v -2.076471 -0.098433 -0.261217
v -2.104858 -0.193217 -0.222145
v -2.149071 -0.268438 -0.161290
v -2.204784 -0.316733 -0.084609
v -2.181540 0.330004 -0.061364
v -2.104858 0.281709 -0.117077
v -2.044003 0.206488 -0.161290
v -2.004931 0.111704 -0.189677
v -1.991468 0.006635 -0.199459
v -2.004931 -0.098433 -0.189677
v -2.044003 -0.193217 -0.161290
v -2.104858 -0.268438 -0.117077
v -2.181540 -0.316733 -0.061364
v -2.166615 0.330004 -0.032074
v -2.076471 0.281709 -0.061364
v -2.004931 0.206488 -0.084609
v -1.959000 0.111704 -0.099533
v -1.943174 0.006635 -0.104675
v -1.959000 -0.098433 -0.099533
v -2.004931 -0.193217 -0.084609
v -2.076471 -0.268438 -0.061364
v -2.166616 -0.316733 -0.032074
v -2.161473 0.330004 0.000394
v -2.066689 0.281709 0.000394
v -1.991468 0.206488 0.000394
v -1.943174 0.111704 0.000394
v -1.926532 0.006635 0.000394
v -1.943174 -0.098433 0.000394
v -1.991468 -0.193217 0.000394
v -2.066689 -0.268438 0.000394
v -2.161473 -0.316733 0.000394
v -2.166615 0.330004 0.032862
v -2.076471 0.281709 0.062152
v -2.004931 0.206488 0.085396
v -1.959000 0.111704 0.100320
v -1.943174 0.006635 0.105462
v -1.959000 -0.098433 0.100320
v -2.004931 -0.193217 0.085396
v -2.076471 -0.268438 0.062152
v -2.166616 -0.316733 0.032862
v -2.181540 0.330004 0.062152
v -2.104858 0.281709 0.117864
v -2.044003 0.206488 0.162078
v -2.004931 0.111704 0.190465
v -1.991468 0.006635 0.200246
v -2.004931 -0.098433 0.190465
v -2.044003 -0.193217 0.162078
v -2.104858 -0.268438 0.117864
v -2.181540 -0.316733 0.062152
v -2.204784 0.330004 0.085396
v -2.149071 0.281709 0.162078
v -2.104858 0.206488 0.222933
v -2.076471 0.111704 0.262004
v -2.066689 0.006635 0.275467
v -2.076471 -0.098433 0.262004
v -2.104858 -0.193217 0.222933
v -2.149071 -0.268438 0.162078
v -2.204784 -0.316733 0.085396
v -2.234074 0.330004 0.100320
v -2.204784 0.281709 0.190465
v -2.181540 0.206488 0.262004
v -2.166616 0.111704 0.307935
v -2.161473 0.006635 0.323762
v -2.166616 -0.098433 0.307935
v -2.181540 -0.193217 0.262004
v -2.204784 -0.268438 0.190465
v -2.234074 -0.316733 0.100320
v -2.266542 0.330004 0.105463
v -2.266542 0.281709 0.200246
v -2.266542 0.206488 0.275467
v -2.266542 0.111704 0.323762
v -2.266542 0.006635 0.340403
v -2.266542 -0.098433 0.323762
v -2.266542 -0.193217 0.275467
v -2.266542 -0.268438 0.200246
v -2.266542 -0.316733 0.105462
v -2.299010 0.330004 0.100320
v -2.328300 0.281709 0.190465
v -2.351544 0.206488 0.262004
v -2.366468 0.111704 0.307935
v -2.371611 0.006635 0.323762
v -2.366468 -0.098433 0.307935
v -2.351544 -0.193217 0.262004
v -2.328300 -0.268438 0.190465
v -2.299010 -0.316733 0.100320
v -2.328300 0.330004 0.085396
v -2.384012 0.281709 0.162078
v -2.428226 0.206488 0.222933
v -2.456613 0.111704 0.262004
v -2.466395 0.006635 0.275467
v -2.456613 -0.098433 0.262004
v -2.428226 -0.193217 0.222933
v -2.384012 -0.268438 0.162078
v -2.328300 -0.316733 0.085396
v -2.266542 0.346645 0.000394
v -2.351544 0.330004 0.062152
v -2.428226 0.281709 0.117864
v -2.489081 0.206488 0.162078
v -2.528152 0.111704 0.190465
v -2.541615 0.006635 0.200246
v -2.528152 -0.098433 0.190465
v -2.489081 -0.193217 0.162078
v -2.428226 -0.268438 0.117864
v -2.351544 -0.316733 0.062152
v -2.366468 0.330004 0.032862
v -2.456613 0.281709 0.062152
v -2.528152 0.206488 0.085396
v -2.574084 0.111704 0.100320
v -2.589910 0.006635 0.105462
v -2.574084 -0.098433 0.100320
v -2.528152 -0.193217 0.085396
v -2.456613 -0.268438 0.062152
v -2.366468 -0.316733 0.032862
v -2.371611 0.330004 0.000394
v -2.466395 0.281709 0.000394
v -2.541616 0.206488 0.000394
v -2.589911 0.111704 0.000394
v -2.606552 0.006635 0.000394
v -2.589910 -0.098433 0.000394
v -2.541616 -0.193217 0.000394
v -2.466395 -0.268438 0.000394
v -2.371611 -0.316733 0.000394
v -2.366468 0.330004 -0.032074
v -2.456613 0.281709 -0.061364
v -2.528152 0.206488 -0.084609
v -2.574084 0.111704 -0.099533
v -2.589911 0.006635 -0.104675
v -2.574084 -0.098433 -0.099533
v -2.528152 -0.193217 -0.084609
v -2.456613 -0.268438 -0.061364
v -2.366468 -0.316733 -0.032074
v -2.266542 -0.333374 0.000394
v -2.351544 0.330004 -0.061364
v -2.428226 0.281709 -0.117077
v -2.489081 0.206488 -0.161290
v -2.528152 0.111704 -0.189678
v -2.541616 0.006635 -0.199459
v -2.528152 -0.098433 -0.189677
v -2.489081 -0.193217 -0.161290
v -2.428226 -0.268438 -0.117077
v -2.351544 -0.316733 -0.061364
v -2.328300 0.330004 -0.084609
v -2.384012 0.281709 -0.161290
v -2.428226 0.206488 -0.222145
v -2.456613 0.111704 -0.261217
v -2.466395 0.006635 -0.274680
v -2.456613 -0.098433 -0.261217
v -2.428226 -0.193217 -0.222145
v -2.384012 -0.268438 -0.161290
v -2.328300 -0.316733 -0.084609
v -2.299010 0.330004 -0.099533
v -2.328300 0.281709 -0.189678
v -2.351544 0.206488 -0.261217
v -2.366468 0.111704 -0.307148
v -2.371611 0.006635 -0.322975
v -2.366468 -0.098433 -0.307148
v -2.351544 -0.193217 -0.261217
v -2.328300 -0.268438 -0.189678
v -2.299010 -0.316733 -0.099533
v -2.266542 0.281709 -0.199459
v -2.266542 0.206488 -0.274680
v -2.266542 0.006635 -0.339616
v -2.266542 -0.193217 -0.274680
v -1.958984 0.040883 -0.061490
v -1.958984 0.065983 -0.043254
v -1.958984 0.081496 -0.016386
v -1.958984 0.084739 0.014470
v -1.958984 0.075152 0.043976
v -1.958984 0.054392 0.067033
v -1.550653 0.010536 0.006671
v -1.958984 0.026049 0.079652
v -1.958984 -0.004976 0.079652
v -1.958984 -0.033319 0.067033
v -1.958984 -0.054079 0.043976
v -1.958984 -0.063667 0.014470
v -1.958984 -0.060424 -0.016386
v -1.958984 -0.044911 -0.043254
v -1.958984 -0.019811 -0.061490
v -1.958984 0.010536 -0.067941
v -2.236195 -0.308428 -0.061490
v -2.211095 -0.308428 -0.043254
v -2.195582 -0.308428 -0.016386
v -2.192339 -0.308428 0.014470
v -2.201926 -0.308428 0.043976
v -2.222686 -0.308428 0.067033
v -2.266542 -0.716759 0.006671
v -2.251029 -0.308428 0.079652
v -2.282054 -0.308428 0.079652
v -2.310397 -0.308428 0.067033
v -2.331157 -0.308428 0.043976
v -2.340744 -0.308428 0.014470
v -2.337502 -0.308428 -0.016386
v -2.321989 -0.308428 -0.043254
v -2.296889 -0.308428 -0.061490
v -2.266542 -0.308428 -0.067941
v -2.580944 -0.024374 -0.061490
v -2.580944 -0.049474 -0.043254
v -2.580944 -0.064986 -0.016386
v -2.580944 -0.068229 0.014470
v -2.580944 -0.058642 0.043976
v -2.580944 -0.037882 0.067033
v -2.989274 0.005974 0.006671
v -2.580944 -0.009539 0.079652
v -2.580944 0.021486 0.079652
v -2.580944 0.049829 0.067033
v -2.580944 0.070589 0.043976
v -2.580944 0.080176 0.014470
v -2.580944 0.076933 -0.016386
v -2.580944 0.061421 -0.043254
v -2.580944 0.036321 -0.061490
v -2.580944 0.005974 -0.067941
v -2.334703 -0.017803 0.305651
v -2.316467 -0.042903 0.305651
v -2.289598 -0.058416 0.305651
v -2.258743 -0.061659 0.305651
v -2.229236 -0.052072 0.305650
v -2.206180 -0.031312 0.305650
v -2.266542 0.012544 0.713981
v -2.193561 -0.002969 0.305650
v -2.193561 0.028056 0.305650
v -2.206180 0.056399 0.305650
v -2.229236 0.077159 0.305650
v -2.258743 0.086747 0.305650
v -2.289598 0.083504 0.305650
v -2.316467 0.067991 0.305651
v -2.334703 0.042891 0.305651
v -2.341153 0.012544 0.305651
v -2.334703 0.038328 -0.307184
v -2.316467 0.063428 -0.307184
v -2.289598 0.078941 -0.307184
v -2.258743 0.082184 -0.307184
v -2.229236 0.072597 -0.307184
v -2.206180 0.051837 -0.307184
v -2.266542 0.007981 -0.715515
v -2.193561 0.023494 -0.307184
v -2.193561 -0.007532 -0.307184
v -2.206180 -0.035874 -0.307184
v -2.229236 -0.056634 -0.307184
v -2.258743 -0.066222 -0.307184
v -2.289598 -0.062979 -0.307184
v -2.316467 -0.047466 -0.307184
v -2.334703 -0.022366 -0.307184
v -2.341153 0.007981 -0.307184
v -2.064352 0.222308 0.121116
v -2.055152 0.199022 0.139439
v -2.056665 0.179763 0.163715
v -2.068630 0.167860 0.189749
v -2.088977 0.165372 0.213037
v -2.114189 0.172728 0.229554
v -2.139906 0.188657 0.236444
v -2.161681 0.210405 0.232514
v -2.175750 0.234211 0.218446
v -1.895564 0.484164 0.395421
v -2.179679 0.255958 0.196670
v -2.172790 0.271887 0.170954
v -2.156273 0.279244 0.145742
v -2.132984 0.276755 0.125394
v -2.106951 0.264853 0.113430
v -2.082674 0.245593 0.111916
v -2.112785 -0.215445 0.127960
v -2.136071 -0.224645 0.146283
v -2.155330 -0.223132 0.170559
v -2.167233 -0.211167 0.196593
v -2.169722 -0.190820 0.219881
v -2.162365 -0.165608 0.236398
v -2.146436 -0.139891 0.243288
v -2.124688 -0.118116 0.239358
v -2.100883 -0.104047 0.225290
v -1.850929 -0.384233 0.402265
v -2.079135 -0.100118 0.203515
v -2.063206 -0.107008 0.177798
v -2.055849 -0.123525 0.152586
v -2.058338 -0.146813 0.132238
v -2.070240 -0.172846 0.120274
v -2.089500 -0.197123 0.118761
v -2.169868 0.222308 -0.232178
v -2.151546 0.199022 -0.241378
v -2.127269 0.179763 -0.239865
v -2.101236 0.167860 -0.227900
v -2.077947 0.165372 -0.207552
v -2.061430 0.172728 -0.182341
v -2.054541 0.188657 -0.156624
v -2.058470 0.210405 -0.134848
v -2.072539 0.234211 -0.120780
v -1.895564 0.484164 -0.400966
v -2.094314 0.255958 -0.116851
v -2.120031 0.271887 -0.123740
v -2.145243 0.279244 -0.140257
v -2.165590 0.276755 -0.163546
v -2.177555 0.264853 -0.189579
v -2.179068 0.245593 -0.213855
v -2.163024 -0.215445 -0.183744
v -2.144702 -0.224645 -0.160459
v -2.120425 -0.223132 -0.141199
v -2.094392 -0.211167 -0.129296
v -2.071103 -0.190820 -0.126808
v -2.054586 -0.165608 -0.134164
v -2.047697 -0.139891 -0.150094
v -2.051626 -0.118116 -0.171841
v -2.065695 -0.104047 -0.195647
v -1.888720 -0.384233 -0.445600
v -2.087470 -0.100118 -0.217395
v -2.113187 -0.107008 -0.233324
v -2.138399 -0.123525 -0.240680
v -2.158746 -0.146813 -0.238192
v -2.170711 -0.172846 -0.226289
v -2.172224 -0.197123 -0.207030
v -2.511755 0.222308 -0.126661
v -2.520955 0.199022 -0.144984
v -2.519442 0.179763 -0.169260
v -2.507477 0.167860 -0.195293
v -2.487130 0.165372 -0.218582
v -2.461918 0.172728 -0.235099
v -2.436201 0.188657 -0.241988
v -2.414426 0.210405 -0.238059
v -2.400357 0.234211 -0.223991
v -2.680543 0.484164 -0.400966
v -2.396428 0.255958 -0.202215
v -2.403317 0.271887 -0.176498
v -2.419834 0.279244 -0.151287
v -2.443123 0.276755 -0.130939
v -2.469156 0.264853 -0.118974
v -2.493433 0.245593 -0.117461
v -2.463321 -0.215445 -0.133505
v -2.440036 -0.224645 -0.151828
v -2.420777 -0.223132 -0.176104
v -2.408874 -0.211167 -0.202137
v -2.406385 -0.190820 -0.225426
v -2.413742 -0.165608 -0.241943
v -2.429671 -0.139891 -0.248833
v -2.451419 -0.118116 -0.244903
v -2.475224 -0.104047 -0.230835
v -2.725178 -0.384233 -0.407810
v -2.496972 -0.100118 -0.209059
v -2.512901 -0.107008 -0.183342
v -2.520258 -0.123525 -0.158131
v -2.517769 -0.146813 -0.137783
v -2.505866 -0.172846 -0.125819
v -2.486607 -0.197123 -0.124305
v -2.406238 0.222308 0.215226
v -2.424561 0.199022 0.224426
v -2.448838 0.179763 0.222913
v -2.474871 0.167860 0.210948
v -2.498159 0.165372 0.190600
v -2.514676 0.172728 0.165389
v -2.521566 0.188657 0.139672
v -2.517636 0.210405 0.117896
v -2.503568 0.234211 0.103828
v -2.680543 0.484164 0.384014
v -2.481792 0.255958 0.099899
v -2.456076 0.271887 0.106788
v -2.430864 0.279244 0.123305
v -2.410516 0.276755 0.146594
v -2.398552 0.264853 0.172627
v -2.397038 0.245593 0.196904
v -2.413082 -0.215445 0.166792
v -2.431405 -0.224645 0.143507
v -2.455682 -0.223132 0.124247
v -2.481715 -0.211167 0.112345
v -2.505003 -0.190820 0.109856
v -2.521520 -0.165608 0.117213
v -2.528410 -0.139891 0.133142
v -2.524480 -0.118116 0.154889
v -2.510412 -0.104047 0.178695
v -2.687387 -0.384233 0.428648
v -2.488636 -0.100118 0.200443
v -2.462920 -0.107008 0.216372
v -2.437708 -0.123525 0.223728
v -2.417360 -0.146813 0.221240
v -2.405396 -0.172846 0.209337
v -2.403883 -0.197123 0.190078
v -2.266542 0.318289 -0.047504
v -2.266542 0.452969 -0.069876
v -2.238749 0.318289 -0.038474
v -2.225599 0.452969 -0.056573
v -2.221572 0.318289 -0.014831
v -2.200294 0.452969 -0.021745
v -2.221572 0.318289 0.014392
v -2.200294 0.452969 0.021305
v -2.238749 0.318289 0.038034
v -2.225599 0.452969 0.056134
v -2.266542 0.318289 0.047065
v -2.266542 0.452969 0.069437
v -2.294335 0.318289 0.038034
v -2.307485 0.452969 0.056134
v -2.311512 0.318289 0.014392
v -2.332789 0.452969 0.021305
v -2.311512 0.318289 -0.014831
v -2.332789 0.452969 -0.021745
v -2.294335 0.318289 -0.038474
v -2.307485 0.452969 -0.056573
v -2.305316 0.528874 -0.012632
v -2.314392 0.620640 -0.008872
v -2.296240 0.528874 -0.008872
v -2.318151 0.620640 0.000204
v -2.292480 0.528874 0.000204
v -2.314392 0.620640 0.009280
v -2.296240 0.528874 0.009280
v -2.305316 0.620640 0.013039
v -2.305316 0.528874 0.013039
v -2.296240 0.620640 0.009280
v -2.314392 0.528874 0.009280
v -2.292480 0.620640 0.000204
v -2.318151 0.528874 0.000204
v -2.296240 0.620640 -0.008872
v -2.314392 0.528874 -0.008872
v -2.305316 0.620640 -0.012632
v -2.298618 0.513385 -0.012632
v -2.291849 0.519432 -0.008872
v -2.289046 0.521937 0.000204
v -2.291849 0.519432 0.009280
v -2.298618 0.513385 0.013039
v -2.305386 0.507338 0.009280
v -2.308189 0.504833 0.000204
v -2.305386 0.507338 -0.008872
v -2.282152 0.505556 -0.012632
v -2.282037 0.514632 -0.008872
v -2.281989 0.518391 0.000204
v -2.282037 0.514632 0.009280
v -2.282152 0.505556 0.013039
v -2.282268 0.496481 0.009280
v -2.282316 0.492722 0.000204
v -2.282268 0.496481 -0.008872
v -2.298618 0.636129 -0.012632
v -2.291849 0.630082 -0.008872
v -2.289046 0.627577 0.000204
v -2.291849 0.630082 0.009280
v -2.298618 0.636129 0.013039
v -2.305386 0.642176 0.009280
v -2.308189 0.644681 0.000204
v -2.305386 0.642176 -0.008872
v -2.282152 0.643958 -0.012632
v -2.282037 0.634882 -0.008872
v -2.281989 0.631123 0.000204
v -2.282037 0.634882 0.009280
v -2.282152 0.643958 0.013039
v -2.282268 0.653033 0.009280
v -2.282316 0.656792 0.000204
v -2.282268 0.653033 -0.008872
v -2.225540 0.528657 -0.011829
v -2.216464 0.620474 -0.009672
v -2.234616 0.528723 -0.008070
v -2.212705 0.620633 -0.000597
v -2.238376 0.528881 0.001004
v -2.216464 0.620791 0.008478
v -2.234616 0.529040 0.010079
v -2.225540 0.620857 0.012236
v -2.225540 0.529105 0.013838
v -2.234616 0.620791 0.008478
v -2.216464 0.529040 0.010079
v -2.238376 0.620633 -0.000597
v -2.212705 0.528881 0.001004
v -2.234616 0.620474 -0.009672
v -2.216464 0.528723 -0.008070
v -2.225540 0.620409 -0.013431
v -2.232238 0.513170 -0.011559
v -2.239007 0.519282 -0.007905
v -2.241810 0.521945 0.001126
v -2.239007 0.519599 0.010244
v -2.232238 0.513618 0.014108
v -2.225470 0.507507 0.010455
v -2.222667 0.504844 0.001424
v -2.225470 0.507190 -0.007694
v -2.248704 0.505343 -0.011422
v -2.248819 0.514482 -0.007822
v -2.248867 0.518399 0.001187
v -2.248819 0.514799 0.010328
v -2.248704 0.505791 0.014245
v -2.248588 0.496651 0.010644
v -2.248540 0.492734 0.001635
v -2.248588 0.496334 -0.007505
v -2.232238 0.635896 -0.013701
v -2.239007 0.629915 -0.009837
v -2.241810 0.627569 -0.000718
v -2.239007 0.630232 0.008313
v -2.232238 0.636344 0.011966
v -2.225470 0.642324 0.008102
v -2.222667 0.644670 -0.001017
v -2.225470 0.642007 -0.010048
v -2.248704 0.643723 -0.013838
v -2.248819 0.634715 -0.009920
v -2.248867 0.631115 -0.000780
v -2.248819 0.635032 0.008229
v -2.248704 0.644171 0.011829
v -2.248588 0.653179 0.007912
v -2.248540 0.656779 -0.001228
v -2.248588 0.652863 -0.010237
v -2.277977 0.422824 0.039808
v -2.274218 0.514589 0.048884
v -2.274218 0.422824 0.030732
v -2.265142 0.514589 0.052643
v -2.265142 0.422824 0.026972
v -2.256066 0.514589 0.048884
v -2.256066 0.422824 0.030732
v -2.252306 0.514589 0.039808
v -2.252306 0.422824 0.039808
v -2.256066 0.514589 0.030732
v -2.256066 0.422824 0.048884
v -2.265142 0.514589 0.026972
v -2.265142 0.422824 0.052643
v -2.274218 0.514589 0.030732
v -2.274218 0.422824 0.048884
v -2.277977 0.514589 0.039808
v -2.277977 0.530078 0.033110
v -2.274218 0.524032 0.026341
v -2.265142 0.521527 0.023538
v -2.256066 0.524032 0.026341
v -2.252306 0.530078 0.033110
v -2.256066 0.536125 0.039878
v -2.265142 0.538630 0.042682
v -2.274218 0.536125 0.039878
v -2.277977 0.537907 0.016645
v -2.274218 0.528832 0.016529
v -2.265142 0.525073 0.016481
v -2.256066 0.528832 0.016529
v -2.252306 0.537907 0.016645
v -2.256066 0.546982 0.016760
v -2.265142 0.550741 0.016808
v -2.274218 0.546982 0.016760
v -2.277174 0.422607 -0.039968
v -2.275017 0.514424 -0.049044
v -2.273416 0.422673 -0.030892
v -2.265943 0.514582 -0.052803
v -2.264341 0.422831 -0.027132
v -2.256868 0.514740 -0.049044
v -2.255266 0.422989 -0.030892
v -2.253109 0.514806 -0.039968
v -2.251508 0.423055 -0.039968
v -2.256868 0.514740 -0.030892
v -2.255266 0.422989 -0.049044
v -2.265943 0.514582 -0.027132
v -2.264341 0.422831 -0.052803
v -2.275017 0.514424 -0.030892
v -2.273416 0.422673 -0.049044
v -2.278776 0.514358 -0.039968
v -2.279047 0.529845 -0.033270
v -2.275182 0.523865 -0.026501
v -2.266064 0.521519 -0.023698
v -2.257033 0.524181 -0.026501
v -2.253379 0.530293 -0.033270
v -2.257244 0.536273 -0.040038
v -2.266362 0.538619 -0.042841
v -2.275393 0.535957 -0.040038
v -2.279183 0.537673 -0.016804
v -2.275266 0.528664 -0.016689
v -2.266125 0.525064 -0.016641
v -2.257117 0.528981 -0.016689
v -2.253516 0.538121 -0.016804
v -2.257433 0.547129 -0.016920
v -2.266573 0.550729 -0.016968
v -2.275583 0.546812 -0.016920
v -2.266542 2.759980 -0.083968
v -2.266542 3.540382 -0.083968
v -2.217316 2.759980 -0.067973
v -2.217316 3.540382 -0.067973
v -2.186893 2.759980 -0.026099
v -2.186893 3.540382 -0.026099
v -2.186893 2.759980 0.025660
v -2.186893 3.540382 0.025660
v -2.217316 2.759980 0.067534
v -2.217316 3.540382 0.067534
v -2.266542 2.759980 0.083529
v -2.266542 3.540382 0.083529
v -2.315768 2.759980 0.067534
v -2.315768 3.540382 0.067534
v -2.346191 2.759980 0.025660
v -2.346191 3.540382 0.025660
v -2.346191 2.759980 -0.026099
v -2.346191 3.540382 -0.026099
v -2.315768 2.759980 -0.067973
v -2.315768 3.540382 -0.067973
v -2.282267 0.947874 -0.010237
v -2.282315 0.943957 -0.001228
v -2.282267 0.947557 0.007912
v -2.282151 0.956566 0.011829
v -2.282036 0.965705 0.008229
v -2.281988 0.969622 -0.000780
v -2.282036 0.966022 -0.009920
v -2.282151 0.957013 -0.013838
v -2.305385 0.958730 -0.010048
v -2.308189 0.956067 -0.001017
v -2.305385 0.958413 0.008102
v -2.298617 0.964393 0.011966
v -2.291848 0.970505 0.008313
v -2.289045 0.973167 -0.000718
v -2.291848 0.970821 -0.009837
v -2.298617 0.964841 -0.013701
v -2.282267 1.104402 -0.007505
v -2.282315 1.108002 0.001635
v -2.282267 1.104085 0.010644
v -2.282151 1.094946 0.014245
v -2.282036 1.085937 0.010328
v -2.281988 1.082337 0.001187
v -2.282036 1.086254 -0.007822
v -2.282151 1.095394 -0.011422
v -2.305385 1.093546 -0.007694
v -2.308189 1.095892 0.001424
v -2.305385 1.093230 0.010455
v -2.298617 1.087118 0.014108
v -2.291848 1.081138 0.010244
v -2.289045 1.078792 0.001126
v -2.291848 1.081455 -0.007905
v -2.298617 1.087566 -0.011559
v -2.305315 0.980328 -0.013431
v -2.314391 1.072014 -0.008070
v -2.296239 0.980263 -0.009672
v -2.318151 1.071855 0.001004
v -2.292480 0.980104 -0.000597
v -2.314391 1.071697 0.010079
v -2.296239 0.979945 0.008478
v -2.305315 1.071631 0.013838
v -2.305315 0.979880 0.012236
v -2.296239 1.071697 0.010079
v -2.314391 0.979945 0.008478
v -2.292480 1.071855 0.001004
v -2.318151 0.980104 -0.000597
v -2.296239 1.072014 -0.008070
v -2.314391 0.980263 -0.009672
v -2.305315 1.072079 -0.011829
v -2.248587 0.947704 -0.008872
v -2.248539 0.943945 0.000204
v -2.248587 0.947704 0.009280
v -2.248703 0.956779 0.013039
v -2.248818 0.965854 0.009280
v -2.248866 0.969613 0.000204
v -2.248818 0.965854 -0.008872
v -2.248703 0.956779 -0.012632
v -2.225469 0.958561 -0.008872
v -2.222666 0.956056 0.000204
v -2.225469 0.958561 0.009280
v -2.232238 0.964607 0.013039
v -2.239006 0.970654 0.009280
v -2.241809 0.973159 0.000204
v -2.239006 0.970654 -0.008872
v -2.232238 0.964607 -0.012632
v -2.248587 1.104255 -0.008872
v -2.248539 1.108015 0.000204
v -2.248587 1.104255 0.009280
v -2.248703 1.095180 0.013039
v -2.248818 1.086105 0.009280
v -2.248866 1.082346 0.000204
v -2.248818 1.086105 -0.008872
v -2.248703 1.095180 -0.012632
v -2.225469 1.093398 -0.008872
v -2.222666 1.095903 0.000204
v -2.225469 1.093398 0.009280
v -2.232238 1.087352 0.013039
v -2.239006 1.081305 0.009280
v -2.241809 1.078800 0.000204
v -2.239006 1.081305 -0.008872
v -2.232238 1.087352 -0.012632
v -2.225539 0.980097 -0.012632
v -2.216463 1.071862 -0.008872
v -2.234615 0.980097 -0.008872
v -2.212704 1.071862 0.000204
v -2.238375 0.980097 0.000204
v -2.216463 1.071862 0.009280
v -2.234615 0.980097 0.009280
v -2.225539 1.071862 0.013039
v -2.225539 0.980097 0.013039
v -2.234615 1.071862 0.009280
v -2.216463 0.980097 0.009280
v -2.238375 1.071862 0.000204
v -2.212704 0.980097 0.000204
v -2.234615 1.071862 -0.008872
v -2.216463 0.980097 -0.008872
v -2.225539 1.071862 -0.012632
v -2.252878 2.793008 0.039808
v -2.256637 2.701243 0.048884
v -2.256637 2.793008 0.030732
v -2.265713 2.701243 0.052643
v -2.265713 2.793008 0.026973
v -2.274789 2.701243 0.048884
v -2.274789 2.793008 0.030732
v -2.278549 2.701243 0.039808
v -2.278549 2.793008 0.039808
v -2.274789 2.701243 0.030732
v -2.274789 2.793008 0.048884
v -2.265713 2.701243 0.026972
v -2.265713 2.793008 0.052643
v -2.256637 2.701243 0.030732
v -2.256637 2.793008 0.048884
v -2.252878 2.701243 0.039808
v -2.252878 2.685753 0.033110
v -2.256637 2.691800 0.026341
v -2.265713 2.694305 0.023538
v -2.274789 2.691800 0.026341
v -2.278549 2.685753 0.033110
v -2.274789 2.679707 0.039878
v -2.265713 2.677202 0.042682
v -2.256637 2.679707 0.039878
v -2.252878 2.677925 0.016645
v -2.256637 2.687000 0.016529
v -2.265713 2.690759 0.016481
v -2.274789 2.687000 0.016529
v -2.278549 2.677925 0.016645
v -2.274789 2.668849 0.016760
v -2.265713 2.665091 0.016808
v -2.256637 2.668849 0.016760
v -2.253680 2.793225 -0.039968
v -2.255838 2.701408 -0.049044
v -2.257439 2.793159 -0.030892
v -2.264913 2.701250 -0.052803
v -2.266514 2.793001 -0.027132
v -2.273987 2.701091 -0.049044
v -2.275589 2.792842 -0.030892
v -2.277746 2.701026 -0.039968
v -2.279348 2.792777 -0.039968
v -2.273987 2.701091 -0.030892
v -2.275589 2.792842 -0.049044
v -2.264913 2.701250 -0.027132
v -2.266514 2.793001 -0.052803
v -2.255838 2.701408 -0.030892
v -2.257439 2.793159 -0.049044
v -2.252079 2.701474 -0.039968
v -2.251809 2.685987 -0.033270
v -2.255673 2.691967 -0.026501
v -2.264791 2.694313 -0.023698
v -2.273823 2.691650 -0.026501
v -2.277476 2.685539 -0.033270
v -2.273611 2.679559 -0.040038
v -2.264493 2.677213 -0.042841
v -2.255462 2.679875 -0.040038
v -2.251672 2.678159 -0.016804
v -2.255589 2.687168 -0.016689
v -2.264730 2.690768 -0.016641
v -2.273739 2.686851 -0.016689
v -2.277339 2.677711 -0.016804
v -2.273422 2.668703 -0.016920
v -2.264282 2.665103 -0.016968
v -2.255273 2.669020 -0.016920
v -2.278263 1.644433 -0.039684
v -2.274503 1.552668 -0.048760
v -2.274503 1.644433 -0.030608
v -2.265427 1.552668 -0.052520
v -2.265427 1.644433 -0.026849
v -2.256351 1.552668 -0.048760
v -2.256351 1.644433 -0.030608
v -2.252592 1.552668 -0.039684
v -2.252592 1.644433 -0.039684
v -2.256351 1.552668 -0.030608
v -2.256351 1.644433 -0.048760
v -2.265427 1.552668 -0.026849
v -2.265427 1.644433 -0.052520
v -2.274503 1.552668 -0.030608
v -2.274503 1.644433 -0.048760
v -2.278263 1.552668 -0.039684
v -2.278263 1.659923 -0.032986
v -2.274503 1.653876 -0.026218
v -2.265427 1.651371 -0.023414
v -2.256351 1.653876 -0.026218
v -2.252592 1.659923 -0.032986
v -2.256351 1.665970 -0.039754
v -2.265427 1.668475 -0.042558
v -2.274503 1.665970 -0.039754
v -2.278263 1.667752 -0.016521
v -2.274503 1.658677 -0.016405
v -2.265427 1.654917 -0.016357
v -2.256351 1.658677 -0.016405
v -2.252592 1.667752 -0.016521
v -2.256351 1.676827 -0.016636
v -2.265427 1.680586 -0.016684
v -2.274503 1.676827 -0.016636
v -2.278263 1.537179 -0.032986
v -2.274503 1.543226 -0.026218
v -2.265427 1.545730 -0.023414
v -2.256351 1.543226 -0.026218
v -2.252592 1.537179 -0.032986
v -2.256351 1.531132 -0.039754
v -2.265427 1.528627 -0.042558
v -2.274503 1.531132 -0.039754
v -2.278263 1.529350 -0.016521
v -2.274503 1.538426 -0.016405
v -2.265427 1.542185 -0.016357
v -2.256351 1.538426 -0.016405
v -2.252592 1.529350 -0.016521
v -2.256351 1.520275 -0.016636
v -2.265427 1.516516 -0.016684
v -2.274503 1.520275 -0.016636
v -2.277460 1.644650 0.040092
v -2.275303 1.552834 0.049168
v -2.273701 1.644585 0.031016
v -2.266228 1.552675 0.052927
v -2.264626 1.644427 0.027256
v -2.257153 1.552517 0.049168
v -2.255552 1.644268 0.031016
v -2.253394 1.552451 0.040092
v -2.251793 1.644203 0.040092
v -2.257153 1.552517 0.031016
v -2.255552 1.644268 0.049168
v -2.266228 1.552675 0.027256
v -2.264626 1.644427 0.052927
v -2.275303 1.552834 0.031016
v -2.273701 1.644585 0.049168
v -2.279061 1.552899 0.040092
v -2.277189 1.660138 0.033393
v -2.273536 1.654026 0.026625
v -2.264505 1.651363 0.023822
v -2.255387 1.653709 0.026625
v -2.251523 1.659690 0.033393
v -2.255176 1.665801 0.040162
v -2.264207 1.668464 0.042965
v -2.273325 1.666118 0.040162
v -2.277053 1.667965 0.016928
v -2.273453 1.658826 0.016812
v -2.264443 1.654909 0.016765
v -2.255303 1.658509 0.016812
v -2.251386 1.667517 0.016928
v -2.254986 1.676657 0.017044
v -2.263995 1.680573 0.017092
v -2.273136 1.676973 0.017044
v -2.279332 1.537412 0.033393
v -2.275467 1.543393 0.026625
v -2.266349 1.545739 0.023822
v -2.257318 1.543076 0.026625
v -2.253665 1.536964 0.033393
v -2.257529 1.530984 0.040162
v -2.266648 1.528638 0.042965
v -2.275678 1.531301 0.040162
v -2.279468 1.529585 0.016928
v -2.275551 1.538593 0.016812
v -2.266411 1.542193 0.016765
v -2.257402 1.538276 0.016812
v -2.253801 1.529137 0.016928
v -2.257719 1.520129 0.017044
v -2.266859 1.516528 0.017092
v -2.275868 1.520445 0.017044
v -2.225539 1.757457 -0.012632
v -2.216463 1.665692 -0.008872
v -2.234615 1.757457 -0.008872
v -2.212704 1.665692 0.000204
v -2.238375 1.757457 0.000204
v -2.216463 1.665692 0.009280
v -2.234615 1.757457 0.009280
v -2.225539 1.665692 0.013039
v -2.225539 1.757457 0.013039
v -2.234615 1.665692 0.009280
v -2.216463 1.757457 0.009280
v -2.238375 1.665692 0.000204
v -2.212704 1.757457 0.000204
v -2.234615 1.665692 -0.008872
v -2.216463 1.757457 -0.008872
v -2.225539 1.665692 -0.012632
v -2.232238 1.772946 -0.012632
v -2.239006 1.766899 -0.008872
v -2.241809 1.764395 0.000204
v -2.239006 1.766899 0.009280
v -2.232238 1.772946 0.013039
v -2.225469 1.778993 0.009280
v -2.222666 1.781498 0.000204
v -2.225469 1.778993 -0.008872
v -2.248703 1.780775 -0.012632
v -2.248818 1.771700 -0.008872
v -2.248866 1.767941 0.000204
v -2.248818 1.771700 0.009280
v -2.248703 1.780775 0.013039
v -2.248587 1.789850 0.009280
v -2.248539 1.793610 0.000204
v -2.248587 1.789850 -0.008872
v -2.232238 1.650202 -0.012632
v -2.239006 1.656249 -0.008872
v -2.241809 1.658754 0.000204
v -2.239006 1.656249 0.009280
v -2.232238 1.650202 0.013039
v -2.225469 1.644156 0.009280
v -2.222666 1.641651 0.000204
v -2.225469 1.644156 -0.008872
v -2.248703 1.642374 -0.012632
v -2.248818 1.651449 -0.008872
v -2.248866 1.655208 0.000204
v -2.248818 1.651449 0.009280
v -2.248703 1.642374 0.013039
v -2.248587 1.633299 0.009280
v -2.248539 1.629540 0.000204
v -2.248587 1.633299 -0.008872
v -2.305315 1.757674 -0.011829
v -2.314391 1.665857 -0.009672
v -2.296239 1.757609 -0.008070
v -2.318151 1.665699 -0.000597
v -2.292480 1.757450 0.001004
v -2.314391 1.665540 0.008478
v -2.296239 1.757292 0.010079
v -2.305315 1.665475 0.012236
v -2.305315 1.757226 0.013838
v -2.296239 1.665540 0.008478
v -2.314391 1.757292 0.010079
v -2.292480 1.665699 -0.000597
v -2.318151 1.757450 0.001004
v -2.296239 1.665857 -0.009672
v -2.314391 1.757609 -0.008070
v -2.305315 1.665923 -0.013431
v -2.298617 1.773161 -0.011559
v -2.291848 1.767049 -0.007905
v -2.289045 1.764387 0.001126
v -2.291848 1.766733 0.010244
v -2.298617 1.772713 0.014108
v -2.305385 1.778824 0.010455
v -2.308189 1.781487 0.001424
v -2.305385 1.779141 -0.007694
v -2.282151 1.780989 -0.011422
v -2.282036 1.771849 -0.007822
v -2.281988 1.767932 0.001187
v -2.282036 1.771532 0.010328
v -2.282151 1.780541 0.014245
v -2.282267 1.789680 0.010644
v -2.282315 1.793597 0.001635
v -2.282267 1.789997 -0.007505
v -2.298617 1.650436 -0.013701
v -2.291848 1.656416 -0.009837
v -2.289045 1.658762 -0.000718
v -2.291848 1.656099 0.008313
v -2.298617 1.649988 0.011966
v -2.305385 1.644008 0.008102
v -2.308189 1.641662 -0.001017
v -2.305385 1.644324 -0.010048
v -2.282151 1.642608 -0.013838
v -2.282036 1.651617 -0.009920
v -2.281988 1.655217 -0.000780
v -2.282036 1.651300 0.008229
v -2.282151 1.642161 0.011829
v -2.282267 1.633152 0.007912
v -2.282315 1.629552 -0.001228
v -2.282267 1.633469 -0.010237
v -2.282267 1.402386 -0.010237
v -2.282315 1.398469 -0.001228
v -2.282267 1.402069 0.007912
v -2.282151 1.411078 0.011829
v -2.282036 1.420217 0.008229
v -2.281988 1.424134 -0.000780
v -2.282036 1.420534 -0.009920
v -2.282151 1.411525 -0.013838
v -2.305385 1.413242 -0.010048
v -2.308189 1.410579 -0.001017
v -2.305385 1.412925 0.008102
v -2.298617 1.418905 0.011966
v -2.291848 1.425017 0.008313
v -2.289045 1.427679 -0.000718
v -2.291848 1.425333 -0.009837
v -2.298617 1.419353 -0.013701
v -2.282267 1.558914 -0.007505
v -2.282315 1.562514 0.001635
v -2.282267 1.558597 0.010644
v -2.282151 1.549458 0.014245
v -2.282036 1.540449 0.010328
v -2.281988 1.536849 0.001187
v -2.282036 1.540766 -0.007822
v -2.282151 1.549906 -0.011422
v -2.305385 1.548058 -0.007694
v -2.308189 1.550404 0.001424
v -2.305385 1.547742 0.010455
v -2.298617 1.541630 0.014108
v -2.291848 1.535650 0.010244
v -2.289045 1.533304 0.001126
v -2.291848 1.535967 -0.007905
v -2.298617 1.542078 -0.011559
v -2.305315 1.434840 -0.013431
v -2.314391 1.526526 -0.008070
v -2.296239 1.434775 -0.009672
v -2.318151 1.526367 0.001004
v -2.292480 1.434616 -0.000597
v -2.314391 1.526209 0.010079
v -2.296239 1.434457 0.008478
v -2.305315 1.526143 0.013838
v -2.305315 1.434392 0.012236
v -2.296239 1.526209 0.010079
v -2.314391 1.434457 0.008478
v -2.292480 1.526367 0.001004
v -2.318151 1.434616 -0.000597
v -2.296239 1.526526 -0.008070
v -2.314391 1.434775 -0.009672
v -2.305315 1.526591 -0.011829
v -2.248587 1.402216 -0.008872
v -2.248539 1.398457 0.000204
v -2.248587 1.402216 0.009280
v -2.248703 1.411291 0.013039
v -2.248818 1.420366 0.009280
v -2.248866 1.424125 0.000204
v -2.248818 1.420366 -0.008872
v -2.248703 1.411291 -0.012632
v -2.225469 1.413073 -0.008872
v -2.222666 1.410568 0.000204
v -2.225469 1.413073 0.009280
v -2.232238 1.419119 0.013039
v -2.239006 1.425166 0.009280
v -2.241809 1.427671 0.000204
v -2.239006 1.425166 -0.008872
v -2.232238 1.419119 -0.012632
v -2.248587 1.558767 -0.008872
v -2.248539 1.562527 0.000204
v -2.248587 1.558767 0.009280
v -2.248703 1.549692 0.013039
v -2.248818 1.540617 0.009280
v -2.248866 1.536858 0.000204
v -2.248818 1.540617 -0.008872
v -2.248703 1.549692 -0.012632
v -2.225469 1.547910 -0.008872
v -2.222666 1.550415 0.000204
v -2.225469 1.547910 0.009280
v -2.232238 1.541864 0.013039
v -2.239006 1.535817 0.009280
v -2.241809 1.533312 0.000204
v -2.239006 1.535817 -0.008872
v -2.232238 1.541864 -0.012632
v -2.225539 1.434609 -0.012632
v -2.216463 1.526374 -0.008872
v -2.234615 1.434609 -0.008872
v -2.212704 1.526374 0.000204
v -2.238375 1.434609 0.000204
v -2.216463 1.526374 0.009280
v -2.234615 1.434609 0.009280
v -2.225539 1.526374 0.013039
v -2.225539 1.434609 0.013039
v -2.234615 1.526374 0.009280
v -2.216463 1.434609 0.009280
v -2.238375 1.526374 0.000204
v -2.212704 1.434609 0.000204
v -2.234615 1.526374 -0.008872
v -2.216463 1.434609 -0.008872
v -2.225539 1.526374 -0.012632
v -2.275868 1.289362 0.017044
v -2.266859 1.285446 0.017092
v -2.257719 1.289046 0.017044
v -2.253801 1.298054 0.016928
v -2.257402 1.307193 0.016812
v -2.266411 1.311110 0.016765
v -2.275551 1.307510 0.016812
v -2.279468 1.298502 0.016928
v -2.275678 1.300218 0.040162
v -2.266648 1.297555 0.042965
v -2.257529 1.299901 0.040162
v -2.253665 1.305882 0.033393
v -2.257318 1.311993 0.026625
v -2.266349 1.314656 0.023822
v -2.275467 1.312310 0.026625
v -2.279332 1.306329 0.033393
v -2.273136 1.445891 0.017044
v -2.263995 1.449491 0.017092
v -2.254986 1.445574 0.017044
v -2.251386 1.436434 0.016928
v -2.255303 1.427426 0.016812
v -2.264443 1.423826 0.016765
v -2.273453 1.427743 0.016812
v -2.277053 1.436882 0.016928
v -2.273325 1.435035 0.040162
v -2.264207 1.437381 0.042965
v -2.255176 1.434718 0.040162
v -2.251523 1.428607 0.033393
v -2.255387 1.422626 0.026625
v -2.264505 1.420280 0.023822
v -2.273536 1.422943 0.026625
v -2.277189 1.429055 0.033393
v -2.279061 1.321816 0.040092
v -2.273701 1.413502 0.049168
v -2.275303 1.321751 0.031016
v -2.264626 1.413344 0.052927
v -2.266228 1.321593 0.027256
v -2.255552 1.413185 0.049168
v -2.257153 1.321434 0.031016
v -2.251793 1.413120 0.040092
v -2.253394 1.321369 0.040092
v -2.255552 1.413185 0.031016
v -2.257153 1.321434 0.049168
v -2.264626 1.413344 0.027256
v -2.266228 1.321593 0.052927
v -2.273701 1.413502 0.031016
v -2.275303 1.321751 0.049168
v -2.277460 1.413568 0.040092
v -2.274503 1.289192 -0.016636
v -2.265427 1.285433 -0.016684
v -2.256351 1.289192 -0.016636
v -2.252592 1.298267 -0.016521
v -2.256351 1.307343 -0.016405
v -2.265427 1.311102 -0.016357
v -2.274503 1.307343 -0.016405
v -2.278263 1.298267 -0.016521
v -2.274503 1.300049 -0.039754
v -2.265427 1.297544 -0.042558
v -2.256351 1.300049 -0.039754
v -2.252592 1.306096 -0.032986
v -2.256351 1.312143 -0.026218
v -2.265427 1.314648 -0.023414
v -2.274503 1.312143 -0.026218
v -2.278263 1.306096 -0.032986
v -2.274503 1.445744 -0.016636
v -2.265427 1.449503 -0.016684
v -2.256351 1.445744 -0.016636
v -2.252592 1.436669 -0.016521
v -2.256351 1.427594 -0.016405
v -2.265427 1.423834 -0.016357
v -2.274503 1.427594 -0.016405
v -2.278263 1.436669 -0.016521
v -2.274503 1.434887 -0.039754
v -2.265427 1.437392 -0.042558
v -2.256351 1.434887 -0.039754
v -2.252592 1.428840 -0.032986
v -2.256351 1.422793 -0.026218
v -2.265427 1.420289 -0.023414
v -2.274503 1.422793 -0.026218
v -2.278263 1.428840 -0.032986
v -2.278263 1.321586 -0.039684
v -2.274503 1.413351 -0.048760
v -2.274503 1.321586 -0.030608
v -2.265427 1.413351 -0.052520
v -2.265427 1.321586 -0.026849
v -2.256351 1.413351 -0.048760
v -2.256351 1.321586 -0.030608
v -2.252592 1.413351 -0.039684
v -2.252592 1.321586 -0.039684
v -2.256351 1.413351 -0.030608
v -2.256351 1.321586 -0.048760
v -2.265427 1.413351 -0.026849
v -2.265427 1.321586 -0.052520
v -2.274503 1.413351 -0.030608
v -2.274503 1.321586 -0.048760
v -2.278263 1.413351 -0.039684
v -2.278263 1.186220 -0.039684
v -2.274503 1.094455 -0.048760
v -2.274503 1.186220 -0.030608
v -2.265427 1.094455 -0.052520
v -2.265427 1.186220 -0.026849
v -2.256351 1.094455 -0.048760
v -2.256351 1.186220 -0.030608
v -2.252592 1.094455 -0.039684
v -2.252592 1.186220 -0.039684
v -2.256351 1.094455 -0.030608
v -2.256351 1.186220 -0.048760
v -2.265427 1.094455 -0.026849
v -2.265427 1.186220 -0.052520
v -2.274503 1.094455 -0.030608
v -2.274503 1.186220 -0.048760
v -2.278263 1.094455 -0.039684
v -2.278263 1.201710 -0.032986
v -2.274503 1.195663 -0.026218
v -2.265427 1.193158 -0.023414
v -2.256351 1.195663 -0.026218
v -2.252592 1.201710 -0.032986
v -2.256351 1.207756 -0.039754
v -2.265427 1.210261 -0.042558
v -2.274503 1.207756 -0.039754
v -2.278263 1.209538 -0.016521
v -2.274503 1.200463 -0.016405
v -2.265427 1.196704 -0.016357
v -2.256351 1.200463 -0.016405
v -2.252592 1.209538 -0.016521
v -2.256351 1.218614 -0.016636
v -2.265427 1.222373 -0.016684
v -2.274503 1.218614 -0.016636
v -2.278263 1.078966 -0.032986
v -2.274503 1.085012 -0.026218
v -2.265427 1.087517 -0.023414
v -2.256351 1.085012 -0.026218
v -2.252592 1.078966 -0.032986
v -2.256351 1.072919 -0.039754
v -2.265427 1.070414 -0.042558
v -2.274503 1.072919 -0.039754
v -2.278263 1.071137 -0.016521
v -2.274503 1.080212 -0.016405
v -2.265427 1.083971 -0.016357
v -2.256351 1.080212 -0.016405
v -2.252592 1.071137 -0.016521
v -2.256351 1.062062 -0.016636
v -2.265427 1.058303 -0.016684
v -2.274503 1.062062 -0.016636
v -2.277460 1.186437 0.040092
v -2.275303 1.094621 0.049168
v -2.273701 1.186372 0.031016
v -2.266228 1.094462 0.052927
v -2.264626 1.186213 0.027256
v -2.257153 1.094303 0.049168
v -2.255552 1.186055 0.031016
v -2.253394 1.094238 0.040092
v -2.251793 1.185989 0.040092
v -2.257153 1.094303 0.031016
v -2.255552 1.186055 0.049168
v -2.266228 1.094462 0.027256
v -2.264626 1.186213 0.052927
v -2.275303 1.094621 0.031016
v -2.273701 1.186372 0.049168
v -2.279061 1.094686 0.040092
v -2.277189 1.201924 0.033393
v -2.273536 1.195813 0.026625
v -2.264505 1.193150 0.023822
v -2.255387 1.195496 0.026625
v -2.251523 1.201476 0.033393
v -2.255176 1.207588 0.040162
v -2.264207 1.210250 0.042965
v -2.273325 1.207904 0.040162
v -2.277053 1.209752 0.016928
v -2.273453 1.200612 0.016812
v -2.264443 1.196695 0.016765
v -2.255303 1.200295 0.016812
v -2.251386 1.209304 0.016928
v -2.254986 1.218443 0.017044
v -2.263995 1.222360 0.017092
v -2.273136 1.218760 0.017044
v -2.279332 1.079199 0.033393
v -2.275467 1.085179 0.026625
v -2.266349 1.087525 0.023822
v -2.257318 1.084863 0.026625
v -2.253665 1.078751 0.033393
v -2.257529 1.072771 0.040162
v -2.266648 1.070425 0.042965
v -2.275678 1.073088 0.040162
v -2.279468 1.071371 0.016928
v -2.275551 1.080380 0.016812
v -2.266411 1.083980 0.016765
v -2.257402 1.080063 0.016812
v -2.253801 1.070924 0.016928
v -2.257719 1.061915 0.017044
v -2.266859 1.058315 0.017092
v -2.275868 1.062232 0.017044
v -2.225539 1.299243 -0.012632
v -2.216463 1.207479 -0.008872
v -2.234615 1.299243 -0.008872
v -2.212704 1.207479 0.000204
v -2.238375 1.299243 0.000204
v -2.216463 1.207479 0.009280
v -2.234615 1.299243 0.009280
v -2.225539 1.207479 0.013039
v -2.225539 1.299243 0.013039
v -2.234615 1.207479 0.009280
v -2.216463 1.299243 0.009280
v -2.238375 1.207479 0.000204
v -2.212704 1.299243 0.000204
v -2.234615 1.207479 -0.008872
v -2.216463 1.299243 -0.008872
v -2.225539 1.207479 -0.012632
v -2.232238 1.314733 -0.012632
v -2.239006 1.308686 -0.008872
v -2.241809 1.306181 0.000204
v -2.239006 1.308686 0.009280
v -2.232238 1.314733 0.013039
v -2.225469 1.320780 0.009280
v -2.222666 1.323285 0.000204
v -2.225469 1.320780 -0.008872
v -2.248703 1.322562 -0.012632
v -2.248818 1.313487 -0.008872
v -2.248866 1.309727 0.000204
v -2.248818 1.313487 0.009280
v -2.248703 1.322562 0.013039
v -2.248587 1.331637 0.009280
v -2.248539 1.335396 0.000204
v -2.248587 1.331637 -0.008872
v -2.232238 1.191989 -0.012632
v -2.239006 1.198036 -0.008872
v -2.241809 1.200541 0.000204
v -2.239006 1.198036 0.009280
v -2.232238 1.191989 0.013039
v -2.225469 1.185942 0.009280
v -2.222666 1.183437 0.000204
v -2.225469 1.185942 -0.008872
v -2.248703 1.184160 -0.012632
v -2.248818 1.193236 -0.008872
v -2.248866 1.196995 0.000204
v -2.248818 1.193236 0.009280
v -2.248703 1.184160 0.013039
v -2.248587 1.175085 0.009280
v -2.248539 1.171326 0.000204
v -2.248587 1.175085 -0.008872
v -2.305315 1.299460 -0.011829
v -2.314391 1.207644 -0.009672
v -2.296239 1.299395 -0.008070
v -2.318151 1.207485 -0.000597
v -2.292480 1.299237 0.001004
v -2.314391 1.207327 0.008478
v -2.296239 1.299078 0.010079
v -2.305315 1.207262 0.012236
v -2.305315 1.299013 0.013838
v -2.296239 1.207327 0.008478
v -2.314391 1.299078 0.010079
v -2.292480 1.207485 -0.000597
v -2.318151 1.299237 0.001004
v -2.296239 1.207644 -0.009672
v -2.314391 1.299395 -0.008070
v -2.305315 1.207709 -0.013431
v -2.298617 1.314948 -0.011559
v -2.291848 1.308836 -0.007905
v -2.289045 1.306173 0.001126
v -2.291848 1.308519 0.010244
v -2.298617 1.314500 0.014108
v -2.305385 1.320611 0.010455
v -2.308189 1.323274 0.001424
v -2.305385 1.320928 -0.007694
v -2.282151 1.322775 -0.011422
v -2.282036 1.313636 -0.007822
v -2.281988 1.309719 0.001187
v -2.282036 1.313319 0.010328
v -2.282151 1.322327 0.014245
v -2.282267 1.331467 0.010644
v -2.282315 1.335383 0.001635
v -2.282267 1.331784 -0.007505
v -2.298617 1.192222 -0.013701
v -2.291848 1.198203 -0.009837
v -2.289045 1.200549 -0.000718
v -2.291848 1.197886 0.008313
v -2.298617 1.191774 0.011966
v -2.305385 1.185794 0.008102
v -2.308189 1.183448 -0.001017
v -2.305385 1.186111 -0.010048
v -2.282151 1.184395 -0.013838
v -2.282036 1.193403 -0.009920
v -2.281988 1.197003 -0.000780
v -2.282036 1.193086 0.008229
v -2.282151 1.183947 0.011829
v -2.282267 1.174939 0.007912
v -2.282315 1.171339 -0.001228
v -2.282267 1.175255 -0.010237
v -2.275868 0.834850 0.017044
v -2.266859 0.830934 0.017092
v -2.257719 0.834534 0.017044
v -2.253801 0.843542 0.016928
v -2.257402 0.852681 0.016812
v -2.266411 0.856598 0.016765
v -2.275551 0.852998 0.016812
v -2.279468 0.843990 0.016928
v -2.275678 0.845706 0.040162
v -2.266648 0.843043 0.042965
v -2.257529 0.845389 0.040162
v -2.253665 0.851370 0.033393
v -2.257318 0.857481 0.026625
v -2.266349 0.860144 0.023822
v -2.275467 0.857798 0.026625
v -2.279332 0.851817 0.033393
v -2.273136 0.991379 0.017044
v -2.263995 0.994979 0.017092
v -2.254986 0.991062 0.017044
v -2.251386 0.981922 0.016928
v -2.255303 0.972914 0.016812
v -2.264443 0.969314 0.016765
v -2.273453 0.973231 0.016812
v -2.277053 0.982370 0.016928
v -2.273325 0.980523 0.040162
v -2.264207 0.982869 0.042965
v -2.255176 0.980206 0.040162
v -2.251523 0.974095 0.033393
v -2.255387 0.968114 0.026625
v -2.264505 0.965768 0.023822
v -2.273536 0.968431 0.026625
v -2.277189 0.974543 0.033393
v -2.279061 0.867304 0.040092
v -2.273701 0.958990 0.049168
v -2.275303 0.867239 0.031016
v -2.264626 0.958832 0.052927
v -2.266228 0.867081 0.027256
v -2.255552 0.958673 0.049168
v -2.257153 0.866922 0.031016
v -2.251793 0.958608 0.040092
v -2.253394 0.866857 0.040092
v -2.255552 0.958673 0.031016
v -2.257153 0.866922 0.049168
v -2.264626 0.958832 0.027256
v -2.266228 0.867081 0.052927
v -2.273701 0.958990 0.031016
v -2.275303 0.867239 0.049168
v -2.277460 0.959056 0.040092
v -2.274503 0.834680 -0.016636
v -2.265427 0.830921 -0.016684
v -2.256351 0.834680 -0.016636
v -2.252592 0.843755 -0.016521
v -2.256351 0.852831 -0.016405
v -2.265427 0.856590 -0.016357
v -2.274503 0.852831 -0.016405
v -2.278263 0.843755 -0.016521
v -2.274503 0.845537 -0.039754
v -2.265427 0.843032 -0.042558
v -2.256351 0.845537 -0.039754
v -2.252592 0.851584 -0.032986
v -2.256351 0.857631 -0.026218
v -2.265427 0.860136 -0.023414
v -2.274503 0.857631 -0.026218
v -2.278263 0.851584 -0.032986
v -2.274503 0.991232 -0.016636
v -2.265427 0.994991 -0.016684
v -2.256351 0.991232 -0.016636
v -2.252592 0.982157 -0.016521
v -2.256351 0.973082 -0.016405
v -2.265427 0.969322 -0.016357
v -2.274503 0.973082 -0.016405
v -2.278263 0.982157 -0.016521
v -2.274503 0.980375 -0.039754
v -2.265427 0.982880 -0.042558
v -2.256351 0.980375 -0.039754
v -2.252592 0.974328 -0.032986
v -2.256351 0.968281 -0.026218
v -2.265427 0.965777 -0.023414
v -2.274503 0.968281 -0.026218
v -2.278263 0.974328 -0.032986
v -2.278263 0.867074 -0.039684
v -2.274503 0.958839 -0.048760
v -2.274503 0.867074 -0.030608
v -2.265427 0.958839 -0.052520
v -2.265427 0.867074 -0.026849
v -2.256351 0.958839 -0.048760
v -2.256351 0.867074 -0.030608
v -2.252592 0.958839 -0.039684
v -2.252592 0.867074 -0.039684
v -2.256351 0.958839 -0.030608
v -2.256351 0.867074 -0.048760
v -2.265427 0.958839 -0.026849
v -2.265427 0.867074 -0.052520
v -2.274503 0.958839 -0.030608
v -2.274503 0.867074 -0.048760
v -2.278263 0.958839 -0.039684
v -2.225539 0.845040 -0.012632
v -2.216463 0.753275 -0.008872
v -2.234615 0.845040 -0.008872
v -2.212704 0.753275 0.000204
v -2.238375 0.845040 0.000204
v -2.216463 0.753275 0.009280
v -2.234615 0.845040 0.009280
v -2.225539 0.753275 0.013039
v -2.225539 0.845040 0.013039
v -2.234615 0.753275 0.009280
v -2.216463 0.845040 0.009280
v -2.238375 0.753275 0.000204
v -2.212704 0.845040 0.000204
v -2.234615 0.753275 -0.008872
v -2.216463 0.845040 -0.008872
v -2.225539 0.753275 -0.012632
v -2.232238 0.860530 -0.012632
v -2.239006 0.854483 -0.008872
v -2.241809 0.851978 0.000204
v -2.239006 0.854483 0.009280
v -2.232238 0.860530 0.013039
v -2.225469 0.866576 0.009280
v -2.222666 0.869081 0.000204
v -2.225469 0.866576 -0.008872
v -2.248703 0.868358 -0.012632
v -2.248818 0.859283 -0.008872
v -2.248866 0.855524 0.000204
v -2.248818 0.859283 0.009280
v -2.248703 0.868358 0.013039
v -2.248587 0.877434 0.009280
v -2.248539 0.881193 0.000204
v -2.248587 0.877434 -0.008872
v -2.232238 0.737786 -0.012632
v -2.239006 0.743832 -0.008872
v -2.241809 0.746337 0.000204
v -2.239006 0.743832 0.009280
v -2.232238 0.737786 0.013039
v -2.225469 0.731739 0.009280
v -2.222666 0.729234 0.000204
v -2.225469 0.731739 -0.008872
v -2.248703 0.729957 -0.012632
v -2.248818 0.739032 -0.008872
v -2.248866 0.742791 0.000204
v -2.248818 0.739032 0.009280
v -2.248703 0.729957 0.013039
v -2.248587 0.720882 0.009280
v -2.248539 0.717123 0.000204
v -2.248587 0.720882 -0.008872
v -2.305315 0.845257 -0.011829
v -2.314391 0.753441 -0.009672
v -2.296239 0.845192 -0.008070
v -2.318151 0.753282 -0.000597
v -2.292480 0.845033 0.001004
v -2.314391 0.753124 0.008478
v -2.296239 0.844875 0.010079
v -2.305315 0.753058 0.012236
v -2.305315 0.844809 0.013838
v -2.296239 0.753124 0.008478
v -2.314391 0.844875 0.010079
v -2.292480 0.753282 -0.000597
v -2.318151 0.845033 0.001004
v -2.296239 0.753441 -0.009672
v -2.314391 0.845192 -0.008070
v -2.305315 0.753506 -0.013431
v -2.298617 0.860744 -0.011559
v -2.291848 0.854633 -0.007905
v -2.289045 0.851970 0.001126
v -2.291848 0.854316 0.010244
v -2.298617 0.860296 0.014108
v -2.305385 0.866408 0.010455
v -2.308189 0.869071 0.001424
v -2.305385 0.866724 -0.007694
v -2.282151 0.868572 -0.011422
v -2.282036 0.859432 -0.007822
v -2.281988 0.855515 0.001187
v -2.282036 0.859115 0.010328
v -2.282151 0.868124 0.014245
v -2.282267 0.877263 0.010644
v -2.282315 0.881180 0.001635
v -2.282267 0.877580 -0.007505
v -2.298617 0.738019 -0.013701
v -2.291848 0.743999 -0.009837
v -2.289045 0.746345 -0.000718
v -2.291848 0.743683 0.008313
v -2.298617 0.737571 0.011966
v -2.305385 0.731591 0.008102
v -2.308189 0.729245 -0.001017
v -2.305385 0.731908 -0.010048
v -2.282151 0.730191 -0.013838
v -2.282036 0.739200 -0.009920
v -2.281988 0.742800 -0.000780
v -2.282036 0.738883 0.008229
v -2.282151 0.729744 0.011829
v -2.282267 0.720735 0.007912
v -2.282315 0.717135 -0.001228
v -2.282267 0.721052 -0.010237
v -2.278263 0.732017 -0.039684
v -2.274503 0.640252 -0.048760
v -2.274503 0.732017 -0.030608
v -2.265427 0.640252 -0.052520
v -2.265427 0.732017 -0.026849
v -2.256351 0.640252 -0.048760
v -2.256351 0.732017 -0.030608
v -2.252592 0.640252 -0.039684
v -2.252592 0.732017 -0.039684
v -2.256351 0.640252 -0.030608
v -2.256351 0.732017 -0.048760
v -2.265427 0.640252 -0.026849
v -2.265427 0.732017 -0.052520
v -2.274503 0.640252 -0.030608
v -2.274503 0.732017 -0.048760
v -2.278263 0.640252 -0.039684
v -2.278263 0.747506 -0.032986
v -2.274503 0.741459 -0.026218
v -2.265427 0.738955 -0.023414
v -2.256351 0.741459 -0.026218
v -2.252592 0.747506 -0.032986
v -2.256351 0.753553 -0.039754
v -2.265427 0.756058 -0.042558
v -2.274503 0.753553 -0.039754
v -2.278263 0.755335 -0.016521
v -2.274503 0.746260 -0.016405
v -2.265427 0.742500 -0.016357
v -2.256351 0.746260 -0.016405
v -2.252592 0.755335 -0.016521
v -2.256351 0.764410 -0.016636
v -2.265427 0.768170 -0.016684
v -2.274503 0.764410 -0.016636
v -2.278263 0.624762 -0.032986
v -2.274503 0.630809 -0.026218
v -2.265427 0.633314 -0.023414
v -2.256351 0.630809 -0.026218
v -2.252592 0.624762 -0.032986
v -2.256351 0.618715 -0.039754
v -2.265427 0.616211 -0.042558
v -2.274503 0.618715 -0.039754
v -2.278263 0.616933 -0.016521
v -2.274503 0.626009 -0.016405
v -2.265427 0.629768 -0.016357
v -2.256351 0.626009 -0.016405
v -2.252592 0.616933 -0.016521
v -2.256351 0.607858 -0.016636
v -2.265427 0.604099 -0.016684
v -2.274503 0.607858 -0.016636
v -2.277460 0.732234 0.040092
v -2.275303 0.640417 0.049168
v -2.273701 0.732168 0.031016
v -2.266228 0.640259 0.052927
v -2.264626 0.732010 0.027256
v -2.257153 0.640100 0.049168
v -2.255552 0.731851 0.031016
v -2.253394 0.640035 0.040092
v -2.251793 0.731786 0.040092
v -2.257153 0.640100 0.031016
v -2.255552 0.731851 0.049168
v -2.266228 0.640259 0.027256
v -2.264626 0.732010 0.052927
v -2.275303 0.640417 0.031016
v -2.273701 0.732168 0.049168
v -2.279061 0.640483 0.040092
v -2.277189 0.747721 0.033393
v -2.273536 0.741609 0.026625
v -2.264505 0.738947 0.023822
v -2.255387 0.741293 0.026625
v -2.251523 0.747273 0.033393
v -2.255176 0.753384 0.040162
v -2.264207 0.756047 0.042965
v -2.273325 0.753701 0.040162
v -2.277053 0.755548 0.016928
v -2.273453 0.746409 0.016812
v -2.264443 0.742492 0.016765
v -2.255303 0.746092 0.016812
v -2.251386 0.755100 0.016928
v -2.254986 0.764240 0.017044
v -2.263995 0.768157 0.017092
v -2.273136 0.764557 0.017044
v -2.279332 0.624996 0.033393
v -2.275467 0.630976 0.026625
v -2.266349 0.633322 0.023822
v -2.257318 0.630659 0.026625
v -2.253665 0.624548 0.033393
v -2.257529 0.618567 0.040162
v -2.266648 0.616222 0.042965
v -2.275678 0.618884 0.040162
v -2.279468 0.617168 0.016928
v -2.275551 0.626176 0.016812
v -2.266411 0.629777 0.016765
v -2.257402 0.625859 0.016812
v -2.253801 0.616720 0.016928
v -2.257719 0.607712 0.017044
v -2.266859 0.604112 0.017092
v -2.275868 0.608029 0.017044
v -2.278263 1.872108 -0.039684
v -2.274503 1.780343 -0.048760
v -2.274503 1.872108 -0.030608
v -2.265427 1.780343 -0.052520
v -2.265427 1.872108 -0.026849
v -2.256351 1.780343 -0.048760
v -2.256351 1.872108 -0.030608
v -2.252592 1.780343 -0.039684
v -2.252592 1.872108 -0.039684
v -2.256351 1.780343 -0.030608
v -2.256351 1.872108 -0.048760
v -2.265427 1.780343 -0.026849
v -2.265427 1.872108 -0.052520
v -2.274503 1.780343 -0.030608
v -2.274503 1.872108 -0.048760
v -2.278263 1.780343 -0.039684
v -2.278263 1.887597 -0.032986
v -2.274503 1.881550 -0.026218
v -2.265427 1.879046 -0.023414
v -2.256351 1.881550 -0.026218
v -2.252592 1.887597 -0.032986
v -2.256351 1.893644 -0.039754
v -2.265427 1.896149 -0.042558
v -2.274503 1.893644 -0.039754
v -2.278263 1.895426 -0.016521
v -2.274503 1.886351 -0.016405
v -2.265427 1.882592 -0.016357
v -2.256351 1.886351 -0.016405
v -2.252592 1.895426 -0.016521
v -2.256351 1.904501 -0.016636
v -2.265427 1.908261 -0.016684
v -2.274503 1.904501 -0.016636
v -2.278263 1.764853 -0.032986
v -2.274503 1.770900 -0.026218
v -2.265427 1.773405 -0.023414
v -2.256351 1.770900 -0.026218
v -2.252592 1.764853 -0.032986
v -2.256351 1.758807 -0.039754
v -2.265427 1.756302 -0.042558
v -2.274503 1.758807 -0.039754
v -2.278263 1.757025 -0.016521
v -2.274503 1.766100 -0.016405
v -2.265427 1.769859 -0.016357
v -2.256351 1.766100 -0.016405
v -2.252592 1.757025 -0.016521
v -2.256351 1.747949 -0.016636
v -2.265427 1.744191 -0.016684
v -2.274503 1.747949 -0.016636
v -2.277460 1.872325 0.040092
v -2.275303 1.780508 0.049168
v -2.273701 1.872259 0.031016
v -2.266228 1.780350 0.052927
v -2.264626 1.872101 0.027256
v -2.257153 1.780191 0.049168
v -2.255552 1.871943 0.031016
v -2.253394 1.780126 0.040092
v -2.251793 1.871877 0.040092
v -2.257153 1.780191 0.031016
v -2.255552 1.871943 0.049168
v -2.266228 1.780350 0.027256
v -2.264626 1.872101 0.052927
v -2.275303 1.780508 0.031016
v -2.273701 1.872259 0.049168
v -2.279061 1.780574 0.040092
v -2.277189 1.887812 0.033393
v -2.273536 1.881700 0.026625
v -2.264505 1.879038 0.023822
v -2.255387 1.881384 0.026625
v -2.251523 1.887364 0.033393
v -2.255176 1.893475 0.040162
v -2.264207 1.896138 0.042965
v -2.273325 1.893792 0.040162
v -2.277053 1.895640 0.016928
v -2.273453 1.886500 0.016812
v -2.264443 1.882583 0.016765
v -2.255303 1.886183 0.016812
v -2.251386 1.895192 0.016928
v -2.254986 1.904331 0.017044
v -2.263995 1.908248 0.017092
v -2.273136 1.904648 0.017044
v -2.279332 1.765087 0.033393
v -2.275467 1.771067 0.026625
v -2.266349 1.773413 0.023822
v -2.257318 1.770750 0.026625
v -2.253665 1.764639 0.033393
v -2.257529 1.758659 0.040162
v -2.266648 1.756313 0.042965
v -2.275678 1.758975 0.040162
v -2.279468 1.757259 0.016928
v -2.275551 1.766268 0.016812
v -2.266411 1.769868 0.016765
v -2.257402 1.765951 0.016812
v -2.253801 1.756811 0.016928
v -2.257719 1.747803 0.017044
v -2.266859 1.744203 0.017092
v -2.275868 1.748120 0.017044
v -2.225539 1.985131 -0.012632
v -2.216463 1.893366 -0.008872
v -2.234615 1.985131 -0.008872
v -2.212704 1.893366 0.000204
v -2.238375 1.985131 0.000204
v -2.216463 1.893366 0.009280
v -2.234615 1.985131 0.009280
v -2.225539 1.893366 0.013039
v -2.225539 1.985131 0.013039
v -2.234615 1.893366 0.009280
v -2.216463 1.985131 0.009280
v -2.238375 1.893366 0.000204
v -2.212704 1.985131 0.000204
v -2.234615 1.893366 -0.008872
v -2.216463 1.985131 -0.008872
v -2.225539 1.893366 -0.012632
v -2.232238 2.000621 -0.012632
v -2.239006 1.994574 -0.008872
v -2.241809 1.992069 0.000204
v -2.239006 1.994574 0.009280
v -2.232238 2.000621 0.013039
v -2.225469 2.006668 0.009280
v -2.222666 2.009172 0.000204
v -2.225469 2.006668 -0.008872
v -2.248703 2.008450 -0.012632
v -2.248818 1.999375 -0.008872
v -2.248866 1.995615 0.000204
v -2.248818 1.999375 0.009280
v -2.248703 2.008450 0.013039
v -2.248587 2.017525 0.009280
v -2.248539 2.021284 0.000204
v -2.248587 2.017525 -0.008872
v -2.232238 1.877877 -0.012632
v -2.239006 1.883924 -0.008872
v -2.241809 1.886428 0.000204
v -2.239006 1.883924 0.009280
v -2.232238 1.877877 0.013039
v -2.225469 1.871830 0.009280
v -2.222666 1.869325 0.000204
v -2.225469 1.871830 -0.008872
v -2.248703 1.870048 -0.012632
v -2.248818 1.879124 -0.008872
v -2.248866 1.882883 0.000204
v -2.248818 1.879124 0.009280
v -2.248703 1.870048 0.013039
v -2.248587 1.860973 0.009280
v -2.248539 1.857214 0.000204
v -2.248587 1.860973 -0.008872
v -2.305315 1.985348 -0.011829
v -2.314391 1.893532 -0.009672
v -2.296239 1.985283 -0.008070
v -2.318151 1.893373 -0.000597
v -2.292480 1.985125 0.001004
v -2.314391 1.893215 0.008478
v -2.296239 1.984966 0.010079
v -2.305315 1.893149 0.012236
v -2.305315 1.984901 0.013838
v -2.296239 1.893215 0.008478
v -2.314391 1.984966 0.010079
v -2.292480 1.893373 -0.000597
v -2.318151 1.985125 0.001004
v -2.296239 1.893532 -0.009672
v -2.314391 1.985283 -0.008070
v -2.305315 1.893597 -0.013431
v -2.298617 2.000835 -0.011559
v -2.291848 1.994724 -0.007905
v -2.289045 1.992061 0.001126
v -2.291848 1.994407 0.010244
v -2.298617 2.000388 0.014108
v -2.305385 2.006499 0.010455
v -2.308189 2.009162 0.001424
v -2.305385 2.006816 -0.007694
v -2.282151 2.008663 -0.011422
v -2.282036 1.999524 -0.007822
v -2.281988 1.995607 0.001187
v -2.282036 1.999207 0.010328
v -2.282151 2.008215 0.014245
v -2.282267 2.017354 0.010644
v -2.282315 2.021271 0.001635
v -2.282267 2.017672 -0.007505
v -2.298617 1.878110 -0.013701
v -2.291848 1.884091 -0.009837
v -2.289045 1.886437 -0.000718
v -2.291848 1.883774 0.008313
v -2.298617 1.877662 0.011966
v -2.305385 1.871682 0.008102
v -2.308189 1.869336 -0.001017
v -2.305385 1.871999 -0.010048
v -2.282151 1.870283 -0.013838
v -2.282036 1.879291 -0.009920
v -2.281988 1.882891 -0.000780
v -2.282036 1.878974 0.008229
v -2.282151 1.869835 0.011829
v -2.282267 1.860827 0.007912
v -2.282315 1.857226 -0.001228
v -2.282267 1.861143 -0.010237
v -2.278263 2.096670 -0.039684
v -2.274503 2.004905 -0.048760
v -2.274503 2.096670 -0.030608
v -2.265427 2.004905 -0.052520
v -2.265427 2.096670 -0.026849
v -2.256351 2.004905 -0.048760
v -2.256351 2.096670 -0.030608
v -2.252592 2.004905 -0.039684
v -2.252592 2.096670 -0.039684
v -2.256351 2.004905 -0.030608
v -2.256351 2.096670 -0.048760
v -2.265427 2.004905 -0.026849
v -2.265427 2.096670 -0.052520
v -2.274503 2.004905 -0.030608
v -2.274503 2.096670 -0.048760
v -2.278263 2.004905 -0.039684
v -2.278263 2.112159 -0.032986
v -2.274503 2.106112 -0.026218
v -2.265427 2.103608 -0.023414
v -2.256351 2.106112 -0.026218
v -2.252592 2.112159 -0.032986
v -2.256351 2.118206 -0.039754
v -2.265427 2.120711 -0.042558
v -2.274503 2.118206 -0.039754
v -2.278263 2.119988 -0.016521
v -2.274503 2.110913 -0.016405
v -2.265427 2.107153 -0.016357
v -2.256351 2.110913 -0.016405
v -2.252592 2.119988 -0.016521
v -2.256351 2.129063 -0.016636
v -2.265427 2.132823 -0.016684
v -2.274503 2.129063 -0.016636
v -2.278263 1.989415 -0.032986
v -2.274503 1.995462 -0.026218
v -2.265427 1.997967 -0.023414
v -2.256351 1.995462 -0.026218
v -2.252592 1.989415 -0.032986
v -2.256351 1.983368 -0.039754
v -2.265427 1.980863 -0.042558
v -2.274503 1.983368 -0.039754
v -2.278263 1.981586 -0.016521
v -2.274503 1.990662 -0.016405
v -2.265427 1.994421 -0.016357
v -2.256351 1.990662 -0.016405
v -2.252592 1.981586 -0.016521
v -2.256351 1.972511 -0.016636
v -2.265427 1.968752 -0.016684
v -2.274503 1.972511 -0.016636
v -2.277460 2.096887 0.040092
v -2.275303 2.005070 0.049168
v -2.273701 2.096821 0.031016
v -2.266228 2.004911 0.052927
v -2.264626 2.096663 0.027256
v -2.257153 2.004753 0.049168
v -2.255552 2.096504 0.031016
v -2.253394 2.004688 0.040092
v -2.251793 2.096439 0.040092
v -2.257153 2.004753 0.031016
v -2.255552 2.096504 0.049168
v -2.266228 2.004911 0.027256
v -2.264626 2.096663 0.052927
v -2.275303 2.005070 0.031016
v -2.273701 2.096821 0.049168
v -2.279061 2.005136 0.040092
v -2.277189 2.112374 0.033393
v -2.273536 2.106262 0.026625
v -2.264505 2.103600 0.023822
v -2.255387 2.105946 0.026625
v -2.251523 2.111926 0.033393
v -2.255176 2.118037 0.040162
v -2.264207 2.120700 0.042965
v -2.273325 2.118354 0.040162
v -2.277053 2.120201 0.016928
v -2.273453 2.111062 0.016812
v -2.264443 2.107145 0.016765
v -2.255303 2.110745 0.016812
v -2.251386 2.119753 0.016928
v -2.254986 2.128893 0.017044
v -2.263995 2.132810 0.017092
v -2.273136 2.129210 0.017044
v -2.279332 1.989648 0.033393
v -2.275467 1.995629 0.026625
v -2.266349 1.997975 0.023822
v -2.257318 1.995312 0.026625
v -2.253665 1.989200 0.033393
v -2.257529 1.983220 0.040162
v -2.266648 1.980874 0.042965
v -2.275678 1.983537 0.040162
v -2.279468 1.981821 0.016928
v -2.275551 1.990829 0.016812
v -2.266411 1.994429 0.016765
v -2.257402 1.990512 0.016812
v -2.253801 1.981373 0.016928
v -2.257719 1.972365 0.017044
v -2.266859 1.968765 0.017092
v -2.275868 1.972681 0.017044
v -2.225539 2.209693 -0.012632
v -2.216463 2.117928 -0.008872
v -2.234615 2.209693 -0.008872
v -2.212704 2.117928 0.000204
v -2.238375 2.209693 0.000204
v -2.216463 2.117928 0.009280
v -2.234615 2.209693 0.009280
v -2.225539 2.117928 0.013039
v -2.225539 2.209693 0.013039
v -2.234615 2.117928 0.009280
v -2.216463 2.209693 0.009280
v -2.238375 2.117928 0.000204
v -2.212704 2.209693 0.000204
v -2.234615 2.117928 -0.008872
v -2.216463 2.209693 -0.008872
v -2.225539 2.117928 -0.012632
v -2.232238 2.225183 -0.012632
v -2.239006 2.219136 -0.008872
v -2.241809 2.216631 0.000204
v -2.239006 2.219136 0.009280
v -2.232238 2.225183 0.013039
v -2.225469 2.231229 0.009280
v -2.222666 2.233734 0.000204
v -2.225469 2.231229 -0.008872
v -2.248703 2.233011 -0.012632
v -2.248818 2.223936 -0.008872
v -2.248866 2.220177 0.000204
v -2.248818 2.223936 0.009280
v -2.248703 2.233011 0.013039
v -2.248587 2.242086 0.009280
v -2.248539 2.245846 0.000204
v -2.248587 2.242086 -0.008872
v -2.232238 2.102438 -0.012632
v -2.239006 2.108485 -0.008872
v -2.241809 2.110990 0.000204
v -2.239006 2.108485 0.009280
v -2.232238 2.102438 0.013039
v -2.225469 2.096392 0.009280
v -2.222666 2.093887 0.000204
v -2.225469 2.096392 -0.008872
v -2.248703 2.094610 -0.012632
v -2.248818 2.103685 -0.008872
v -2.248866 2.107444 0.000204
v -2.248818 2.103685 0.009280
v -2.248703 2.094610 0.013039
v -2.248587 2.085535 0.009280
v -2.248539 2.081776 0.000204
v -2.248587 2.085535 -0.008872
v -2.305315 2.209910 -0.011829
v -2.314391 2.118093 -0.009672
v -2.296239 2.209845 -0.008070
v -2.318151 2.117935 -0.000597
v -2.292480 2.209686 0.001004
v -2.314391 2.117776 0.008478
v -2.296239 2.209528 0.010079
v -2.305315 2.117711 0.012236
v -2.305315 2.209462 0.013838
v -2.296239 2.117776 0.008478
v -2.314391 2.209528 0.010079
v -2.292480 2.117935 -0.000597
v -2.318151 2.209686 0.001004
v -2.296239 2.118093 -0.009672
v -2.314391 2.209845 -0.008070
v -2.305315 2.118159 -0.013431
v -2.298617 2.225397 -0.011559
v -2.291848 2.219285 -0.007905
v -2.289045 2.216623 0.001126
v -2.291848 2.218969 0.010244
v -2.298617 2.224949 0.014108
v -2.305385 2.231061 0.010455
v -2.308189 2.233724 0.001424
v -2.305385 2.231378 -0.007694
v -2.282151 2.233225 -0.011422
v -2.282036 2.224085 -0.007822
v -2.281988 2.220168 0.001187
v -2.282036 2.223768 0.010328
v -2.282151 2.232777 0.014245
v -2.282267 2.241916 0.010644
v -2.282315 2.245833 0.001635
v -2.282267 2.242233 -0.007505
v -2.298617 2.102672 -0.013701
v -2.291848 2.108652 -0.009837
v -2.289045 2.110998 -0.000718
v -2.291848 2.108335 0.008313
v -2.298617 2.102224 0.011966
v -2.305385 2.096244 0.008102
v -2.308189 2.093898 -0.001017
v -2.305385 2.096560 -0.010048
v -2.282151 2.094844 -0.013838
v -2.282036 2.103853 -0.009920
v -2.281988 2.107453 -0.000780
v -2.282036 2.103536 0.008229
v -2.282151 2.094397 0.011829
v -2.282267 2.085388 0.007912
v -2.282315 2.081788 -0.001228
v -2.282267 2.085705 -0.010237
v -2.278263 2.325472 -0.039684
v -2.274503 2.233707 -0.048760
v -2.274503 2.325472 -0.030608
v -2.265427 2.233707 -0.052520
v -2.265427 2.325472 -0.026849
v -2.256351 2.233707 -0.048760
v -2.256351 2.325472 -0.030608
v -2.252592 2.233707 -0.039684
v -2.252592 2.325472 -0.039684
v -2.256351 2.233707 -0.030608
v -2.256351 2.325472 -0.048760
v -2.265427 2.233707 -0.026849
v -2.265427 2.325472 -0.052520
v -2.274503 2.233707 -0.030608
v -2.274503 2.325472 -0.048760
v -2.278263 2.233707 -0.039684
v -2.278263 2.340962 -0.032986
v -2.274503 2.334915 -0.026218
v -2.265427 2.332410 -0.023414
v -2.256351 2.334915 -0.026218
v -2.252592 2.340962 -0.032986
v -2.256351 2.347009 -0.039754
v -2.265427 2.349514 -0.042558
v -2.274503 2.347009 -0.039754
v -2.278263 2.348791 -0.016521
v -2.274503 2.339715 -0.016405
v -2.265427 2.335956 -0.016357
v -2.256351 2.339715 -0.016405
v -2.252592 2.348791 -0.016521
v -2.256351 2.357866 -0.016636
v -2.265427 2.361625 -0.016684
v -2.274503 2.357866 -0.016636
v -2.278263 2.218218 -0.032986
v -2.274503 2.224265 -0.026218
v -2.265427 2.226769 -0.023414
v -2.256351 2.224265 -0.026218
v -2.252592 2.218218 -0.032986
v -2.256351 2.212171 -0.039754
v -2.265427 2.209666 -0.042558
v -2.274503 2.212171 -0.039754
v -2.278263 2.210389 -0.016521
v -2.274503 2.219464 -0.016405
v -2.265427 2.223224 -0.016357
v -2.256351 2.219464 -0.016405
v -2.252592 2.210389 -0.016521
v -2.256351 2.201314 -0.016636
v -2.265427 2.197555 -0.016684
v -2.274503 2.201314 -0.016636
v -2.277460 2.325689 0.040092
v -2.275303 2.233873 0.049168
v -2.273701 2.325624 0.031016
v -2.266228 2.233714 0.052927
v -2.264626 2.325466 0.027256
v -2.257153 2.233556 0.049168
v -2.255552 2.325307 0.031016
v -2.253394 2.233490 0.040092
v -2.251793 2.325242 0.040092
v -2.257153 2.233556 0.031016
v -2.255552 2.325307 0.049168
v -2.266228 2.233714 0.027256
v -2.264626 2.325466 0.052927
v -2.275303 2.233873 0.031016
v -2.273701 2.325624 0.049168
v -2.279061 2.233938 0.040092
v -2.277189 2.341177 0.033393
v -2.273536 2.335065 0.026625
v -2.264505 2.332402 0.023822
v -2.255387 2.334748 0.026625
v -2.251523 2.340728 0.033393
v -2.255176 2.346840 0.040162
v -2.264207 2.349503 0.042965
v -2.273325 2.347157 0.040162
v -2.277053 2.349004 0.016928
v -2.273453 2.339865 0.016812
v -2.264443 2.335948 0.016765
v -2.255303 2.339548 0.016812
v -2.251386 2.348556 0.016928
v -2.254986 2.357696 0.017044
v -2.263995 2.361612 0.017092
v -2.273136 2.358012 0.017044
v -2.279332 2.218451 0.033393
v -2.275467 2.224432 0.026625
v -2.266349 2.226778 0.023822
v -2.257318 2.224115 0.026625
v -2.253665 2.218003 0.033393
v -2.257529 2.212023 0.040162
v -2.266648 2.209677 0.042965
v -2.275678 2.212340 0.040162
v -2.279468 2.210624 0.016928
v -2.275551 2.219632 0.016812
v -2.266411 2.223232 0.016765
v -2.257402 2.219315 0.016812
v -2.253801 2.210176 0.016928
v -2.257719 2.201168 0.017044
v -2.266859 2.197567 0.017092
v -2.275868 2.201484 0.017044
v -2.225539 2.438496 -0.012632
v -2.216463 2.346731 -0.008872
v -2.234615 2.438496 -0.008872
v -2.212704 2.346731 0.000204
v -2.238375 2.438496 0.000204
v -2.216463 2.346731 0.009280
v -2.234615 2.438496 0.009280
v -2.225539 2.346731 0.013039
v -2.225539 2.438496 0.013039
v -2.234615 2.346731 0.009280
v -2.216463 2.438496 0.009280
v -2.238375 2.346731 0.000204
v -2.212704 2.438496 0.000204
v -2.234615 2.346731 -0.008872
v -2.216463 2.438496 -0.008872
v -2.225539 2.346731 -0.012632
v -2.232238 2.453985 -0.012632
v -2.239006 2.447938 -0.008872
v -2.241809 2.445434 0.000204
v -2.239006 2.447938 0.009280
v -2.232238 2.453985 0.013039
v -2.225469 2.460032 0.009280
v -2.222666 2.462537 0.000204
v -2.225469 2.460032 -0.008872
v -2.248703 2.461814 -0.012632
v -2.248818 2.452739 -0.008872
v -2.248866 2.448979 0.000204
v -2.248818 2.452739 0.009280
v -2.248703 2.461814 0.013039
v -2.248587 2.470889 0.009280
v -2.248539 2.474648 0.000204
v -2.248587 2.470889 -0.008872
v -2.232238 2.331241 -0.012632
v -2.239006 2.337288 -0.008872
v -2.241809 2.339793 0.000204
v -2.239006 2.337288 0.009280
v -2.232238 2.331241 0.013039
v -2.225469 2.325194 0.009280
v -2.222666 2.322690 0.000204
v -2.225469 2.325194 -0.008872
v -2.248703 2.323412 -0.012632
v -2.248818 2.332488 -0.008872
v -2.248866 2.336247 0.000204
v -2.248818 2.332488 0.009280
v -2.248703 2.323412 0.013039
v -2.248587 2.314337 0.009280
v -2.248539 2.310578 0.000204
v -2.248587 2.314337 -0.008872
v -2.305315 2.438713 -0.011829
v -2.314391 2.346896 -0.009672
v -2.296239 2.438647 -0.008070
v -2.318151 2.346738 -0.000597
v -2.292480 2.438489 0.001004
v -2.314391 2.346579 0.008478
v -2.296239 2.438331 0.010079
v -2.305315 2.346514 0.012236
v -2.305315 2.438265 0.013838
v -2.296239 2.346579 0.008478
v -2.314391 2.438331 0.010079
v -2.292480 2.346738 -0.000597
v -2.318151 2.438489 0.001004
v -2.296239 2.346896 -0.009672
v -2.314391 2.438647 -0.008070
v -2.305315 2.346961 -0.013431
v -2.298617 2.454200 -0.011559
v -2.291848 2.448088 -0.007905
v -2.289045 2.445426 0.001126
v -2.291848 2.447772 0.010244
v -2.298617 2.453752 0.014108
v -2.305385 2.459863 0.010455
v -2.308189 2.462526 0.001424
v -2.305385 2.460180 -0.007694
v -2.282151 2.462028 -0.011422
v -2.282036 2.452888 -0.007822
v -2.281988 2.448971 0.001187
v -2.282036 2.452571 0.010328
v -2.282151 2.461579 0.014245
v -2.282267 2.470719 0.010644
v -2.282315 2.474636 0.001635
v -2.282267 2.471036 -0.007505
v -2.298617 2.331475 -0.013701
v -2.291848 2.337455 -0.009837
v -2.289045 2.339801 -0.000718
v -2.291848 2.337138 0.008313
v -2.298617 2.331027 0.011966
v -2.305385 2.325047 0.008102
v -2.308189 2.322701 -0.001017
v -2.305385 2.325363 -0.010048
v -2.282151 2.323647 -0.013838
v -2.282036 2.332655 -0.009920
v -2.281988 2.336256 -0.000780
v -2.282036 2.332338 0.008229
v -2.282151 2.323199 0.011829
v -2.282267 2.314191 0.007912
v -2.282315 2.310591 -0.001228
v -2.282267 2.314507 -0.010237
v -2.278263 2.553324 -0.039684
v -2.274503 2.461559 -0.048760
v -2.274503 2.553324 -0.030608
v -2.265427 2.461559 -0.052520
v -2.265427 2.553324 -0.026849
v -2.256351 2.461559 -0.048760
v -2.256351 2.553324 -0.030608
v -2.252592 2.461559 -0.039684
v -2.252592 2.553324 -0.039684
v -2.256351 2.461559 -0.030608
v -2.256351 2.553324 -0.048760
v -2.265427 2.461559 -0.026849
v -2.265427 2.553324 -0.052520
v -2.274503 2.461559 -0.030608
v -2.274503 2.553324 -0.048760
v -2.278263 2.461559 -0.039684
v -2.278263 2.568813 -0.032986
v -2.274503 2.562767 -0.026218
v -2.265427 2.560262 -0.023414
v -2.256351 2.562767 -0.026218
v -2.252592 2.568813 -0.032986
v -2.256351 2.574860 -0.039754
v -2.265427 2.577365 -0.042558
v -2.274503 2.574860 -0.039754
v -2.278263 2.576642 -0.016521
v -2.274503 2.567567 -0.016405
v -2.265427 2.563807 -0.016357
v -2.256351 2.567567 -0.016405
v -2.252592 2.576642 -0.016521
v -2.256351 2.585717 -0.016636
v -2.265427 2.589477 -0.016684
v -2.274503 2.585717 -0.016636
v -2.278263 2.446069 -0.032986
v -2.274503 2.452116 -0.026218
v -2.265427 2.454621 -0.023414
v -2.256351 2.452116 -0.026218
v -2.252592 2.446069 -0.032986
v -2.256351 2.440022 -0.039754
v -2.265427 2.437518 -0.042558
v -2.274503 2.440022 -0.039754
v -2.278263 2.438241 -0.016521
v -2.274503 2.447316 -0.016405
v -2.265427 2.451075 -0.016357
v -2.256351 2.447316 -0.016405
v -2.252592 2.438241 -0.016521
v -2.256351 2.429165 -0.016636
v -2.265427 2.425406 -0.016684
v -2.274503 2.429165 -0.016636
v -2.277460 2.553541 0.040092
v -2.275303 2.461724 0.049168
v -2.273701 2.553475 0.031016
v -2.266228 2.461566 0.052927
v -2.264626 2.553317 0.027256
v -2.257153 2.461407 0.049168
v -2.255552 2.553159 0.031016
v -2.253394 2.461342 0.040092
v -2.251793 2.553093 0.040092
v -2.257153 2.461407 0.031016
v -2.255552 2.553159 0.049168
v -2.266228 2.461566 0.027256
v -2.264626 2.553317 0.052927
v -2.275303 2.461724 0.031016
v -2.273701 2.553475 0.049168
v -2.279061 2.461790 0.040092
v -2.277189 2.569028 0.033393
v -2.273536 2.562916 0.026625
v -2.264505 2.560254 0.023822
v -2.255387 2.562600 0.026625
v -2.251523 2.568580 0.033393
v -2.255176 2.574691 0.040162
v -2.264207 2.577354 0.042965
v -2.273325 2.575008 0.040162
v -2.277053 2.576856 0.016928
v -2.273453 2.567716 0.016812
v -2.264443 2.563799 0.016765
v -2.255303 2.567399 0.016812
v -2.251386 2.576407 0.016928
v -2.254986 2.585547 0.017044
v -2.263995 2.589464 0.017092
v -2.273136 2.585864 0.017044
v -2.279332 2.446303 0.033393
v -2.275467 2.452283 0.026625
v -2.266349 2.454629 0.023822
v -2.257318 2.451966 0.026625
v -2.253665 2.445855 0.033393
v -2.257529 2.439875 0.040162
v -2.266648 2.437529 0.042965
v -2.275678 2.440191 0.040162
v -2.279468 2.438475 0.016928
v -2.275551 2.447484 0.016812
v -2.266411 2.451084 0.016765
v -2.257402 2.447166 0.016812
v -2.253801 2.438027 0.016928
v -2.257719 2.429019 0.017044
v -2.266859 2.425419 0.017092
v -2.275868 2.429336 0.017044
v -2.225539 2.666347 -0.012632
v -2.216463 2.574582 -0.008872
v -2.234615 2.666347 -0.008872
v -2.212704 2.574582 0.000204
v -2.238375 2.666347 0.000204
v -2.216463 2.574582 0.009280
v -2.234615 2.666347 0.009280
v -2.225539 2.574582 0.013039
v -2.225539 2.666347 0.013039
v -2.234615 2.574582 0.009280
v -2.216463 2.666347 0.009280
v -2.238375 2.574582 0.000204
v -2.212704 2.666347 0.000204
v -2.234615 2.574582 -0.008872
v -2.216463 2.666347 -0.008872
v -2.225539 2.574582 -0.012632
v -2.232238 2.681837 -0.012632
v -2.239006 2.675790 -0.008872
v -2.241809 2.673285 0.000204
v -2.239006 2.675790 0.009280
v -2.232238 2.681837 0.013039
v -2.225469 2.687883 0.009280
v -2.222666 2.690388 0.000204
v -2.225469 2.687883 -0.008872
v -2.248703 2.689665 -0.012632
v -2.248818 2.680590 -0.008872
v -2.248866 2.676831 0.000204
v -2.248818 2.680590 0.009280
v -2.248703 2.689665 0.013039
v -2.248587 2.698740 0.009280
v -2.248539 2.702500 0.000204
v -2.248587 2.698740 -0.008872
v -2.232238 2.559093 -0.012632
v -2.239006 2.565139 -0.008872
v -2.241809 2.567644 0.000204
v -2.239006 2.565139 0.009280
v -2.232238 2.559093 0.013039
v -2.225469 2.553046 0.009280
v -2.222666 2.550541 0.000204
v -2.225469 2.553046 -0.008872
v -2.248703 2.551264 -0.012632
v -2.248818 2.560339 -0.008872
v -2.248866 2.564098 0.000204
v -2.248818 2.560339 0.009280
v -2.248703 2.551264 0.013039
v -2.248587 2.542189 0.009280
v -2.248539 2.538430 0.000204
v -2.248587 2.542189 -0.008872
v -2.305315 2.666564 -0.011829
v -2.314391 2.574748 -0.009672
v -2.296239 2.666499 -0.008070
v -2.318151 2.574589 -0.000597
v -2.292480 2.666340 0.001004
v -2.314391 2.574430 0.008478
v -2.296239 2.666182 0.010079
v -2.305315 2.574365 0.012236
v -2.305315 2.666116 0.013838
v -2.296239 2.574430 0.008478
v -2.314391 2.666182 0.010079
v -2.292480 2.574589 -0.000597
v -2.318151 2.666340 0.001004
v -2.296239 2.574748 -0.009672
v -2.314391 2.666499 -0.008070
v -2.305315 2.574813 -0.013431
v -2.298617 2.682051 -0.011559
v -2.291848 2.675940 -0.007905
v -2.289045 2.673277 0.001126
v -2.291848 2.675623 0.010244
v -2.298617 2.681603 0.014108
v -2.305385 2.687715 0.010455
v -2.308189 2.690378 0.001424
v -2.305385 2.688032 -0.007694
v -2.282151 2.689879 -0.011422
v -2.282036 2.680739 -0.007822
v -2.281988 2.676822 0.001187
v -2.282036 2.680422 0.010328
v -2.282151 2.689431 0.014245
v -2.282267 2.698570 0.010644
v -2.282315 2.702487 0.001635
v -2.282267 2.698887 -0.007505
v -2.298617 2.559326 -0.013701
v -2.291848 2.565306 -0.009837
v -2.289045 2.567652 -0.000718
v -2.291848 2.564990 0.008313
v -2.298617 2.558878 0.011966
v -2.305385 2.552898 0.008102
v -2.308189 2.550552 -0.001017
v -2.305385 2.553215 -0.010048
v -2.282151 2.551498 -0.013838
v -2.282036 2.560507 -0.009920
v -2.281988 2.564107 -0.000780
v -2.282036 2.560190 0.008229
v -2.282151 2.551051 0.011829
v -2.282267 2.542042 0.007912
v -2.282315 2.538442 -0.001228
v -2.282267 2.542359 -0.010237
vt 0.206037 0.592663
vt 0.203676 0.588341
vt 0.206921 0.585329
vt 0.210417 0.592262
vt 0.202177 0.593768
vt 0.200637 0.591354
vt 0.870932 0.372796
vt 0.878031 0.376246
vt 0.874994 0.379582
vt 0.870540 0.377134
vt 0.871204 0.368177
vt 0.880983 0.372946
vt 0.210130 0.582352
vt 0.215055 0.591907
vt 0.198029 0.589801
vt 0.199063 0.585938
vt 0.871920 0.363372
vt 0.884560 0.369036
vt 0.871839 0.382779
vt 0.869370 0.381234
vt 0.213918 0.578716
vt 0.219707 0.591115
vt 0.831096 0.377825
vt 0.832128 0.381551
vt 0.829791 0.382850
vt 0.826944 0.380095
vt 0.200858 0.633456
vt 0.203777 0.636422
vt 0.199171 0.638747
vt 0.198360 0.634723
vt 0.210416 0.632554
vt 0.214970 0.632898
vt 0.210084 0.642352
vt 0.206938 0.639403
vt 0.830242 0.368940
vt 0.830672 0.373506
vt 0.823991 0.377021
vt 0.821027 0.373969
vt 0.202142 0.631042
vt 0.206132 0.632128
vt 0.219707 0.633713
vt 0.213804 0.645945
vt 0.829349 0.364363
vt 0.817395 0.370373
vt 0.199388 0.581476
vt 0.183978 0.581320
vt 0.183613 0.576540
vt 0.199645 0.576791
vt 0.824786 0.384531
vt 0.820469 0.384354
vt 0.815930 0.384246
vt 0.200477 0.652673
vt 0.199666 0.647867
vt 0.199410 0.643147
vt 0.828544 0.385358
vt 0.811039 0.383675
vt 0.184288 0.585772
vt 0.882105 0.383963
vt 0.877567 0.384372
vt 0.886971 0.383547
vt 0.200377 0.571758
vt 0.873405 0.385432
vt 0.891893 0.382562
vt 0.177452 0.592483
vt 0.173122 0.592141
vt 0.176477 0.585251
vt 0.179706 0.588177
vt 0.181243 0.593524
vt 0.182570 0.591122
vt 0.871547 0.410346
vt 0.871157 0.406085
vt 0.875426 0.403752
vt 0.878399 0.406920
vt 0.871862 0.414880
vt 0.881346 0.410097
vt 0.168552 0.591846
vt 0.173265 0.582361
vt 0.185155 0.589861
vt 0.872623 0.419600
vt 0.884958 0.413888
vt 0.870090 0.402112
vt 0.872548 0.400821
vt 0.163967 0.591122
vt 0.169471 0.578867
vt 0.832087 0.405684
vt 0.827693 0.403421
vt 0.830616 0.400332
vt 0.833170 0.401795
vt 0.183329 0.632935
vt 0.185775 0.634422
vt 0.184703 0.638237
vt 0.180201 0.635818
vt 0.173565 0.631891
vt 0.176970 0.638756
vt 0.173788 0.641637
vt 0.169053 0.632230
vt 0.831394 0.414612
vt 0.821979 0.409925
vt 0.824813 0.406713
vt 0.831723 0.410048
vt 0.181900 0.630337
vt 0.177844 0.631467
vt 0.170034 0.645143
vt 0.164381 0.633027
vt 0.830623 0.419168
vt 0.818577 0.413687
vt 0.820801 0.399338
vt 0.825157 0.398893
vt 0.816120 0.399801
vt 0.183967 0.647219
vt 0.183145 0.652121
vt 0.184310 0.642625
vt 0.829132 0.397863
vt 0.811409 0.400819
vt 0.877730 0.399203
vt 0.873872 0.398273
vt 0.882174 0.399467
vt 0.886852 0.399682
vt 0.182659 0.571694
vt 0.891893 0.400395
vt 0.170342 0.528312
vt 0.171458 0.522970
vt 0.175868 0.523275
vt 0.174716 0.530052
vt 0.165485 0.527121
vt 0.165995 0.522781
vt 0.189741 0.529912
vt 0.188538 0.523206
vt 0.192891 0.522885
vt 0.194008 0.528164
vt 0.185923 0.531139
vt 0.185240 0.523410
vt 0.179164 0.523460
vt 0.178599 0.531219
vt 0.165539 0.518261
vt 0.170654 0.517394
vt 0.182273 0.531578
vt 0.182204 0.523500
vt 0.198281 0.522729
vt 0.198776 0.526994
vt 0.175100 0.516057
vt 0.175131 0.502438
vt 0.178955 0.503381
vt 0.178712 0.515143
vt 0.170803 0.501084
vt 0.189383 0.515957
vt 0.193696 0.517303
vt 0.185567 0.515023
vt 0.182103 0.514774
vt 0.198759 0.518299
vt 0.196295 0.570509
vt 0.200762 0.570307
vt 0.163983 0.570333
vt 0.168609 0.570494
vt 0.173049 0.570643
vt 0.177597 0.570771
vt 0.182274 0.570837
vt 0.187011 0.570810
vt 0.191710 0.570691
vt 0.170497 0.490138
vt 0.174853 0.488387
vt 0.176009 0.495161
vt 0.171620 0.495472
vt 0.165669 0.491331
vt 0.166184 0.495636
vt 0.189883 0.488467
vt 0.194170 0.490206
vt 0.193058 0.495497
vt 0.188682 0.495181
vt 0.186057 0.487254
vt 0.185400 0.494977
vt 0.178732 0.487205
vt 0.179323 0.494974
vt 0.165715 0.500089
vt 0.182405 0.486831
vt 0.182361 0.494910
vt 0.198969 0.491377
vt 0.198478 0.495680
vt 0.193849 0.501045
vt 0.198940 0.500179
vt 0.189417 0.502372
vt 0.185811 0.503277
vt 0.182422 0.503639
vt 0.196288 0.447817
vt 0.200762 0.447998
vt 0.163967 0.448146
vt 0.168590 0.447964
vt 0.173029 0.447794
vt 0.177578 0.447644
vt 0.182256 0.447555
vt 0.186995 0.447560
vt 0.191699 0.447657
vt 0.177844 0.631467
vt 0.173565 0.631891
vt 0.173122 0.592141
vt 0.177452 0.592483
vt 0.832087 0.405684
vt 0.833170 0.401795
vt 0.870090 0.402112
vt 0.871157 0.406085
vt 0.179706 0.588177
vt 0.176477 0.585251
vt 0.183978 0.581320
vt 0.184288 0.585772
vt 0.199666 0.647867
vt 0.183967 0.647219
vt 0.184310 0.642625
vt 0.199410 0.643147
vt 0.830623 0.419168
vt 0.831394 0.414612
vt 0.871862 0.414880
vt 0.872623 0.419600
vt 0.183329 0.632935
vt 0.185775 0.634422
vt 0.184703 0.638237
vt 0.180201 0.635818
vt 0.815930 0.384246
vt 0.816120 0.399801
vt 0.811409 0.400819
vt 0.811039 0.383675
vt 0.884958 0.413888
vt 0.881346 0.410097
vt 0.886852 0.399682
vt 0.891893 0.400395
vt 0.891893 0.382562
vt 0.886971 0.383547
vt 0.882105 0.383963
vt 0.882174 0.399467
vt 0.877730 0.399203
vt 0.877567 0.384372
vt 0.873872 0.398273
vt 0.873405 0.385432
vt 0.181900 0.630337
vt 0.181243 0.593524
vt 0.199171 0.638747
vt 0.828544 0.385358
vt 0.829132 0.397863
vt 0.825157 0.398893
vt 0.824786 0.384531
vt 0.831723 0.410048
vt 0.871547 0.410346
vt 0.173265 0.582361
vt 0.183613 0.576540
vt 0.169053 0.632230
vt 0.168552 0.591846
vt 0.875426 0.403752
vt 0.872548 0.400821
vt 0.169471 0.578867
vt 0.182659 0.571694
vt 0.878399 0.406920
vt 0.827693 0.403421
vt 0.830616 0.400332
vt 0.176970 0.638756
vt 0.173788 0.641637
vt 0.818577 0.413687
vt 0.821979 0.409925
vt 0.182570 0.591122
vt 0.824813 0.406713
vt 0.163967 0.591122
vt 0.820469 0.384354
vt 0.820801 0.399338
vt 0.199645 0.576791
vt 0.200377 0.571758
vt 0.164381 0.633027
vt 0.200477 0.652673
vt 0.183145 0.652121
vt 0.198360 0.634723
vt 0.203777 0.636422
vt 0.206938 0.639403
vt 0.821027 0.373969
vt 0.823991 0.377021
vt 0.206132 0.632128
vt 0.210416 0.632554
vt 0.202142 0.631042
vt 0.202177 0.593768
vt 0.206037 0.592663
vt 0.210084 0.642352
vt 0.210417 0.592262
vt 0.206921 0.585329
vt 0.210130 0.582352
vt 0.215055 0.591907
vt 0.199388 0.581476
vt 0.213918 0.578716
vt 0.874994 0.379582
vt 0.871839 0.382779
vt 0.830242 0.368940
vt 0.830672 0.373506
vt 0.213804 0.645945
vt 0.214970 0.632898
vt 0.219707 0.591115
vt 0.219707 0.633713
vt 0.878031 0.376246
vt 0.826944 0.380095
vt 0.829791 0.382850
vt 0.829349 0.364363
vt 0.817395 0.370373
vt 0.200858 0.633456
vt 0.831096 0.377825
vt 0.832128 0.381551
vt 0.871920 0.363372
vt 0.884560 0.369036
vt 0.880983 0.372946
vt 0.871204 0.368177
vt 0.870540 0.377134
vt 0.869370 0.381234
vt 0.200637 0.591354
vt 0.203676 0.588341
vt 0.870932 0.372796
vt 0.198029 0.589801
vt 0.199063 0.585938
vt 0.185155 0.589861
vt 0.170034 0.645143
vt 0.170342 0.528312
vt 0.171458 0.522970
vt 0.175868 0.523275
vt 0.174716 0.530052
vt 0.165485 0.527121
vt 0.165995 0.522781
vt 0.189741 0.529912
vt 0.188538 0.523206
vt 0.192891 0.522885
vt 0.194008 0.528164
vt 0.185923 0.531139
vt 0.185240 0.523410
vt 0.179164 0.523460
vt 0.178599 0.531219
vt 0.165539 0.518261
vt 0.170654 0.517394
vt 0.182273 0.531578
vt 0.182204 0.523500
vt 0.198281 0.522729
vt 0.198776 0.526994
vt 0.175100 0.516057
vt 0.175131 0.502438
vt 0.178955 0.503381
vt 0.178712 0.515143
vt 0.170803 0.501084
vt 0.189383 0.515957
vt 0.193696 0.517303
vt 0.185567 0.515023
vt 0.182103 0.514774
vt 0.198759 0.518299
vt 0.196295 0.570509
vt 0.200762 0.570307
vt 0.163983 0.570333
vt 0.168609 0.570494
vt 0.173049 0.570643
vt 0.177597 0.570771
vt 0.182274 0.570837
vt 0.187011 0.570810
vt 0.191710 0.570691
vt 0.170497 0.490138
vt 0.174853 0.488387
vt 0.176009 0.495161
vt 0.171620 0.495472
vt 0.165669 0.491331
vt 0.166184 0.495636
vt 0.189883 0.488467
vt 0.194170 0.490206
vt 0.193058 0.495497
vt 0.188682 0.495181
vt 0.186057 0.487254
vt 0.185400 0.494977
vt 0.178732 0.487205
vt 0.179323 0.494974
vt 0.165715 0.500089
vt 0.182405 0.486831
vt 0.182361 0.494910
vt 0.198969 0.491377
vt 0.198478 0.495680
vt 0.193849 0.501045
vt 0.198940 0.500179
vt 0.189417 0.502372
vt 0.185811 0.503277
vt 0.182422 0.503639
vt 0.196288 0.447817
vt 0.200762 0.447998
vt 0.163967 0.448146
vt 0.168590 0.447964
vt 0.173029 0.447794
vt 0.177578 0.447644
vt 0.182256 0.447555
vt 0.186995 0.447560
vt 0.191699 0.447657
vt 0.210416 0.632554
vt 0.214970 0.632898
vt 0.210084 0.642352
vt 0.206938 0.639403
vt 0.206921 0.585329
vt 0.199388 0.581476
vt 0.199645 0.576791
vt 0.210130 0.582352
vt 0.177844 0.631467
vt 0.180201 0.635818
vt 0.176970 0.638756
vt 0.173565 0.631891
vt 0.878399 0.406920
vt 0.875426 0.403752
vt 0.877730 0.399203
vt 0.882174 0.399467
vt 0.821979 0.409925
vt 0.816120 0.399801
vt 0.820801 0.399338
vt 0.824813 0.406713
vt 0.830623 0.419168
vt 0.818577 0.413687
vt 0.831394 0.414612
vt 0.831723 0.410048
vt 0.817395 0.370373
vt 0.821027 0.373969
vt 0.815930 0.384246
vt 0.811039 0.383675
vt 0.198029 0.589801
vt 0.185155 0.589861
vt 0.184288 0.585772
vt 0.199063 0.585938
vt 0.871862 0.414880
vt 0.872623 0.419600
vt 0.183613 0.576540
vt 0.182659 0.571694
vt 0.200377 0.571758
vt 0.215055 0.591907
vt 0.219707 0.591115
vt 0.219707 0.633713
vt 0.872548 0.400821
vt 0.873872 0.398273
vt 0.176477 0.585251
vt 0.173265 0.582361
vt 0.183978 0.581320
vt 0.169053 0.632230
vt 0.173788 0.641637
vt 0.170034 0.645143
vt 0.164381 0.633027
vt 0.871204 0.368177
vt 0.880983 0.372946
vt 0.878031 0.376246
vt 0.870932 0.372796
vt 0.823991 0.377021
vt 0.820469 0.384354
vt 0.830242 0.368940
vt 0.830672 0.373506
vt 0.200858 0.633456
vt 0.203777 0.636422
vt 0.199171 0.638747
vt 0.198360 0.634723
vt 0.884560 0.369036
vt 0.891893 0.382562
vt 0.886971 0.383547
vt 0.206037 0.592663
vt 0.203676 0.588341
vt 0.210417 0.592262
vt 0.825157 0.398893
vt 0.827693 0.403421
vt 0.871547 0.410346
vt 0.881346 0.410097
vt 0.181900 0.630337
vt 0.183329 0.632935
vt 0.882105 0.383963
vt 0.870540 0.377134
vt 0.874994 0.379582
vt 0.871839 0.382779
vt 0.869370 0.381234
vt 0.173122 0.592141
vt 0.168552 0.591846
vt 0.199410 0.643147
vt 0.213804 0.645945
vt 0.200477 0.652673
vt 0.199666 0.647867
vt 0.831096 0.377825
vt 0.826944 0.380095
vt 0.213918 0.578716
vt 0.832087 0.405684
vt 0.871157 0.406085
vt 0.183967 0.647219
vt 0.183145 0.652121
vt 0.877567 0.384372
vt 0.873405 0.385432
vt 0.811409 0.400819
vt 0.169471 0.578867
vt 0.206132 0.632128
vt 0.884958 0.413888
vt 0.886852 0.399682
vt 0.891893 0.400395
vt 0.181243 0.593524
vt 0.177452 0.592483
vt 0.179706 0.588177
vt 0.182570 0.591122
vt 0.824786 0.384531
vt 0.870090 0.402112
vt 0.184310 0.642625
vt 0.829132 0.397863
vt 0.830616 0.400332
vt 0.829349 0.364363
vt 0.828544 0.385358
vt 0.833170 0.401795
vt 0.163967 0.591122
vt 0.185775 0.634422
vt 0.184703 0.638237
vt 0.202142 0.631042
vt 0.202177 0.593768
vt 0.829791 0.382850
vt 0.832128 0.381551
vt 0.871920 0.363372
vt 0.200637 0.591354
vt 0.210416 0.632554
vt 0.214970 0.632898
vt 0.210084 0.642352
vt 0.206938 0.639403
vt 0.206921 0.585329
vt 0.199388 0.581476
vt 0.199645 0.576791
vt 0.210130 0.582352
vt 0.177844 0.631467
vt 0.180201 0.635818
vt 0.176970 0.638756
vt 0.173565 0.631891
vt 0.878399 0.406920
vt 0.875426 0.403752
vt 0.877730 0.399203
vt 0.882174 0.399467
vt 0.821979 0.409925
vt 0.816120 0.399801
vt 0.820801 0.399338
vt 0.824813 0.406713
vt 0.830623 0.419168
vt 0.818577 0.413687
vt 0.831394 0.414612
vt 0.831723 0.410048
vt 0.817395 0.370373
vt 0.821027 0.373969
vt 0.815930 0.384246
vt 0.811039 0.383675
vt 0.198029 0.589801
vt 0.185155 0.589861
vt 0.184288 0.585772
vt 0.199063 0.585938
vt 0.871862 0.414880
vt 0.872623 0.419600
vt 0.183613 0.576540
vt 0.182659 0.571694
vt 0.200377 0.571758
vt 0.215055 0.591907
vt 0.219707 0.591115
vt 0.219707 0.633713
vt 0.872548 0.400821
vt 0.873872 0.398273
vt 0.176477 0.585251
vt 0.173265 0.582361
vt 0.183978 0.581320
vt 0.169053 0.632230
vt 0.173788 0.641637
vt 0.170034 0.645143
vt 0.164381 0.633027
vt 0.871204 0.368177
vt 0.880983 0.372946
vt 0.878031 0.376246
vt 0.870932 0.372796
vt 0.823991 0.377021
vt 0.820469 0.384354
vt 0.830242 0.368940
vt 0.830672 0.373506
vt 0.200858 0.633456
vt 0.203777 0.636422
vt 0.199171 0.638747
vt 0.198360 0.634723
vt 0.884560 0.369036
vt 0.891893 0.382562
vt 0.886971 0.383547
vt 0.206037 0.592663
vt 0.203676 0.588341
vt 0.210417 0.592262
vt 0.825157 0.398893
vt 0.827693 0.403421
vt 0.871547 0.410346
vt 0.881346 0.410097
vt 0.181900 0.630337
vt 0.183329 0.632935
vt 0.882105 0.383963
vt 0.870540 0.377134
vt 0.874994 0.379582
vt 0.871839 0.382779
vt 0.869370 0.381234
vt 0.173122 0.592141
vt 0.168552 0.591846
vt 0.199410 0.643147
vt 0.213804 0.645945
vt 0.200477 0.652673
vt 0.199666 0.647867
vt 0.831096 0.377825
vt 0.826944 0.380095
vt 0.213918 0.578716
vt 0.832087 0.405684
vt 0.871157 0.406085
vt 0.183967 0.647219
vt 0.183145 0.652121
vt 0.877567 0.384372
vt 0.873405 0.385432
vt 0.811409 0.400819
vt 0.169471 0.578867
vt 0.206132 0.632128
vt 0.884958 0.413888
vt 0.886852 0.399682
vt 0.891893 0.400395
vt 0.181243 0.593524
vt 0.177452 0.592483
vt 0.179706 0.588177
vt 0.182570 0.591122
vt 0.824786 0.384531
vt 0.870090 0.402112
vt 0.184310 0.642625
vt 0.829132 0.397863
vt 0.830616 0.400332
vt 0.829349 0.364363
vt 0.828544 0.385358
vt 0.833170 0.401795
vt 0.163967 0.591122
vt 0.185775 0.634422
vt 0.184703 0.638237
vt 0.202142 0.631042
vt 0.202177 0.593768
vt 0.829791 0.382850
vt 0.832128 0.381551
vt 0.871920 0.363372
vt 0.200637 0.591354
vt 0.180201 0.635818
vt 0.184703 0.638237
vt 0.184310 0.642625
vt 0.176970 0.638756
vt 0.872623 0.419600
vt 0.871862 0.414880
vt 0.881346 0.410097
vt 0.884958 0.413888
vt 0.199666 0.647867
vt 0.183967 0.647219
vt 0.199410 0.643147
vt 0.826944 0.380095
vt 0.829791 0.382850
vt 0.828544 0.385358
vt 0.824786 0.384531
vt 0.820469 0.384354
vt 0.820801 0.399338
vt 0.816120 0.399801
vt 0.815930 0.384246
vt 0.199171 0.638747
vt 0.878031 0.376246
vt 0.882105 0.383963
vt 0.877567 0.384372
vt 0.874994 0.379582
vt 0.177844 0.631467
vt 0.173565 0.631891
vt 0.173122 0.592141
vt 0.177452 0.592483
vt 0.185775 0.634422
vt 0.198360 0.634723
vt 0.210417 0.592262
vt 0.206921 0.585329
vt 0.210130 0.582352
vt 0.215055 0.591907
vt 0.202142 0.631042
vt 0.202177 0.593768
vt 0.206037 0.592663
vt 0.206132 0.632128
vt 0.831723 0.410048
vt 0.824813 0.406713
vt 0.827693 0.403421
vt 0.832087 0.405684
vt 0.829349 0.364363
vt 0.830242 0.368940
vt 0.821027 0.373969
vt 0.817395 0.370373
vt 0.214970 0.632898
vt 0.219707 0.633713
vt 0.213804 0.645945
vt 0.210084 0.642352
vt 0.200477 0.652673
vt 0.183145 0.652121
vt 0.179706 0.588177
vt 0.176477 0.585251
vt 0.183978 0.581320
vt 0.184288 0.585772
vt 0.181243 0.593524
vt 0.182570 0.591122
vt 0.183329 0.632935
vt 0.173788 0.641637
vt 0.833170 0.401795
vt 0.870090 0.402112
vt 0.871157 0.406085
vt 0.886852 0.399682
vt 0.891893 0.400395
vt 0.829132 0.397863
vt 0.825157 0.398893
vt 0.877730 0.399203
vt 0.873872 0.398273
vt 0.873405 0.385432
vt 0.811409 0.400819
vt 0.811039 0.383675
vt 0.181900 0.630337
vt 0.891893 0.382562
vt 0.886971 0.383547
vt 0.878399 0.406920
vt 0.882174 0.399467
vt 0.169053 0.632230
vt 0.164381 0.633027
vt 0.163967 0.591122
vt 0.168552 0.591846
vt 0.830616 0.400332
vt 0.169471 0.578867
vt 0.173265 0.582361
vt 0.872548 0.400821
vt 0.875426 0.403752
vt 0.203777 0.636422
vt 0.200858 0.633456
vt 0.831394 0.414612
vt 0.871547 0.410346
vt 0.206938 0.639403
vt 0.823991 0.377021
vt 0.831096 0.377825
vt 0.832128 0.381551
vt 0.870540 0.377134
vt 0.871839 0.382779
vt 0.869370 0.381234
vt 0.199063 0.585938
vt 0.199388 0.581476
vt 0.830672 0.373506
vt 0.870932 0.372796
vt 0.213918 0.578716
vt 0.219707 0.591115
vt 0.199645 0.576791
vt 0.200377 0.571758
vt 0.183613 0.576540
vt 0.830623 0.419168
vt 0.818577 0.413687
vt 0.821979 0.409925
vt 0.203676 0.588341
vt 0.210416 0.632554
vt 0.200637 0.591354
vt 0.871920 0.363372
vt 0.884560 0.369036
vt 0.880983 0.372946
vt 0.871204 0.368177
vt 0.198029 0.589801
vt 0.185155 0.589861
vt 0.182659 0.571694
vt 0.170034 0.645143
vt 0.180201 0.635818
vt 0.184703 0.638237
vt 0.184310 0.642625
vt 0.176970 0.638756
vt 0.872623 0.419600
vt 0.871862 0.414880
vt 0.881346 0.410097
vt 0.884958 0.413888
vt 0.199666 0.647867
vt 0.183967 0.647219
vt 0.199410 0.643147
vt 0.826944 0.380095
vt 0.829791 0.382850
vt 0.828544 0.385358
vt 0.824786 0.384531
vt 0.820469 0.384354
vt 0.820801 0.399338
vt 0.816120 0.399801
vt 0.815930 0.384246
vt 0.199171 0.638747
vt 0.878031 0.376246
vt 0.882105 0.383963
vt 0.877567 0.384372
vt 0.874994 0.379582
vt 0.177844 0.631467
vt 0.173565 0.631891
vt 0.173122 0.592141
vt 0.177452 0.592483
vt 0.185775 0.634422
vt 0.198360 0.634723
vt 0.210417 0.592262
vt 0.206921 0.585329
vt 0.210130 0.582352
vt 0.215055 0.591907
vt 0.202142 0.631042
vt 0.202177 0.593768
vt 0.206037 0.592663
vt 0.206132 0.632128
vt 0.831723 0.410048
vt 0.824813 0.406713
vt 0.827693 0.403421
vt 0.832087 0.405684
vt 0.829349 0.364363
vt 0.830242 0.368940
vt 0.821027 0.373969
vt 0.817395 0.370373
vt 0.214970 0.632898
vt 0.219707 0.633713
vt 0.213804 0.645945
vt 0.210084 0.642352
vt 0.200477 0.652673
vt 0.183145 0.652121
vt 0.179706 0.588177
vt 0.176477 0.585251
vt 0.183978 0.581320
vt 0.184288 0.585772
vt 0.181243 0.593524
vt 0.182570 0.591122
vt 0.183329 0.632935
vt 0.173788 0.641637
vt 0.833170 0.401795
vt 0.870090 0.402112
vt 0.871157 0.406085
vt 0.886852 0.399682
vt 0.891893 0.400395
vt 0.829132 0.397863
vt 0.825157 0.398893
vt 0.877730 0.399203
vt 0.873872 0.398273
vt 0.873405 0.385432
vt 0.811409 0.400819
vt 0.811039 0.383675
vt 0.181900 0.630337
vt 0.891893 0.382562
vt 0.886971 0.383547
vt 0.878399 0.406920
vt 0.882174 0.399467
vt 0.169053 0.632230
vt 0.164381 0.633027
vt 0.163967 0.591122
vt 0.168552 0.591846
vt 0.830616 0.400332
vt 0.169471 0.578867
vt 0.173265 0.582361
vt 0.872548 0.400821
vt 0.875426 0.403752
vt 0.203777 0.636422
vt 0.200858 0.633456
vt 0.831394 0.414612
vt 0.871547 0.410346
vt 0.206938 0.639403
vt 0.823991 0.377021
vt 0.831096 0.377825
vt 0.832128 0.381551
vt 0.870540 0.377134
vt 0.871839 0.382779
vt 0.869370 0.381234
vt 0.199063 0.585938
vt 0.199388 0.581476
vt 0.830672 0.373506
vt 0.870932 0.372796
vt 0.213918 0.578716
vt 0.219707 0.591115
vt 0.199645 0.576791
vt 0.200377 0.571758
vt 0.183613 0.576540
vt 0.830623 0.419168
vt 0.818577 0.413687
vt 0.821979 0.409925
vt 0.203676 0.588341
vt 0.210416 0.632554
vt 0.200637 0.591354
vt 0.871920 0.363372
vt 0.884560 0.369036
vt 0.880983 0.372946
vt 0.871204 0.368177
vt 0.198029 0.589801
vt 0.185155 0.589861
vt 0.182659 0.571694
vt 0.170034 0.645143
vt 0.817395 0.370373
vt 0.821027 0.373969
vt 0.815930 0.384246
vt 0.811039 0.383675
vt 0.884560 0.369036
vt 0.891893 0.382562
vt 0.886971 0.383547
vt 0.880983 0.372946
vt 0.871204 0.368177
vt 0.878031 0.376246
vt 0.870932 0.372796
vt 0.177844 0.631467
vt 0.180201 0.635818
vt 0.176970 0.638756
vt 0.173565 0.631891
vt 0.831096 0.377825
vt 0.870540 0.377134
vt 0.869370 0.381234
vt 0.832128 0.381551
vt 0.830242 0.368940
vt 0.830672 0.373506
vt 0.823991 0.377021
vt 0.181900 0.630337
vt 0.183329 0.632935
vt 0.206037 0.592663
vt 0.203676 0.588341
vt 0.206921 0.585329
vt 0.210417 0.592262
vt 0.182570 0.591122
vt 0.179706 0.588177
vt 0.184288 0.585772
vt 0.185155 0.589861
vt 0.871862 0.414880
vt 0.871547 0.410346
vt 0.878399 0.406920
vt 0.881346 0.410097
vt 0.882105 0.383963
vt 0.830623 0.419168
vt 0.818577 0.413687
vt 0.821979 0.409925
vt 0.831394 0.414612
vt 0.824813 0.406713
vt 0.820801 0.399338
vt 0.825157 0.398893
vt 0.827693 0.403421
vt 0.829349 0.364363
vt 0.871920 0.363372
vt 0.874994 0.379582
vt 0.199063 0.585938
vt 0.183978 0.581320
vt 0.199388 0.581476
vt 0.200637 0.591354
vt 0.198029 0.589801
vt 0.203777 0.636422
vt 0.206938 0.639403
vt 0.199410 0.643147
vt 0.199171 0.638747
vt 0.202177 0.593768
vt 0.871839 0.382779
vt 0.826944 0.380095
vt 0.200858 0.633456
vt 0.198360 0.634723
vt 0.210416 0.632554
vt 0.214970 0.632898
vt 0.210084 0.642352
vt 0.215055 0.591907
vt 0.210130 0.582352
vt 0.213918 0.578716
vt 0.219707 0.591115
vt 0.820469 0.384354
vt 0.206132 0.632128
vt 0.219707 0.633713
vt 0.183613 0.576540
vt 0.199645 0.576791
vt 0.877567 0.384372
vt 0.873405 0.385432
vt 0.213804 0.645945
vt 0.200477 0.652673
vt 0.199666 0.647867
vt 0.200377 0.571758
vt 0.816120 0.399801
vt 0.173122 0.592141
vt 0.168552 0.591846
vt 0.173265 0.582361
vt 0.176477 0.585251
vt 0.169053 0.632230
vt 0.173788 0.641637
vt 0.170034 0.645143
vt 0.164381 0.633027
vt 0.183967 0.647219
vt 0.183145 0.652121
vt 0.184310 0.642625
vt 0.882174 0.399467
vt 0.886852 0.399682
vt 0.182659 0.571694
vt 0.811409 0.400819
vt 0.872623 0.419600
vt 0.163967 0.591122
vt 0.169471 0.578867
vt 0.177452 0.592483
vt 0.871157 0.406085
vt 0.870090 0.402112
vt 0.872548 0.400821
vt 0.875426 0.403752
vt 0.184703 0.638237
vt 0.829132 0.397863
vt 0.830616 0.400332
vt 0.831723 0.410048
vt 0.877730 0.399203
vt 0.873872 0.398273
vt 0.832087 0.405684
vt 0.181243 0.593524
vt 0.828544 0.385358
vt 0.824786 0.384531
vt 0.891893 0.400395
vt 0.202142 0.631042
vt 0.884958 0.413888
vt 0.833170 0.401795
vt 0.185775 0.634422
vt 0.829791 0.382850
vt 0.817395 0.370373
vt 0.821027 0.373969
vt 0.815930 0.384246
vt 0.811039 0.383675
vt 0.884560 0.369036
vt 0.891893 0.382562
vt 0.886971 0.383547
vt 0.880983 0.372946
vt 0.871204 0.368177
vt 0.878031 0.376246
vt 0.870932 0.372796
vt 0.177844 0.631467
vt 0.180201 0.635818
vt 0.176970 0.638756
vt 0.173565 0.631891
vt 0.831096 0.377825
vt 0.870540 0.377134
vt 0.869370 0.381234
vt 0.832128 0.381551
vt 0.830242 0.368940
vt 0.830672 0.373506
vt 0.823991 0.377021
vt 0.181900 0.630337
vt 0.183329 0.632935
vt 0.206037 0.592663
vt 0.203676 0.588341
vt 0.206921 0.585329
vt 0.210417 0.592262
vt 0.182570 0.591122
vt 0.179706 0.588177
vt 0.184288 0.585772
vt 0.185155 0.589861
vt 0.871862 0.414880
vt 0.871547 0.410346
vt 0.878399 0.406920
vt 0.881346 0.410097
vt 0.882105 0.383963
vt 0.830623 0.419168
vt 0.818577 0.413687
vt 0.821979 0.409925
vt 0.831394 0.414612
vt 0.824813 0.406713
vt 0.820801 0.399338
vt 0.825157 0.398893
vt 0.827693 0.403421
vt 0.829349 0.364363
vt 0.871920 0.363372
vt 0.874994 0.379582
vt 0.199063 0.585938
vt 0.183978 0.581320
vt 0.199388 0.581476
vt 0.200637 0.591354
vt 0.198029 0.589801
vt 0.203777 0.636422
vt 0.206938 0.639403
vt 0.199410 0.643147
vt 0.199171 0.638747
vt 0.202177 0.593768
vt 0.871839 0.382779
vt 0.826944 0.380095
vt 0.200858 0.633456
vt 0.198360 0.634723
vt 0.210416 0.632554
vt 0.214970 0.632898
vt 0.210084 0.642352
vt 0.215055 0.591907
vt 0.210130 0.582352
vt 0.213918 0.578716
vt 0.219707 0.591115
vt 0.820469 0.384354
vt 0.206132 0.632128
vt 0.219707 0.633713
vt 0.183613 0.576540
vt 0.199645 0.576791
vt 0.877567 0.384372
vt 0.873405 0.385432
vt 0.213804 0.645945
vt 0.200477 0.652673
vt 0.199666 0.647867
vt 0.200377 0.571758
vt 0.816120 0.399801
vt 0.173122 0.592141
vt 0.168552 0.591846
vt 0.173265 0.582361
vt 0.176477 0.585251
vt 0.169053 0.632230
vt 0.173788 0.641637
vt 0.170034 0.645143
vt 0.164381 0.633027
vt 0.183967 0.647219
vt 0.183145 0.652121
vt 0.184310 0.642625
vt 0.882174 0.399467
vt 0.886852 0.399682
vt 0.182659 0.571694
vt 0.811409 0.400819
vt 0.872623 0.419600
vt 0.163967 0.591122
vt 0.169471 0.578867
vt 0.177452 0.592483
vt 0.871157 0.406085
vt 0.870090 0.402112
vt 0.872548 0.400821
vt 0.875426 0.403752
vt 0.184703 0.638237
vt 0.829132 0.397863
vt 0.830616 0.400332
vt 0.831723 0.410048
vt 0.877730 0.399203
vt 0.873872 0.398273
vt 0.832087 0.405684
vt 0.181243 0.593524
vt 0.828544 0.385358
vt 0.824786 0.384531
vt 0.891893 0.400395
vt 0.202142 0.631042
vt 0.884958 0.413888
vt 0.833170 0.401795
vt 0.185775 0.634422
vt 0.829791 0.382850
vt 0.177844 0.631467
vt 0.173565 0.631891
vt 0.173122 0.592141
vt 0.177452 0.592483
vt 0.832087 0.405684
vt 0.833170 0.401795
vt 0.870090 0.402112
vt 0.871157 0.406085
vt 0.179706 0.588177
vt 0.176477 0.585251
vt 0.183978 0.581320
vt 0.184288 0.585772
vt 0.199666 0.647867
vt 0.183967 0.647219
vt 0.184310 0.642625
vt 0.199410 0.643147
vt 0.830623 0.419168
vt 0.831394 0.414612
vt 0.871862 0.414880
vt 0.872623 0.419600
vt 0.183329 0.632935
vt 0.185775 0.634422
vt 0.184703 0.638237
vt 0.180201 0.635818
vt 0.815930 0.384246
vt 0.816120 0.399801
vt 0.811409 0.400819
vt 0.811039 0.383675
vt 0.884958 0.413888
vt 0.881346 0.410097
vt 0.886852 0.399682
vt 0.891893 0.400395
vt 0.891893 0.382562
vt 0.886971 0.383547
vt 0.882105 0.383963
vt 0.882174 0.399467
vt 0.877730 0.399203
vt 0.877567 0.384372
vt 0.873872 0.398273
vt 0.873405 0.385432
vt 0.181900 0.630337
vt 0.181243 0.593524
vt 0.199171 0.638747
vt 0.828544 0.385358
vt 0.829132 0.397863
vt 0.825157 0.398893
vt 0.824786 0.384531
vt 0.831723 0.410048
vt 0.871547 0.410346
vt 0.173265 0.582361
vt 0.183613 0.576540
vt 0.169053 0.632230
vt 0.168552 0.591846
vt 0.875426 0.403752
vt 0.872548 0.400821
vt 0.169471 0.578867
vt 0.182659 0.571694
vt 0.878399 0.406920
vt 0.827693 0.403421
vt 0.830616 0.400332
vt 0.176970 0.638756
vt 0.173788 0.641637
vt 0.818577 0.413687
vt 0.821979 0.409925
vt 0.182570 0.591122
vt 0.824813 0.406713
vt 0.163967 0.591122
vt 0.820469 0.384354
vt 0.820801 0.399338
vt 0.199645 0.576791
vt 0.200377 0.571758
vt 0.164381 0.633027
vt 0.200477 0.652673
vt 0.183145 0.652121
vt 0.198360 0.634723
vt 0.203777 0.636422
vt 0.206938 0.639403
vt 0.821027 0.373969
vt 0.823991 0.377021
vt 0.206132 0.632128
vt 0.210416 0.632554
vt 0.202142 0.631042
vt 0.202177 0.593768
vt 0.206037 0.592663
vt 0.210084 0.642352
vt 0.210417 0.592262
vt 0.206921 0.585329
vt 0.210130 0.582352
vt 0.215055 0.591907
vt 0.199388 0.581476
vt 0.213918 0.578716
vt 0.874994 0.379582
vt 0.871839 0.382779
vt 0.830242 0.368940
vt 0.830672 0.373506
vt 0.213804 0.645945
vt 0.214970 0.632898
vt 0.219707 0.591115
vt 0.219707 0.633713
vt 0.878031 0.376246
vt 0.826944 0.380095
vt 0.829791 0.382850
vt 0.829349 0.364363
vt 0.817395 0.370373
vt 0.200858 0.633456
vt 0.831096 0.377825
vt 0.832128 0.381551
vt 0.871920 0.363372
vt 0.884560 0.369036
vt 0.880983 0.372946
vt 0.871204 0.368177
vt 0.870540 0.377134
vt 0.869370 0.381234
vt 0.200637 0.591354
vt 0.203676 0.588341
vt 0.870932 0.372796
vt 0.198029 0.589801
vt 0.199063 0.585938
vt 0.185155 0.589861
vt 0.170034 0.645143
vt 0.206037 0.592663
vt 0.203676 0.588341
vt 0.206921 0.585329
vt 0.210417 0.592262
vt 0.202177 0.593768
vt 0.200637 0.591354
vt 0.870932 0.372796
vt 0.878031 0.376246
vt 0.874994 0.379582
vt 0.870540 0.377134
vt 0.871204 0.368177
vt 0.880983 0.372946
vt 0.210130 0.582352
vt 0.215055 0.591907
vt 0.198029 0.589801
vt 0.199063 0.585938
vt 0.871920 0.363372
vt 0.884560 0.369036
vt 0.871839 0.382779
vt 0.869370 0.381234
vt 0.213918 0.578716
vt 0.219707 0.591115
vt 0.831096 0.377825
vt 0.832128 0.381551
vt 0.829791 0.382850
vt 0.826944 0.380095
vt 0.200858 0.633456
vt 0.203777 0.636422
vt 0.199171 0.638747
vt 0.198360 0.634723
vt 0.210416 0.632554
vt 0.214970 0.632898
vt 0.210084 0.642352
vt 0.206938 0.639403
vt 0.830242 0.368940
vt 0.830672 0.373506
vt 0.823991 0.377021
vt 0.821027 0.373969
vt 0.202142 0.631042
vt 0.206132 0.632128
vt 0.219707 0.633713
vt 0.213804 0.645945
vt 0.829349 0.364363
vt 0.817395 0.370373
vt 0.199388 0.581476
vt 0.183978 0.581320
vt 0.183613 0.576540
vt 0.199645 0.576791
vt 0.824786 0.384531
vt 0.820469 0.384354
vt 0.815930 0.384246
vt 0.200477 0.652673
vt 0.199666 0.647867
vt 0.199410 0.643147
vt 0.828544 0.385358
vt 0.811039 0.383675
vt 0.184288 0.585772
vt 0.882105 0.383963
vt 0.877567 0.384372
vt 0.886971 0.383547
vt 0.200377 0.571758
vt 0.873405 0.385432
vt 0.891893 0.382562
vt 0.177452 0.592483
vt 0.173122 0.592141
vt 0.176477 0.585251
vt 0.179706 0.588177
vt 0.181243 0.593524
vt 0.182570 0.591122
vt 0.871547 0.410346
vt 0.871157 0.406085
vt 0.875426 0.403752
vt 0.878399 0.406920
vt 0.871862 0.414880
vt 0.881346 0.410097
vt 0.168552 0.591846
vt 0.173265 0.582361
vt 0.185155 0.589861
vt 0.872623 0.419600
vt 0.884958 0.413888
vt 0.870090 0.402112
vt 0.872548 0.400821
vt 0.163967 0.591122
vt 0.169471 0.578867
vt 0.832087 0.405684
vt 0.827693 0.403421
vt 0.830616 0.400332
vt 0.833170 0.401795
vt 0.183329 0.632935
vt 0.185775 0.634422
vt 0.184703 0.638237
vt 0.180201 0.635818
vt 0.173565 0.631891
vt 0.176970 0.638756
vt 0.173788 0.641637
vt 0.169053 0.632230
vt 0.831394 0.414612
vt 0.821979 0.409925
vt 0.824813 0.406713
vt 0.831723 0.410048
vt 0.181900 0.630337
vt 0.177844 0.631467
vt 0.170034 0.645143
vt 0.164381 0.633027
vt 0.830623 0.419168
vt 0.818577 0.413687
vt 0.820801 0.399338
vt 0.825157 0.398893
vt 0.816120 0.399801
vt 0.183967 0.647219
vt 0.183145 0.652121
vt 0.184310 0.642625
vt 0.829132 0.397863
vt 0.811409 0.400819
vt 0.877730 0.399203
vt 0.873872 0.398273
vt 0.882174 0.399467
vt 0.886852 0.399682
vt 0.182659 0.571694
vt 0.891893 0.400395
vt 0.206037 0.592663
vt 0.203676 0.588341
vt 0.206921 0.585329
vt 0.210417 0.592262
vt 0.202177 0.593768
vt 0.200637 0.591354
vt 0.870932 0.372796
vt 0.878031 0.376246
vt 0.874994 0.379582
vt 0.870540 0.377134
vt 0.871204 0.368177
vt 0.880983 0.372946
vt 0.210130 0.582352
vt 0.215055 0.591907
vt 0.198029 0.589801
vt 0.199063 0.585938
vt 0.871920 0.363372
vt 0.884560 0.369036
vt 0.871839 0.382779
vt 0.869370 0.381234
vt 0.213918 0.578716
vt 0.219707 0.591115
vt 0.831096 0.377825
vt 0.832128 0.381551
vt 0.829791 0.382850
vt 0.826944 0.380095
vt 0.200858 0.633456
vt 0.203777 0.636422
vt 0.199171 0.638747
vt 0.198360 0.634723
vt 0.210416 0.632554
vt 0.214970 0.632898
vt 0.210084 0.642352
vt 0.206938 0.639403
vt 0.830242 0.368940
vt 0.830672 0.373506
vt 0.823991 0.377021
vt 0.821027 0.373969
vt 0.202142 0.631042
vt 0.206132 0.632128
vt 0.219707 0.633713
vt 0.213804 0.645945
vt 0.829349 0.364363
vt 0.817395 0.370373
vt 0.199388 0.581476
vt 0.183978 0.581320
vt 0.183613 0.576540
vt 0.199645 0.576791
vt 0.824786 0.384531
vt 0.820469 0.384354
vt 0.815930 0.384246
vt 0.200477 0.652673
vt 0.199666 0.647867
vt 0.199410 0.643147
vt 0.828544 0.385358
vt 0.811039 0.383675
vt 0.184288 0.585772
vt 0.882105 0.383963
vt 0.877567 0.384372
vt 0.886971 0.383547
vt 0.200377 0.571758
vt 0.873405 0.385432
vt 0.891893 0.382562
vt 0.177452 0.592483
vt 0.173122 0.592141
vt 0.176477 0.585251
vt 0.179706 0.588177
vt 0.181243 0.593524
vt 0.182570 0.591122
vt 0.871547 0.410346
vt 0.871157 0.406085
vt 0.875426 0.403752
vt 0.878399 0.406920
vt 0.871862 0.414880
vt 0.881346 0.410097
vt 0.168552 0.591846
vt 0.173265 0.582361
vt 0.185155 0.589861
vt 0.872623 0.419600
vt 0.884958 0.413888
vt 0.870090 0.402112
vt 0.872548 0.400821
vt 0.163967 0.591122
vt 0.169471 0.578867
vt 0.832087 0.405684
vt 0.827693 0.403421
vt 0.830616 0.400332
vt 0.833170 0.401795
vt 0.183329 0.632935
vt 0.185775 0.634422
vt 0.184703 0.638237
vt 0.180201 0.635818
vt 0.173565 0.631891
vt 0.176970 0.638756
vt 0.173788 0.641637
vt 0.169053 0.632230
vt 0.831394 0.414612
vt 0.821979 0.409925
vt 0.824813 0.406713
vt 0.831723 0.410048
vt 0.181900 0.630337
vt 0.177844 0.631467
vt 0.170034 0.645143
vt 0.164381 0.633027
vt 0.830623 0.419168
vt 0.818577 0.413687
vt 0.820801 0.399338
vt 0.825157 0.398893
vt 0.816120 0.399801
vt 0.183967 0.647219
vt 0.183145 0.652121
vt 0.184310 0.642625
vt 0.829132 0.397863
vt 0.811409 0.400819
vt 0.877730 0.399203
vt 0.873872 0.398273
vt 0.882174 0.399467
vt 0.886852 0.399682
vt 0.182659 0.571694
vt 0.891893 0.400395
vt 0.210416 0.632554
vt 0.214970 0.632898
vt 0.210084 0.642352
vt 0.206938 0.639403
vt 0.206921 0.585329
vt 0.199388 0.581476
vt 0.199645 0.576791
vt 0.210130 0.582352
vt 0.177844 0.631467
vt 0.180201 0.635818
vt 0.176970 0.638756
vt 0.173565 0.631891
vt 0.878399 0.406920
vt 0.875426 0.403752
vt 0.877730 0.399203
vt 0.882174 0.399467
vt 0.821979 0.409925
vt 0.816120 0.399801
vt 0.820801 0.399338
vt 0.824813 0.406713
vt 0.830623 0.419168
vt 0.818577 0.413687
vt 0.831394 0.414612
vt 0.831723 0.410048
vt 0.817395 0.370373
vt 0.821027 0.373969
vt 0.815930 0.384246
vt 0.811039 0.383675
vt 0.198029 0.589801
vt 0.185155 0.589861
vt 0.184288 0.585772
vt 0.199063 0.585938
vt 0.871862 0.414880
vt 0.872623 0.419600
vt 0.183613 0.576540
vt 0.182659 0.571694
vt 0.200377 0.571758
vt 0.215055 0.591907
vt 0.219707 0.591115
vt 0.219707 0.633713
vt 0.872548 0.400821
vt 0.873872 0.398273
vt 0.176477 0.585251
vt 0.173265 0.582361
vt 0.183978 0.581320
vt 0.169053 0.632230
vt 0.173788 0.641637
vt 0.170034 0.645143
vt 0.164381 0.633027
vt 0.871204 0.368177
vt 0.880983 0.372946
vt 0.878031 0.376246
vt 0.870932 0.372796
vt 0.823991 0.377021
vt 0.820469 0.384354
vt 0.830242 0.368940
vt 0.830672 0.373506
vt 0.200858 0.633456
vt 0.203777 0.636422
vt 0.199171 0.638747
vt 0.198360 0.634723
vt 0.884560 0.369036
vt 0.891893 0.382562
vt 0.886971 0.383547
vt 0.206037 0.592663
vt 0.203676 0.588341
vt 0.210417 0.592262
vt 0.825157 0.398893
vt 0.827693 0.403421
vt 0.871547 0.410346
vt 0.881346 0.410097
vt 0.181900 0.630337
vt 0.183329 0.632935
vt 0.882105 0.383963
vt 0.870540 0.377134
vt 0.874994 0.379582
vt 0.871839 0.382779
vt 0.869370 0.381234
vt 0.173122 0.592141
vt 0.168552 0.591846
vt 0.199410 0.643147
vt 0.213804 0.645945
vt 0.200477 0.652673
vt 0.199666 0.647867
vt 0.831096 0.377825
vt 0.826944 0.380095
vt 0.213918 0.578716
vt 0.832087 0.405684
vt 0.871157 0.406085
vt 0.183967 0.647219
vt 0.183145 0.652121
vt 0.877567 0.384372
vt 0.873405 0.385432
vt 0.811409 0.400819
vt 0.169471 0.578867
vt 0.206132 0.632128
vt 0.884958 0.413888
vt 0.886852 0.399682
vt 0.891893 0.400395
vt 0.181243 0.593524
vt 0.177452 0.592483
vt 0.179706 0.588177
vt 0.182570 0.591122
vt 0.824786 0.384531
vt 0.870090 0.402112
vt 0.184310 0.642625
vt 0.829132 0.397863
vt 0.830616 0.400332
vt 0.829349 0.364363
vt 0.828544 0.385358
vt 0.833170 0.401795
vt 0.163967 0.591122
vt 0.185775 0.634422
vt 0.184703 0.638237
vt 0.202142 0.631042
vt 0.202177 0.593768
vt 0.829791 0.382850
vt 0.832128 0.381551
vt 0.871920 0.363372
vt 0.200637 0.591354
vt 0.210416 0.632554
vt 0.214970 0.632898
vt 0.210084 0.642352
vt 0.206938 0.639403
vt 0.206921 0.585329
vt 0.199388 0.581476
vt 0.199645 0.576791
vt 0.210130 0.582352
vt 0.177844 0.631467
vt 0.180201 0.635818
vt 0.176970 0.638756
vt 0.173565 0.631891
vt 0.878399 0.406920
vt 0.875426 0.403752
vt 0.877730 0.399203
vt 0.882174 0.399467
vt 0.821979 0.409925
vt 0.816120 0.399801
vt 0.820801 0.399338
vt 0.824813 0.406713
vt 0.830623 0.419168
vt 0.818577 0.413687
vt 0.831394 0.414612
vt 0.831723 0.410048
vt 0.817395 0.370373
vt 0.821027 0.373969
vt 0.815930 0.384246
vt 0.811039 0.383675
vt 0.198029 0.589801
vt 0.185155 0.589861
vt 0.184288 0.585772
vt 0.199063 0.585938
vt 0.871862 0.414880
vt 0.872623 0.419600
vt 0.183613 0.576540
vt 0.182659 0.571694
vt 0.200377 0.571758
vt 0.215055 0.591907
vt 0.219707 0.591115
vt 0.219707 0.633713
vt 0.872548 0.400821
vt 0.873872 0.398273
vt 0.176477 0.585251
vt 0.173265 0.582361
vt 0.183978 0.581320
vt 0.169053 0.632230
vt 0.173788 0.641637
vt 0.170034 0.645143
vt 0.164381 0.633027
vt 0.871204 0.368177
vt 0.880983 0.372946
vt 0.878031 0.376246
vt 0.870932 0.372796
vt 0.823991 0.377021
vt 0.820469 0.384354
vt 0.830242 0.368940
vt 0.830672 0.373506
vt 0.200858 0.633456
vt 0.203777 0.636422
vt 0.199171 0.638747
vt 0.198360 0.634723
vt 0.884560 0.369036
vt 0.891893 0.382562
vt 0.886971 0.383547
vt 0.206037 0.592663
vt 0.203676 0.588341
vt 0.210417 0.592262
vt 0.825157 0.398893
vt 0.827693 0.403421
vt 0.871547 0.410346
vt 0.881346 0.410097
vt 0.181900 0.630337
vt 0.183329 0.632935
vt 0.882105 0.383963
vt 0.870540 0.377134
vt 0.874994 0.379582
vt 0.871839 0.382779
vt 0.869370 0.381234
vt 0.173122 0.592141
vt 0.168552 0.591846
vt 0.199410 0.643147
vt 0.213804 0.645945
vt 0.200477 0.652673
vt 0.199666 0.647867
vt 0.831096 0.377825
vt 0.826944 0.380095
vt 0.213918 0.578716
vt 0.832087 0.405684
vt 0.871157 0.406085
vt 0.183967 0.647219
vt 0.183145 0.652121
vt 0.877567 0.384372
vt 0.873405 0.385432
vt 0.811409 0.400819
vt 0.169471 0.578867
vt 0.206132 0.632128
vt 0.884958 0.413888
vt 0.886852 0.399682
vt 0.891893 0.400395
vt 0.181243 0.593524
vt 0.177452 0.592483
vt 0.179706 0.588177
vt 0.182570 0.591122
vt 0.824786 0.384531
vt 0.870090 0.402112
vt 0.184310 0.642625
vt 0.829132 0.397863
vt 0.830616 0.400332
vt 0.829349 0.364363
vt 0.828544 0.385358
vt 0.833170 0.401795
vt 0.163967 0.591122
vt 0.185775 0.634422
vt 0.184703 0.638237
vt 0.202142 0.631042
vt 0.202177 0.593768
vt 0.829791 0.382850
vt 0.832128 0.381551
vt 0.871920 0.363372
vt 0.200637 0.591354
vt 0.210416 0.632554
vt 0.214970 0.632898
vt 0.210084 0.642352
vt 0.206938 0.639403
vt 0.206921 0.585329
vt 0.199388 0.581476
vt 0.199645 0.576791
vt 0.210130 0.582352
vt 0.177844 0.631467
vt 0.180201 0.635818
vt 0.176970 0.638756
vt 0.173565 0.631891
vt 0.878399 0.406920
vt 0.875426 0.403752
vt 0.877730 0.399203
vt 0.882174 0.399467
vt 0.821979 0.409925
vt 0.816120 0.399801
vt 0.820801 0.399338
vt 0.824813 0.406713
vt 0.830623 0.419168
vt 0.818577 0.413687
vt 0.831394 0.414612
vt 0.831723 0.410048
vt 0.817395 0.370373
vt 0.821027 0.373969
vt 0.815930 0.384246
vt 0.811039 0.383675
vt 0.198029 0.589801
vt 0.185155 0.589861
vt 0.184288 0.585772
vt 0.199063 0.585938
vt 0.871862 0.414880
vt 0.872623 0.419600
vt 0.183613 0.576540
vt 0.182659 0.571694
vt 0.200377 0.571758
vt 0.215055 0.591907
vt 0.219707 0.591115
vt 0.219707 0.633713
vt 0.872548 0.400821
vt 0.873872 0.398273
vt 0.176477 0.585251
vt 0.173265 0.582361
vt 0.183978 0.581320
vt 0.169053 0.632230
vt 0.173788 0.641637
vt 0.170034 0.645143
vt 0.164381 0.633027
vt 0.871204 0.368177
vt 0.880983 0.372946
vt 0.878031 0.376246
vt 0.870932 0.372796
vt 0.823991 0.377021
vt 0.820469 0.384354
vt 0.830242 0.368940
vt 0.830672 0.373506
vt 0.200858 0.633456
vt 0.203777 0.636422
vt 0.199171 0.638747
vt 0.198360 0.634723
vt 0.884560 0.369036
vt 0.891893 0.382562
vt 0.886971 0.383547
vt 0.206037 0.592663
vt 0.203676 0.588341
vt 0.210417 0.592262
vt 0.825157 0.398893
vt 0.827693 0.403421
vt 0.871547 0.410346
vt 0.881346 0.410097
vt 0.181900 0.630337
vt 0.183329 0.632935
vt 0.882105 0.383963
vt 0.870540 0.377134
vt 0.874994 0.379582
vt 0.871839 0.382779
vt 0.869370 0.381234
vt 0.173122 0.592141
vt 0.168552 0.591846
vt 0.199410 0.643147
vt 0.213804 0.645945
vt 0.200477 0.652673
vt 0.199666 0.647867
vt 0.831096 0.377825
vt 0.826944 0.380095
vt 0.213918 0.578716
vt 0.832087 0.405684
vt 0.871157 0.406085
vt 0.183967 0.647219
vt 0.183145 0.652121
vt 0.877567 0.384372
vt 0.873405 0.385432
vt 0.811409 0.400819
vt 0.169471 0.578867
vt 0.206132 0.632128
vt 0.884958 0.413888
vt 0.886852 0.399682
vt 0.891893 0.400395
vt 0.181243 0.593524
vt 0.177452 0.592483
vt 0.179706 0.588177
vt 0.182570 0.591122
vt 0.824786 0.384531
vt 0.870090 0.402112
vt 0.184310 0.642625
vt 0.829132 0.397863
vt 0.830616 0.400332
vt 0.829349 0.364363
vt 0.828544 0.385358
vt 0.833170 0.401795
vt 0.163967 0.591122
vt 0.185775 0.634422
vt 0.184703 0.638237
vt 0.202142 0.631042
vt 0.202177 0.593768
vt 0.829791 0.382850
vt 0.832128 0.381551
vt 0.871920 0.363372
vt 0.200637 0.591354
vt 0.210416 0.632554
vt 0.214970 0.632898
vt 0.210084 0.642352
vt 0.206938 0.639403
vt 0.206921 0.585329
vt 0.199388 0.581476
vt 0.199645 0.576791
vt 0.210130 0.582352
vt 0.177844 0.631467
vt 0.180201 0.635818
vt 0.176970 0.638756
vt 0.173565 0.631891
vt 0.878399 0.406920
vt 0.875426 0.403752
vt 0.877730 0.399203
vt 0.882174 0.399467
vt 0.821979 0.409925
vt 0.816120 0.399801
vt 0.820801 0.399338
vt 0.824813 0.406713
vt 0.830623 0.419168
vt 0.818577 0.413687
vt 0.831394 0.414612
vt 0.831723 0.410048
vt 0.817395 0.370373
vt 0.821027 0.373969
vt 0.815930 0.384246
vt 0.811039 0.383675
vt 0.198029 0.589801
vt 0.185155 0.589861
vt 0.184288 0.585772
vt 0.199063 0.585938
vt 0.871862 0.414880
vt 0.872623 0.419600
vt 0.183613 0.576540
vt 0.182659 0.571694
vt 0.200377 0.571758
vt 0.215055 0.591907
vt 0.219707 0.591115
vt 0.219707 0.633713
vt 0.872548 0.400821
vt 0.873872 0.398273
vt 0.176477 0.585251
vt 0.173265 0.582361
vt 0.183978 0.581320
vt 0.169053 0.632230
vt 0.173788 0.641637
vt 0.170034 0.645143
vt 0.164381 0.633027
vt 0.871204 0.368177
vt 0.880983 0.372946
vt 0.878031 0.376246
vt 0.870932 0.372796
vt 0.823991 0.377021
vt 0.820469 0.384354
vt 0.830242 0.368940
vt 0.830672 0.373506
vt 0.200858 0.633456
vt 0.203777 0.636422
vt 0.199171 0.638747
vt 0.198360 0.634723
vt 0.884560 0.369036
vt 0.891893 0.382562
vt 0.886971 0.383547
vt 0.206037 0.592663
vt 0.203676 0.588341
vt 0.210417 0.592262
vt 0.825157 0.398893
vt 0.827693 0.403421
vt 0.871547 0.410346
vt 0.881346 0.410097
vt 0.181900 0.630337
vt 0.183329 0.632935
vt 0.882105 0.383963
vt 0.870540 0.377134
vt 0.874994 0.379582
vt 0.871839 0.382779
vt 0.869370 0.381234
vt 0.173122 0.592141
vt 0.168552 0.591846
vt 0.199410 0.643147
vt 0.213804 0.645945
vt 0.200477 0.652673
vt 0.199666 0.647867
vt 0.831096 0.377825
vt 0.826944 0.380095
vt 0.213918 0.578716
vt 0.832087 0.405684
vt 0.871157 0.406085
vt 0.183967 0.647219
vt 0.183145 0.652121
vt 0.877567 0.384372
vt 0.873405 0.385432
vt 0.811409 0.400819
vt 0.169471 0.578867
vt 0.206132 0.632128
vt 0.884958 0.413888
vt 0.886852 0.399682
vt 0.891893 0.400395
vt 0.181243 0.593524
vt 0.177452 0.592483
vt 0.179706 0.588177
vt 0.182570 0.591122
vt 0.824786 0.384531
vt 0.870090 0.402112
vt 0.184310 0.642625
vt 0.829132 0.397863
vt 0.830616 0.400332
vt 0.829349 0.364363
vt 0.828544 0.385358
vt 0.833170 0.401795
vt 0.163967 0.591122
vt 0.185775 0.634422
vt 0.184703 0.638237
vt 0.202142 0.631042
vt 0.202177 0.593768
vt 0.829791 0.382850
vt 0.832128 0.381551
vt 0.871920 0.363372
vt 0.200637 0.591354
vt 0.210416 0.632554
vt 0.214970 0.632898
vt 0.210084 0.642352
vt 0.206938 0.639403
vt 0.206921 0.585329
vt 0.199388 0.581476
vt 0.199645 0.576791
vt 0.210130 0.582352
vt 0.177844 0.631467
vt 0.180201 0.635818
vt 0.176970 0.638756
vt 0.173565 0.631891
vt 0.878399 0.406920
vt 0.875426 0.403752
vt 0.877730 0.399203
vt 0.882174 0.399467
vt 0.821979 0.409925
vt 0.816120 0.399801
vt 0.820801 0.399338
vt 0.824813 0.406713
vt 0.830623 0.419168
vt 0.818577 0.413687
vt 0.831394 0.414612
vt 0.831723 0.410048
vt 0.817395 0.370373
vt 0.821027 0.373969
vt 0.815930 0.384246
vt 0.811039 0.383675
vt 0.198029 0.589801
vt 0.185155 0.589861
vt 0.184288 0.585772
vt 0.199063 0.585938
vt 0.871862 0.414880
vt 0.872623 0.419600
vt 0.183613 0.576540
vt 0.182659 0.571694
vt 0.200377 0.571758
vt 0.215055 0.591907
vt 0.219707 0.591115
vt 0.219707 0.633713
vt 0.872548 0.400821
vt 0.873872 0.398273
vt 0.176477 0.585251
vt 0.173265 0.582361
vt 0.183978 0.581320
vt 0.169053 0.632230
vt 0.173788 0.641637
vt 0.170034 0.645143
vt 0.164381 0.633027
vt 0.871204 0.368177
vt 0.880983 0.372946
vt 0.878031 0.376246
vt 0.870932 0.372796
vt 0.823991 0.377021
vt 0.820469 0.384354
vt 0.830242 0.368940
vt 0.830672 0.373506
vt 0.200858 0.633456
vt 0.203777 0.636422
vt 0.199171 0.638747
vt 0.198360 0.634723
vt 0.884560 0.369036
vt 0.891893 0.382562
vt 0.886971 0.383547
vt 0.206037 0.592663
vt 0.203676 0.588341
vt 0.210417 0.592262
vt 0.825157 0.398893
vt 0.827693 0.403421
vt 0.871547 0.410346
vt 0.881346 0.410097
vt 0.181900 0.630337
vt 0.183329 0.632935
vt 0.882105 0.383963
vt 0.870540 0.377134
vt 0.874994 0.379582
vt 0.871839 0.382779
vt 0.869370 0.381234
vt 0.173122 0.592141
vt 0.168552 0.591846
vt 0.199410 0.643147
vt 0.213804 0.645945
vt 0.200477 0.652673
vt 0.199666 0.647867
vt 0.831096 0.377825
vt 0.826944 0.380095
vt 0.213918 0.578716
vt 0.832087 0.405684
vt 0.871157 0.406085
vt 0.183967 0.647219
vt 0.183145 0.652121
vt 0.877567 0.384372
vt 0.873405 0.385432
vt 0.811409 0.400819
vt 0.169471 0.578867
vt 0.206132 0.632128
vt 0.884958 0.413888
vt 0.886852 0.399682
vt 0.891893 0.400395
vt 0.181243 0.593524
vt 0.177452 0.592483
vt 0.179706 0.588177
vt 0.182570 0.591122
vt 0.824786 0.384531
vt 0.870090 0.402112
vt 0.184310 0.642625
vt 0.829132 0.397863
vt 0.830616 0.400332
vt 0.829349 0.364363
vt 0.828544 0.385358
vt 0.833170 0.401795
vt 0.163967 0.591122
vt 0.185775 0.634422
vt 0.184703 0.638237
vt 0.202142 0.631042
vt 0.202177 0.593768
vt 0.829791 0.382850
vt 0.832128 0.381551
vt 0.871920 0.363372
vt 0.200637 0.591354
vt 0.210416 0.632554
vt 0.214970 0.632898
vt 0.210084 0.642352
vt 0.206938 0.639403
vt 0.206921 0.585329
vt 0.199388 0.581476
vt 0.199645 0.576791
vt 0.210130 0.582352
vt 0.177844 0.631467
vt 0.180201 0.635818
vt 0.176970 0.638756
vt 0.173565 0.631891
vt 0.878399 0.406920
vt 0.875426 0.403752
vt 0.877730 0.399203
vt 0.882174 0.399467
vt 0.821979 0.409925
vt 0.816120 0.399801
vt 0.820801 0.399338
vt 0.824813 0.406713
vt 0.830623 0.419168
vt 0.818577 0.413687
vt 0.831394 0.414612
vt 0.831723 0.410048
vt 0.817395 0.370373
vt 0.821027 0.373969
vt 0.815930 0.384246
vt 0.811039 0.383675
vt 0.198029 0.589801
vt 0.185155 0.589861
vt 0.184288 0.585772
vt 0.199063 0.585938
vt 0.871862 0.414880
vt 0.872623 0.419600
vt 0.183613 0.576540
vt 0.182659 0.571694
vt 0.200377 0.571758
vt 0.215055 0.591907
vt 0.219707 0.591115
vt 0.219707 0.633713
vt 0.872548 0.400821
vt 0.873872 0.398273
vt 0.176477 0.585251
vt 0.173265 0.582361
vt 0.183978 0.581320
vt 0.169053 0.632230
vt 0.173788 0.641637
vt 0.170034 0.645143
vt 0.164381 0.633027
vt 0.871204 0.368177
vt 0.880983 0.372946
vt 0.878031 0.376246
vt 0.870932 0.372796
vt 0.823991 0.377021
vt 0.820469 0.384354
vt 0.830242 0.368940
vt 0.830672 0.373506
vt 0.200858 0.633456
vt 0.203777 0.636422
vt 0.199171 0.638747
vt 0.198360 0.634723
vt 0.884560 0.369036
vt 0.891893 0.382562
vt 0.886971 0.383547
vt 0.206037 0.592663
vt 0.203676 0.588341
vt 0.210417 0.592262
vt 0.825157 0.398893
vt 0.827693 0.403421
vt 0.871547 0.410346
vt 0.881346 0.410097
vt 0.181900 0.630337
vt 0.183329 0.632935
vt 0.882105 0.383963
vt 0.870540 0.377134
vt 0.874994 0.379582
vt 0.871839 0.382779
vt 0.869370 0.381234
vt 0.173122 0.592141
vt 0.168552 0.591846
vt 0.199410 0.643147
vt 0.213804 0.645945
vt 0.200477 0.652673
vt 0.199666 0.647867
vt 0.831096 0.377825
vt 0.826944 0.380095
vt 0.213918 0.578716
vt 0.832087 0.405684
vt 0.871157 0.406085
vt 0.183967 0.647219
vt 0.183145 0.652121
vt 0.877567 0.384372
vt 0.873405 0.385432
vt 0.811409 0.400819
vt 0.169471 0.578867
vt 0.206132 0.632128
vt 0.884958 0.413888
vt 0.886852 0.399682
vt 0.891893 0.400395
vt 0.181243 0.593524
vt 0.177452 0.592483
vt 0.179706 0.588177
vt 0.182570 0.591122
vt 0.824786 0.384531
vt 0.870090 0.402112
vt 0.184310 0.642625
vt 0.829132 0.397863
vt 0.830616 0.400332
vt 0.829349 0.364363
vt 0.828544 0.385358
vt 0.833170 0.401795
vt 0.163967 0.591122
vt 0.185775 0.634422
vt 0.184703 0.638237
vt 0.202142 0.631042
vt 0.202177 0.593768
vt 0.829791 0.382850
vt 0.832128 0.381551
vt 0.871920 0.363372
vt 0.200637 0.591354
vt 0.210416 0.632554
vt 0.214970 0.632898
vt 0.210084 0.642352
vt 0.206938 0.639403
vt 0.206921 0.585329
vt 0.199388 0.581476
vt 0.199645 0.576791
vt 0.210130 0.582352
vt 0.177844 0.631467
vt 0.180201 0.635818
vt 0.176970 0.638756
vt 0.173565 0.631891
vt 0.878399 0.406920
vt 0.875426 0.403752
vt 0.877730 0.399203
vt 0.882174 0.399467
vt 0.821979 0.409925
vt 0.816120 0.399801
vt 0.820801 0.399338
vt 0.824813 0.406713
vt 0.830623 0.419168
vt 0.818577 0.413687
vt 0.831394 0.414612
vt 0.831723 0.410048
vt 0.817395 0.370373
vt 0.821027 0.373969
vt 0.815930 0.384246
vt 0.811039 0.383675
vt 0.198029 0.589801
vt 0.185155 0.589861
vt 0.184288 0.585772
vt 0.199063 0.585938
vt 0.871862 0.414880
vt 0.872623 0.419600
vt 0.183613 0.576540
vt 0.182659 0.571694
vt 0.200377 0.571758
vt 0.215055 0.591907
vt 0.219707 0.591115
vt 0.219707 0.633713
vt 0.872548 0.400821
vt 0.873872 0.398273
vt 0.176477 0.585251
vt 0.173265 0.582361
vt 0.183978 0.581320
vt 0.169053 0.632230
vt 0.173788 0.641637
vt 0.170034 0.645143
vt 0.164381 0.633027
vt 0.871204 0.368177
vt 0.880983 0.372946
vt 0.878031 0.376246
vt 0.870932 0.372796
vt 0.823991 0.377021
vt 0.820469 0.384354
vt 0.830242 0.368940
vt 0.830672 0.373506
vt 0.200858 0.633456
vt 0.203777 0.636422
vt 0.199171 0.638747
vt 0.198360 0.634723
vt 0.884560 0.369036
vt 0.891893 0.382562
vt 0.886971 0.383547
vt 0.206037 0.592663
vt 0.203676 0.588341
vt 0.210417 0.592262
vt 0.825157 0.398893
vt 0.827693 0.403421
vt 0.871547 0.410346
vt 0.881346 0.410097
vt 0.181900 0.630337
vt 0.183329 0.632935
vt 0.882105 0.383963
vt 0.870540 0.377134
vt 0.874994 0.379582
vt 0.871839 0.382779
vt 0.869370 0.381234
vt 0.173122 0.592141
vt 0.168552 0.591846
vt 0.199410 0.643147
vt 0.213804 0.645945
vt 0.200477 0.652673
vt 0.199666 0.647867
vt 0.831096 0.377825
vt 0.826944 0.380095
vt 0.213918 0.578716
vt 0.832087 0.405684
vt 0.871157 0.406085
vt 0.183967 0.647219
vt 0.183145 0.652121
vt 0.877567 0.384372
vt 0.873405 0.385432
vt 0.811409 0.400819
vt 0.169471 0.578867
vt 0.206132 0.632128
vt 0.884958 0.413888
vt 0.886852 0.399682
vt 0.891893 0.400395
vt 0.181243 0.593524
vt 0.177452 0.592483
vt 0.179706 0.588177
vt 0.182570 0.591122
vt 0.824786 0.384531
vt 0.870090 0.402112
vt 0.184310 0.642625
vt 0.829132 0.397863
vt 0.830616 0.400332
vt 0.829349 0.364363
vt 0.828544 0.385358
vt 0.833170 0.401795
vt 0.163967 0.591122
vt 0.185775 0.634422
vt 0.184703 0.638237
vt 0.202142 0.631042
vt 0.202177 0.593768
vt 0.829791 0.382850
vt 0.832128 0.381551
vt 0.871920 0.363372
vt 0.200637 0.591354
vt 0.210416 0.632554
vt 0.214970 0.632898
vt 0.210084 0.642352
vt 0.206938 0.639403
vt 0.206921 0.585329
vt 0.199388 0.581476
vt 0.199645 0.576791
vt 0.210130 0.582352
vt 0.177844 0.631467
vt 0.180201 0.635818
vt 0.176970 0.638756
vt 0.173565 0.631891
vt 0.878399 0.406920
vt 0.875426 0.403752
vt 0.877730 0.399203
vt 0.882174 0.399467
vt 0.821979 0.409925
vt 0.816120 0.399801
vt 0.820801 0.399338
vt 0.824813 0.406713
vt 0.830623 0.419168
vt 0.818577 0.413687
vt 0.831394 0.414612
vt 0.831723 0.410048
vt 0.817395 0.370373
vt 0.821027 0.373969
vt 0.815930 0.384246
vt 0.811039 0.383675
vt 0.198029 0.589801
vt 0.185155 0.589861
vt 0.184288 0.585772
vt 0.199063 0.585938
vt 0.871862 0.414880
vt 0.872623 0.419600
vt 0.183613 0.576540
vt 0.182659 0.571694
vt 0.200377 0.571758
vt 0.215055 0.591907
vt 0.219707 0.591115
vt 0.219707 0.633713
vt 0.872548 0.400821
vt 0.873872 0.398273
vt 0.176477 0.585251
vt 0.173265 0.582361
vt 0.183978 0.581320
vt 0.169053 0.632230
vt 0.173788 0.641637
vt 0.170034 0.645143
vt 0.164381 0.633027
vt 0.871204 0.368177
vt 0.880983 0.372946
vt 0.878031 0.376246
vt 0.870932 0.372796
vt 0.823991 0.377021
vt 0.820469 0.384354
vt 0.830242 0.368940
vt 0.830672 0.373506
vt 0.200858 0.633456
vt 0.203777 0.636422
vt 0.199171 0.638747
vt 0.198360 0.634723
vt 0.884560 0.369036
vt 0.891893 0.382562
vt 0.886971 0.383547
vt 0.206037 0.592663
vt 0.203676 0.588341
vt 0.210417 0.592262
vt 0.825157 0.398893
vt 0.827693 0.403421
vt 0.871547 0.410346
vt 0.881346 0.410097
vt 0.181900 0.630337
vt 0.183329 0.632935
vt 0.882105 0.383963
vt 0.870540 0.377134
vt 0.874994 0.379582
vt 0.871839 0.382779
vt 0.869370 0.381234
vt 0.173122 0.592141
vt 0.168552 0.591846
vt 0.199410 0.643147
vt 0.213804 0.645945
vt 0.200477 0.652673
vt 0.199666 0.647867
vt 0.831096 0.377825
vt 0.826944 0.380095
vt 0.213918 0.578716
vt 0.832087 0.405684
vt 0.871157 0.406085
vt 0.183967 0.647219
vt 0.183145 0.652121
vt 0.877567 0.384372
vt 0.873405 0.385432
vt 0.811409 0.400819
vt 0.169471 0.578867
vt 0.206132 0.632128
vt 0.884958 0.413888
vt 0.886852 0.399682
vt 0.891893 0.400395
vt 0.181243 0.593524
vt 0.177452 0.592483
vt 0.179706 0.588177
vt 0.182570 0.591122
vt 0.824786 0.384531
vt 0.870090 0.402112
vt 0.184310 0.642625
vt 0.829132 0.397863
vt 0.830616 0.400332
vt 0.829349 0.364363
vt 0.828544 0.385358
vt 0.833170 0.401795
vt 0.163967 0.591122
vt 0.185775 0.634422
vt 0.184703 0.638237
vt 0.202142 0.631042
vt 0.202177 0.593768
vt 0.829791 0.382850
vt 0.832128 0.381551
vt 0.871920 0.363372
vt 0.200637 0.591354
vt 0.223833 0.264126
vt 0.223512 0.212539
vt 0.271599 0.217191
vt 0.269427 0.261597
vt 0.254563 0.112785
vt 0.284713 0.069269
vt 0.309840 0.085200
vt 0.291504 0.128925
vt 0.307691 0.444693
vt 0.278250 0.404138
vt 0.292085 0.397771
vt 0.234056 0.314079
vt 0.272207 0.306357
vt 0.233774 0.161324
vt 0.278853 0.172992
vt 0.321628 0.032232
vt 0.361648 0.000428
vt 0.333760 0.042271
vt 0.252851 0.360929
vt 0.279867 0.351673
vt 0.314325 0.221441
vt 0.310439 0.262752
vt 0.335997 0.094312
vt 0.326756 0.138088
vt 0.306831 0.395611
vt 0.307939 0.304978
vt 0.319626 0.180199
vt 0.347738 0.048303
vt 0.306807 0.349007
vt 0.362625 0.050260
vt 0.362753 0.097492
vt 0.333287 0.352247
vt 0.321505 0.397575
vt 0.355604 0.225655
vt 0.349959 0.266953
vt 0.361659 0.141920
vt 0.342583 0.308883
vt 0.359096 0.184262
vt 0.400506 0.185673
vt 0.398119 0.230310
vt 0.377577 0.048048
vt 0.390001 0.094759
vt 0.359185 0.361452
vt 0.335256 0.403564
vt 0.390576 0.274441
vt 0.397739 0.140538
vt 0.377399 0.318212
vt 0.391609 0.041578
vt 0.414565 0.335213
vt 0.383444 0.377354
vt 0.446422 0.183291
vt 0.446422 0.235215
vt 0.417355 0.085402
vt 0.347130 0.413486
vt 0.435797 0.286510
vt 0.436285 0.132820
vt 0.457243 0.313071
vt 0.447278 0.262907
vt 0.492980 0.260607
vt 0.495602 0.305493
vt 0.457878 0.160134
vt 0.478924 0.111842
vt 0.515683 0.128135
vt 0.502838 0.172039
vt 0.546138 0.031927
vt 0.586125 0.000428
vt 0.558177 0.041978
vt 0.475894 0.360295
vt 0.503149 0.351087
vt 0.447278 0.211259
vt 0.495351 0.216180
vt 0.509202 0.068644
vt 0.534164 0.084636
vt 0.501336 0.404023
vt 0.515332 0.397642
vt 0.530994 0.445124
vt 0.560193 0.093825
vt 0.550818 0.137430
vt 0.530228 0.395500
vt 0.534043 0.261897
vt 0.531489 0.304199
vt 0.543547 0.179417
vt 0.572074 0.048044
vt 0.530280 0.348464
vt 0.538026 0.220610
vt 0.579093 0.224942
vt 0.573572 0.266135
vt 0.586839 0.097088
vt 0.585630 0.141353
vt 0.545045 0.397508
vt 0.566301 0.308122
vt 0.583076 0.183655
vt 0.586891 0.050053
vt 0.556926 0.351727
vt 0.601787 0.047911
vt 0.613970 0.094466
vt 0.582955 0.360917
vt 0.558942 0.403574
vt 0.621768 0.229372
vt 0.614281 0.273513
vt 0.621517 0.140059
vt 0.601436 0.317418
vt 0.624139 0.184946
vt 0.638195 0.333710
vt 0.607917 0.376908
vt 0.669841 0.182645
vt 0.669841 0.234294
vt 0.615783 0.041529
vt 0.641225 0.085257
vt 0.570981 0.413625
vt 0.659241 0.285418
vt 0.659876 0.132482
vt 0.234117 0.604686
vt 0.255213 0.556272
vt 0.292095 0.572693
vt 0.279159 0.616634
vt 0.322934 0.476783
vt 0.362725 0.445550
vt 0.334794 0.486828
vt 0.252164 0.805003
vt 0.233500 0.757762
vt 0.271876 0.750178
vt 0.279428 0.795789
vt 0.223512 0.655882
vt 0.271638 0.660812
vt 0.285705 0.512841
vt 0.310848 0.529242
vt 0.277618 0.848742
vt 0.291617 0.842357
vt 0.223521 0.707573
vt 0.269255 0.705269
vt 0.307288 0.889852
vt 0.310340 0.706566
vt 0.307779 0.748884
vt 0.327230 0.582063
vt 0.319892 0.624055
vt 0.348638 0.492904
vt 0.306568 0.793164
vt 0.314338 0.665263
vt 0.336745 0.538503
vt 0.306518 0.840214
vt 0.363306 0.541817
vt 0.362018 0.586035
vt 0.321339 0.842222
vt 0.349879 0.710814
vt 0.342600 0.752811
vt 0.359421 0.628326
vt 0.363404 0.494931
vt 0.333222 0.796428
vt 0.355414 0.669614
vt 0.359258 0.805619
vt 0.335240 0.848289
vt 0.398088 0.674058
vt 0.390593 0.718200
vt 0.390371 0.539230
vt 0.397874 0.584771
vt 0.377742 0.762111
vt 0.400472 0.629638
vt 0.378250 0.492814
vt 0.446154 0.627346
vt 0.446154 0.678984
vt 0.392194 0.486464
vt 0.417562 0.530049
vt 0.384225 0.821614
vt 0.347282 0.858341
vt 0.435555 0.730109
vt 0.436193 0.577210
vt 0.414507 0.778406
vt 0.060576 0.039273
vt 0.093133 0.000428
vt 0.074351 0.046619
vt 0.057796 0.375006
vt 0.029537 0.332343
vt 0.066004 0.316939
vt 0.082694 0.360310
vt 0.000428 0.233195
vt 0.000665 0.181761
vt 0.046530 0.184520
vt 0.047666 0.229158
vt 0.032071 0.082549
vt 0.059606 0.093066
vt 0.091798 0.412600
vt 0.104191 0.403468
vt 0.009100 0.284447
vt 0.054638 0.273189
vt 0.011379 0.130697
vt 0.050357 0.139171
vt 0.129209 0.446699
vt 0.086481 0.141181
vt 0.087770 0.183625
vt 0.089130 0.049707
vt 0.101062 0.308440
vt 0.108801 0.352209
vt 0.090572 0.225019
vt 0.086836 0.096757
vt 0.118346 0.398323
vt 0.095085 0.266280
vt 0.133271 0.397272
vt 0.134873 0.262483
vt 0.136072 0.305277
vt 0.121269 0.137998
vt 0.127267 0.179854
vt 0.103986 0.048652
vt 0.135588 0.350026
vt 0.131533 0.220969
vt 0.113494 0.094539
vt 0.174533 0.216941
vt 0.176100 0.261703
vt 0.139447 0.086458
vt 0.156102 0.129454
vt 0.148119 0.400388
vt 0.172395 0.307360
vt 0.167799 0.172843
vt 0.118076 0.043528
vt 0.162901 0.353819
vt 0.130422 0.034448
vt 0.164173 0.071901
vt 0.190930 0.364742
vt 0.161836 0.407803
vt 0.222655 0.211961
vt 0.222655 0.264237
vt 0.192067 0.114211
vt 0.211888 0.315916
vt 0.212105 0.161282
vt 0.061414 0.778292
vt 0.163111 0.629028
vt 0.072846 0.785470
vt 0.713235 0.675619
vt 0.836033 0.808067
vt 0.703686 0.685161
vt 0.050549 0.770279
vt 0.723471 0.666817
vt 0.084783 0.791775
vt 0.097158 0.797171
vt 0.734336 0.658804
vt 0.109901 0.801627
vt 0.745768 0.651625
vt 0.122941 0.805119
vt 0.757705 0.645320
vt 0.136206 0.807628
vt 0.770079 0.639925
vt 0.149620 0.809139
vt 0.782822 0.635468
vt 0.163111 0.809643
vt 0.795862 0.631976
vt 0.000428 0.707490
vt 0.006743 0.719422
vt 0.809127 0.629467
vt 0.013932 0.730849
vt 0.822542 0.627957
vt 0.021954 0.741707
vt 0.836033 0.627452
vt 0.030764 0.751935
vt 0.679665 0.717674
vt 0.673350 0.729606
vt 0.040313 0.761477
vt 0.686854 0.706247
vt 0.694875 0.695389
vt 0.921243 0.645321
vt 0.999572 0.808065
vt 0.909307 0.651626
vt 0.933618 0.639925
vt 0.897874 0.658805
vt 0.887009 0.666818
vt 0.876773 0.675620
vt 0.867224 0.685162
vt 0.858414 0.695391
vt 0.850392 0.706249
vt 0.843204 0.717676
vt 0.836889 0.729608
vt 0.999572 0.627452
vt 0.986081 0.627957
vt 0.972666 0.629467
vt 0.959401 0.631976
vt 0.946361 0.635468
vt 0.050549 0.588806
vt 0.163111 0.447555
vt 0.061413 0.596819
vt 0.040313 0.580005
vt 0.072846 0.603998
vt 0.084783 0.610303
vt 0.097157 0.615699
vt 0.109900 0.620155
vt 0.122941 0.623648
vt 0.136205 0.626156
vt 0.149620 0.627667
vt 0.163111 0.628171
vt 0.000428 0.526019
vt 0.006743 0.537950
vt 0.013931 0.549377
vt 0.021953 0.560235
vt 0.030763 0.570463
vt 0.806475 0.179028
vt 0.833380 0.000428
vt 0.819889 0.180539
vt 0.793210 0.176520
vt 0.670697 0.078890
vt 0.677012 0.090822
vt 0.684200 0.102249
vt 0.692222 0.113107
vt 0.701033 0.123335
vt 0.710582 0.132877
vt 0.720818 0.141679
vt 0.731682 0.149691
vt 0.743115 0.156870
vt 0.755052 0.163175
vt 0.767427 0.168571
vt 0.780170 0.173028
vt 0.833380 0.181044
vt 0.795863 0.985014
vt 0.836033 0.808924
vt 0.809128 0.987523
vt 0.822542 0.989034
vt 0.836033 0.989538
vt 0.673350 0.887384
vt 0.679665 0.899316
vt 0.686854 0.910743
vt 0.694875 0.921601
vt 0.703686 0.931830
vt 0.713235 0.941372
vt 0.723471 0.950173
vt 0.734336 0.958186
vt 0.745768 0.965365
vt 0.757705 0.971670
vt 0.770080 0.977066
vt 0.782823 0.981522
vt 0.819889 0.362011
vt 0.833380 0.181900
vt 0.833380 0.362515
vt 0.670697 0.260362
vt 0.677012 0.272294
vt 0.684200 0.283720
vt 0.692222 0.294578
vt 0.701032 0.304807
vt 0.710582 0.314348
vt 0.720817 0.323150
vt 0.731682 0.331163
vt 0.743115 0.338342
vt 0.755052 0.344647
vt 0.767426 0.350043
vt 0.780169 0.354499
vt 0.793210 0.357992
vt 0.806474 0.360500
vt 0.855761 0.249837
vt 0.996919 0.362514
vt 0.847739 0.260696
vt 0.840551 0.272122
vt 0.834236 0.284054
vt 0.996919 0.181900
vt 0.983428 0.182405
vt 0.970013 0.183915
vt 0.956749 0.186424
vt 0.943708 0.189916
vt 0.930965 0.194373
vt 0.918591 0.199768
vt 0.906654 0.206073
vt 0.895221 0.213252
vt 0.884357 0.221265
vt 0.874121 0.230067
vt 0.864572 0.239609
vt 0.013931 0.889295
vt 0.163111 0.991114
vt 0.006743 0.900721
vt 0.000428 0.912653
vt 0.163111 0.810500
vt 0.149620 0.811004
vt 0.136205 0.812515
vt 0.122940 0.815023
vt 0.109900 0.818516
vt 0.097157 0.822972
vt 0.084783 0.828368
vt 0.072846 0.834673
vt 0.061413 0.841852
vt 0.050549 0.849864
vt 0.040313 0.858666
vt 0.030763 0.868208
vt 0.021953 0.878437
vt 0.943708 0.173027
vt 0.996919 0.000428
vt 0.956749 0.176519
vt 0.970013 0.179028
vt 0.983428 0.180538
vt 0.996919 0.181043
vt 0.834236 0.078889
vt 0.840551 0.090820
vt 0.847739 0.102247
vt 0.855761 0.113105
vt 0.864571 0.123334
vt 0.874121 0.132876
vt 0.884356 0.141678
vt 0.895221 0.149690
vt 0.906654 0.156869
vt 0.918591 0.163174
vt 0.930965 0.168570
vt 0.822542 0.626091
vt 0.836033 0.445981
vt 0.836033 0.626596
vt 0.673350 0.524442
vt 0.679665 0.536374
vt 0.686854 0.547801
vt 0.694875 0.558659
vt 0.703686 0.568887
vt 0.713235 0.578429
vt 0.723471 0.587231
vt 0.734336 0.595244
vt 0.745768 0.602423
vt 0.757705 0.608728
vt 0.770080 0.614123
vt 0.782823 0.618580
vt 0.795863 0.622072
vt 0.809128 0.624580
vt 0.468803 0.854344
vt 0.609961 0.967022
vt 0.460781 0.865202
vt 0.453593 0.876629
vt 0.447278 0.888561
vt 0.609961 0.786407
vt 0.596470 0.786911
vt 0.583055 0.788422
vt 0.569791 0.790931
vt 0.556751 0.794423
vt 0.544008 0.798879
vt 0.531633 0.804275
vt 0.519696 0.810580
vt 0.508263 0.817759
vt 0.497399 0.825772
vt 0.487163 0.834574
vt 0.477613 0.844116
vt 0.843204 0.536203
vt 0.999572 0.626595
vt 0.836889 0.548135
vt 0.999572 0.445981
vt 0.986081 0.446485
vt 0.972667 0.447996
vt 0.959402 0.450504
vt 0.946362 0.453996
vt 0.933618 0.458453
vt 0.921244 0.463849
vt 0.909307 0.470154
vt 0.897874 0.477333
vt 0.887010 0.485345
vt 0.876774 0.494147
vt 0.867225 0.503689
vt 0.858414 0.513918
vt 0.850392 0.524776
vt 0.896295 0.898665
vt 0.836889 0.898665
vt 0.837838 0.879957
vt 0.896939 0.885966
vt 0.840674 0.861441
vt 0.898864 0.873397
vt 0.845368 0.843307
vt 0.902050 0.861087
vt 0.851872 0.825741
vt 0.906465 0.849162
vt 0.860120 0.808922
vt 0.912064 0.837746
vt 0.912064 0.959585
vt 0.860120 0.988409
vt 0.851872 0.971590
vt 0.906465 0.948168
vt 0.845368 0.954024
vt 0.902050 0.936244
vt 0.840674 0.935890
vt 0.898864 0.923934
vt 0.210608 0.708359
vt 0.192793 0.714147
vt 0.174978 0.708359
vt 0.163967 0.693204
vt 0.163967 0.674472
vt 0.174978 0.659318
vt 0.192793 0.653529
vt 0.210608 0.659318
vt 0.221618 0.674472
vt 0.221618 0.693204
vt 0.837838 0.917373
vt 0.896939 0.911365
vt 0.559886 0.445981
vt 0.559886 0.785550
vt 0.537365 0.785550
vt 0.537365 0.445981
vt 0.514843 0.785550
vt 0.514843 0.445981
vt 0.492321 0.785550
vt 0.492322 0.445981
vt 0.469800 0.785550
vt 0.469800 0.445981
vt 0.447278 0.785550
vt 0.447279 0.445981
vt 0.672494 0.445981
vt 0.672494 0.785550
vt 0.649972 0.785550
vt 0.649973 0.445981
vt 0.627451 0.785550
vt 0.627451 0.445981
vt 0.604929 0.785550
vt 0.604929 0.445981
vt 0.796944 0.429294
vt 0.775525 0.436253
vt 0.754106 0.429294
vt 0.740868 0.411073
vt 0.740868 0.388552
vt 0.754106 0.370331
vt 0.775525 0.363372
vt 0.796944 0.370331
vt 0.810182 0.388552
vt 0.810182 0.411073
vt 0.582408 0.785550
vt 0.582408 0.445981
vt 0.705354 0.436253
vt 0.683935 0.429294
vt 0.670697 0.411073
vt 0.670697 0.388552
vt 0.683935 0.370331
vt 0.705354 0.363372
vt 0.726774 0.370331
vt 0.740012 0.388552
vt 0.740012 0.411073
vt 0.726774 0.429294
vn 0.3708 -0.1649 0.9140
vn 0.8419 -0.4022 0.3599
vn 0.3708 -0.1649 -0.9140
vn -0.3733 0.1583 -0.9141
vn -0.3733 0.1584 0.9141
vn 0.4147 -0.8381 0.3544
vn -0.8611 0.3584 -0.3608
vn 0.8419 -0.4022 -0.3599
vn -0.8611 0.3584 0.3608
vn 0.8419 0.4021 -0.3599
vn 0.4147 0.8381 0.3544
vn -0.3733 -0.1584 0.9141
vn -0.3733 -0.1583 -0.9141
vn 0.3708 0.1649 -0.9140
vn 0.8419 0.4022 0.3599
vn -0.8611 -0.3584 0.3608
vn 0.3708 0.1649 0.9140
vn -0.8611 -0.3583 -0.3608
vn 0.0332 0.3905 0.9200
vn 0.1786 0.3717 -0.9110
vn -0.1760 -0.3729 -0.9110
vn -0.3969 -0.8466 0.3545
vn 0.1786 0.3717 0.9110
vn 0.4147 0.8381 -0.3544
vn -0.3969 -0.8466 -0.3545
vn -0.1760 -0.3728 0.9110
vn 0.0335 -0.3744 0.9267
vn 0.1786 -0.3717 -0.9110
vn -0.1760 0.3729 -0.9110
vn -0.3969 0.8466 0.3545
vn 0.1786 -0.3717 0.9110
vn 0.4147 -0.8381 -0.3544
vn -0.3969 0.8466 -0.3545
vn -0.1760 0.3728 0.9110
vn 0.9239 0.0000 -0.3827
vn 0.9239 0.0000 0.3827
vn 0.3827 0.0000 0.9239
vn -0.3827 0.0000 0.9239
vn -0.9239 0.0000 0.3827
vn -0.9239 0.0000 -0.3827
vn -0.3827 0.0000 -0.9239
vn 0.3827 0.0000 -0.9239
vn -0.3708 -0.1489 0.9167
vn -0.8419 -0.3958 0.3668
vn -0.3708 -0.1808 -0.9109
vn 0.3733 0.1424 -0.9167
vn 0.3733 0.1743 0.9112
vn -0.4147 -0.8318 0.3689
vn 0.8611 0.3520 -0.3670
vn -0.8419 -0.4084 -0.3528
vn 0.8611 0.3646 0.3545
vn -0.8419 0.3958 -0.3668
vn -0.4147 0.8442 0.3397
vn 0.3733 -0.1424 0.9167
vn 0.3733 -0.1743 -0.9112
vn -0.3708 0.1489 -0.9167
vn -0.8419 0.4084 0.3528
vn 0.8611 -0.3520 0.3670
vn -0.3708 0.1808 0.9109
vn 0.8611 -0.3646 -0.3545
vn 0.0139 -0.9204 0.3907
vn -0.1786 0.3557 -0.9174
vn 0.1760 -0.3887 -0.9044
vn 0.3969 -0.8403 0.3692
vn -0.1786 0.3875 0.9044
vn -0.4147 0.8318 -0.3689
vn 0.3969 -0.8527 -0.3397
vn 0.1760 -0.3569 0.9174
vn -0.0139 -0.9271 -0.3745
vn -0.1786 -0.3875 -0.9044
vn 0.1760 0.3569 -0.9174
vn 0.3969 0.8527 0.3397
vn -0.1786 -0.3557 0.9174
vn -0.4147 -0.8442 -0.3397
vn 0.3969 0.8403 -0.3692
vn 0.1760 0.3887 0.9044
vn -0.9239 -0.0067 -0.3826
vn -0.9239 0.0067 0.3826
vn -0.3827 0.0161 0.9237
vn 0.3827 0.0161 0.9237
vn 0.9239 0.0067 0.3826
vn 0.9239 -0.0067 -0.3826
vn 0.3827 -0.0161 -0.9237
vn -0.3827 -0.0161 -0.9237
vn 0.0137 0.9271 0.3745
vn -0.0137 0.9204 -0.3907
vn -0.0332 0.3744 -0.9267
vn -0.0335 -0.3905 -0.9200
vn 0.0332 -0.3905 -0.9200
vn 0.0137 -0.9271 -0.3745
vn -0.0137 -0.9204 0.3907
vn -0.0332 -0.3744 0.9267
vn -0.0335 0.3905 0.9200
vn -0.0139 0.9271 0.3745
vn 0.0139 0.9204 -0.3907
vn 0.0335 0.3744 -0.9267
vn 0.9140 -0.1649 -0.3708
vn 0.3599 -0.4022 -0.8419
vn -0.9140 -0.1649 -0.3708
vn -0.9141 0.1583 0.3733
vn 0.9141 0.1583 0.3733
vn 0.3544 -0.8381 -0.4147
vn -0.3608 0.3584 0.8611
vn -0.3599 -0.4022 -0.8419
vn 0.3608 0.3583 0.8611
vn 0.9200 0.3905 -0.0332
vn 0.9266 -0.3745 -0.0335
vn -0.9110 -0.3717 -0.1786
vn -0.9110 0.3729 0.1760
vn 0.3545 0.8466 0.3969
vn 0.9110 -0.3716 -0.1786
vn -0.3544 -0.8381 -0.4147
vn -0.3545 0.8466 0.3969
vn 0.9110 0.3729 0.1760
vn 0.9167 -0.1489 0.3708
vn 0.3668 -0.3958 0.8419
vn -0.9109 -0.1808 0.3708
vn -0.9167 0.1424 -0.3734
vn 0.9112 0.1743 -0.3733
vn 0.3689 -0.8318 0.4147
vn -0.3670 0.3520 -0.8611
vn -0.3528 -0.4084 0.8419
vn 0.3545 0.3646 -0.8611
vn 0.3907 -0.9204 -0.0139
vn -0.3745 -0.9271 0.0139
vn -0.9044 -0.3875 0.1786
vn -0.9174 0.3569 -0.1760
vn 0.3397 0.8527 -0.3969
vn 0.9174 -0.3557 0.1786
vn -0.3397 -0.8442 0.4147
vn -0.3692 0.8403 -0.3969
vn 0.9044 0.3887 -0.1760
vn -0.3826 -0.0067 0.9239
vn 0.3826 0.0067 0.9239
vn 0.9237 0.0161 0.3827
vn 0.9237 0.0161 -0.3827
vn 0.3826 0.0067 -0.9239
vn -0.3826 -0.0067 -0.9239
vn -0.9237 -0.0161 -0.3827
vn -0.9237 -0.0161 0.3827
vn 0.3745 0.9271 -0.0137
vn -0.3907 0.9204 0.0137
vn -0.9267 0.3744 0.0332
vn -0.9200 -0.3905 0.0335
vn 0.3827 -0.0161 0.9237
vn 0.9239 0.0067 -0.3826
vn 0.1786 0.3557 0.9174
vn 0.0332 0.3744 0.9267
vn -0.9239 0.0067 -0.3826
vn 0.4147 -0.8442 0.3397
vn -0.0137 0.9271 -0.3745
vn -0.3969 -0.8403 -0.3692
vn 0.0137 -0.9204 -0.3906
vn 0.0335 0.3905 -0.9200
vn 0.0139 0.9271 -0.3745
vn 0.9239 -0.0067 0.3826
vn 0.0335 -0.3905 0.9200
vn -0.0139 -0.9204 -0.3907
vn 0.3827 0.0161 -0.9237
vn -0.1760 -0.3887 0.9044
vn -0.3827 -0.0161 0.9237
vn 0.4147 0.8442 -0.3397
vn 0.3708 0.1489 0.9167
vn -0.3969 -0.8527 0.3397
vn -0.1760 -0.3569 -0.9174
vn 0.4147 -0.8318 -0.3689
vn -0.1760 0.3569 0.9174
vn 0.1786 0.3875 -0.9044
vn 0.1786 -0.3875 0.9044
vn -0.3969 0.8527 -0.3397
vn 0.8419 0.3958 0.3668
vn -0.3733 0.1743 -0.9112
vn 0.3708 -0.1489 -0.9167
vn 0.8419 0.4084 -0.3528
vn 0.8419 -0.3958 -0.3668
vn -0.3733 0.1424 0.9167
vn -0.8611 -0.3520 -0.3670
vn -0.8611 -0.3646 0.3545
vn -0.0332 0.3905 -0.9200
vn -0.0137 -0.9271 0.3745
vn -0.9239 -0.0067 0.3826
vn -0.3827 0.0161 -0.9237
vn 0.0332 -0.3744 -0.9267
vn 0.0137 0.9204 0.3907
vn 0.0139 -0.9271 0.3746
vn -0.0335 -0.3744 -0.9267
vn -0.1786 -0.3717 0.9110
vn 0.1760 0.3729 -0.9110
vn -0.3708 -0.1649 0.9140
vn 0.1760 0.3729 0.9110
vn 0.3733 -0.1584 0.9141
vn 0.1760 -0.3729 0.9110
vn -0.0332 -0.3905 0.9200
vn 0.3969 -0.8466 0.3545
vn -0.4146 0.8381 -0.3544
vn 0.3733 0.1583 -0.9141
vn 0.3969 0.8466 0.3545
vn -0.1786 0.3717 -0.9110
vn -0.1786 -0.3717 -0.9110
vn -0.4147 -0.8381 -0.3544
vn 0.8611 0.3584 -0.3608
vn 0.3708 0.1808 -0.9110
vn 0.8611 0.3583 0.3608
vn -0.8419 -0.4022 0.3599
vn -0.8419 -0.4021 -0.3599
vn 0.3733 0.1583 0.9141
vn -0.3708 -0.1649 -0.9140
vn 0.8611 -0.3584 0.3608
vn -0.4147 -0.8381 0.3544
vn -0.3733 -0.1424 -0.9167
vn 0.8611 -0.3584 -0.3608
vn -0.8419 0.4022 -0.3599
vn -0.8419 0.4021 0.3599
vn 0.3733 -0.1584 -0.9141
vn -0.4147 0.8381 0.3544
vn -0.3708 0.1649 0.9140
vn -0.3708 0.1649 -0.9140
vn 0.3969 -0.8466 -0.3545
vn 0.1760 -0.3729 -0.9110
vn 0.3969 0.8466 -0.3545
vn -0.0335 0.3744 0.9267
vn -0.1786 0.3717 0.9110
vn -0.3733 -0.1743 0.9112
vn 0.4147 0.8318 0.3689
vn -0.1760 0.3887 -0.9044
vn 0.8419 -0.4084 0.3528
vn -0.8611 0.3520 0.3670
vn 0.3708 -0.1808 0.9109
vn -0.8611 0.3646 -0.3545
vn -0.0139 0.9204 0.3907
vn 0.1786 -0.3557 -0.9174
vn -0.3969 0.8403 0.3692
vn -0.9140 0.1649 -0.3708
vn -0.3599 0.4022 -0.8419
vn 0.9140 0.1649 -0.3708
vn 0.9141 -0.1583 0.3733
vn -0.9141 -0.1583 0.3733
vn -0.3544 0.8381 -0.4147
vn 0.3608 -0.3583 0.8611
vn 0.3599 0.4022 -0.8419
vn -0.3608 -0.3583 0.8611
vn -0.9200 -0.3906 -0.0332
vn -0.9266 0.3744 -0.0335
vn 0.9110 0.3717 -0.1786
vn 0.9110 -0.3729 0.1760
vn -0.3545 -0.8466 0.3969
vn -0.9110 0.3717 -0.1786
vn 0.3544 0.8381 -0.4147
vn 0.3545 -0.8466 0.3969
vn -0.9110 -0.3729 0.1760
vn -0.9167 0.1489 0.3708
vn -0.3668 0.3958 0.8419
vn 0.9109 0.1808 0.3708
vn 0.9167 -0.1424 -0.3733
vn -0.9112 -0.1743 -0.3733
vn -0.3689 0.8318 0.4147
vn 0.3670 -0.3520 -0.8611
vn 0.3528 0.4084 0.8419
vn -0.3545 -0.3646 -0.8611
vn -0.3907 0.9204 -0.0139
vn 0.3745 0.9271 0.0139
vn 0.9044 0.3875 0.1786
vn 0.9174 -0.3569 -0.1760
vn -0.3397 -0.8527 -0.3969
vn -0.9174 0.3557 0.1786
vn 0.3397 0.8442 0.4147
vn 0.3692 -0.8403 -0.3969
vn -0.9044 -0.3887 -0.1760
vn -0.3745 -0.9271 -0.0137
vn 0.3906 -0.9204 0.0137
vn 0.9267 -0.3744 0.0332
vn 0.9200 0.3905 0.0335
vn 0.9141 0.1583 -0.3733
vn 0.9110 -0.3728 -0.1760
vn 0.9110 -0.1808 -0.3708
vn -0.9044 0.3875 -0.1786
vn -0.9044 0.3887 0.1760
vn -0.3545 0.3646 0.8611
vn -0.9112 0.1743 0.3733
vn -0.3545 0.8466 -0.3969
vn 0.3907 0.9204 0.0139
vn -0.3826 0.0067 0.9239
vn 0.3745 -0.9271 0.0137
vn -0.3397 0.8442 -0.4147
vn 0.9044 -0.3887 0.1760
vn 0.3670 0.3520 0.8611
vn -0.9141 -0.1583 -0.3733
vn -0.9110 0.3728 -0.1760
vn -0.9141 0.1583 -0.3733
vn 0.3544 -0.8381 0.4147
vn -0.3545 -0.8466 -0.3969
vn 0.9140 0.1649 0.3708
vn -0.9174 -0.3557 -0.1786
vn -0.9167 -0.1424 0.3733
vn 0.3528 -0.4084 -0.8419
vn -0.9110 -0.3728 -0.1760
vn -0.3599 0.4022 0.8419
vn 0.9110 0.3717 0.1786
vn 0.9112 -0.1743 0.3733
vn 0.9110 -0.3717 0.1786
vn 0.3545 0.8466 -0.3969
vn -0.9140 -0.1649 0.3708
vn 0.3545 -0.8466 -0.3969
vn 0.9200 -0.3906 0.0332
vn -0.9237 0.0161 -0.3827
vn 0.3692 0.8403 0.3969
vn -0.3544 0.8381 0.4146
vn -0.3397 0.8527 0.3969
vn 0.3397 -0.8527 0.3969
vn 0.9140 -0.1649 0.3708
vn -0.9200 0.3905 -0.0335
vn -0.3745 0.9271 -0.0139
vn -0.3692 -0.8403 0.3969
vn 0.3668 0.3958 -0.8419
vn -0.9266 -0.3744 0.0335
vn -0.3906 -0.9204 -0.0137
vn -0.9200 0.3905 0.0332
vn -0.3528 0.4084 -0.8419
vn 0.9174 0.3569 0.1760
vn 0.9167 0.1489 -0.3708
vn -0.3689 -0.8318 -0.4147
vn -0.3608 0.3583 -0.8611
vn -0.3907 -0.9204 0.0139
vn -0.3668 -0.3958 -0.8419
vn 0.9110 0.3729 -0.1760
vn 0.3826 -0.0067 0.9239
vn -0.3826 0.0067 -0.9239
vn -0.3746 0.9271 0.0137
vn 0.3397 -0.8442 -0.4147
vn 0.9266 0.3744 0.0335
vn 0.9174 0.3557 -0.1786
vn 0.3907 0.9204 -0.0137
vn 0.9141 -0.1583 -0.3733
vn -0.9167 -0.1489 -0.3708
vn 0.3608 0.3583 -0.8611
vn 0.3745 -0.9271 -0.0139
vn -0.9110 0.3717 0.1786
vn 0.9237 -0.0161 -0.3827
vn -0.3670 -0.3520 0.8611
vn -0.3544 -0.8381 0.4147
vn 0.9200 -0.3905 -0.0335
vn 0.9044 -0.3875 -0.1786
vn 0.9267 0.3744 -0.0332
vn 0.3544 -0.3646 0.8611
vn -0.9267 -0.3744 -0.0332
vn 0.3826 -0.0067 -0.9239
vn -0.9174 -0.3569 0.1760
vn 0.9167 0.1424 0.3733
vn 0.3599 -0.4022 0.8419
vn -0.9237 0.0161 0.3827
vn -0.9110 -0.3717 0.1786
vn -0.3599 -0.4022 0.8419
vn -0.9110 0.1808 -0.3708
vn 0.3608 -0.3583 -0.8611
vn 0.3599 0.4022 0.8419
vn -0.3608 -0.3584 -0.8611
vn 0.3544 0.8381 0.4147
vn 0.9237 -0.0161 0.3827
vn -0.9140 0.1649 0.3708
vn 0.3689 0.8318 -0.4147
vn 0.0137 -0.9204 -0.3907
vn 0.3708 0.1808 -0.9109
vn 0.0139 0.9271 -0.3746
vn 0.3397 -0.8442 -0.4146
vn 0.9109 -0.1808 -0.3708
vn -0.3397 0.8442 -0.4146
vn -0.3544 0.8381 0.4147
vn 0.3545 -0.3646 0.8611
vn -0.3969 0.8527 -0.3396
vn -0.0335 -0.3744 -0.9266
vn -0.3599 0.4021 0.8419
vn -0.3544 0.8382 0.4146
vn -0.3543 -0.8381 0.4147
vn 0.3544 0.8381 0.4146
vn -0.4146 0.8382 -0.3543
vn -0.4147 0.8382 0.3544
vn 0.3396 -0.8527 0.3969
vn 0.4147 -0.8318 -0.3690
vn 0.9110 0.3716 0.1786
vn -0.3543 0.8382 0.4146
vn -0.3396 0.8527 0.3969
vn -0.9267 -0.3744 0.0335
vn -0.3745 0.9271 0.0137
vn 0.9267 0.3744 0.0335
vn 0.3544 0.8382 0.4147
vn -0.3969 0.8403 0.3693
vn -0.0137 0.9271 -0.3746
vn 0.4147 0.8318 0.3690
vn 0.0000 -0.3045 -0.9525
vn 0.0000 0.0000 -1.0000
vn 0.3090 0.0000 -0.9510
vn 0.2943 -0.3045 -0.9059
vn 0.0000 0.5805 -0.8143
vn 0.0000 0.8016 -0.5978
vn 0.1847 0.8016 -0.5686
vn 0.2516 0.5805 -0.7744
vn 0.0000 -1.0000 0.0000
vn 0.0000 -0.9464 -0.3230
vn 0.0998 -0.9464 -0.3072
vn 0.0000 -0.5805 -0.8143
vn 0.2516 -0.5805 -0.7744
vn 0.0000 0.3045 -0.9525
vn 0.2943 0.3045 -0.9059
vn 0.0000 0.9464 -0.3230
vn 0.0000 1.0000 0.0000
vn 0.0998 0.9464 -0.3072
vn 0.0000 -0.8016 -0.5978
vn 0.1847 -0.8016 -0.5686
vn 0.5878 0.0000 -0.8090
vn 0.5599 -0.3045 -0.7706
vn 0.3514 0.8016 -0.4836
vn 0.4786 0.5805 -0.6587
vn 0.1899 -0.9464 -0.2613
vn 0.4786 -0.5805 -0.6587
vn 0.5599 0.3045 -0.7706
vn 0.1899 0.9464 -0.2613
vn 0.3514 -0.8016 -0.4836
vn 0.2613 0.9464 -0.1899
vn 0.4836 0.8016 -0.3514
vn 0.4836 -0.8016 -0.3514
vn 0.2613 -0.9464 -0.1899
vn 0.8090 0.0000 -0.5878
vn 0.7706 -0.3045 -0.5599
vn 0.6587 0.5805 -0.4786
vn 0.6587 -0.5805 -0.4786
vn 0.7706 0.3045 -0.5599
vn 0.9059 0.3045 -0.2943
vn 0.9510 0.0000 -0.3090
vn 0.3072 0.9464 -0.0998
vn 0.5686 0.8016 -0.1847
vn 0.5686 -0.8016 -0.1847
vn 0.3072 -0.9464 -0.0998
vn 0.9059 -0.3045 -0.2943
vn 0.7744 0.5805 -0.2516
vn 0.7744 -0.5805 -0.2516
vn 0.3230 0.9464 0.0000
vn 0.8143 -0.5805 0.0000
vn 0.5978 -0.8016 0.0000
vn 0.9525 0.3045 0.0000
vn 1.0000 0.0000 0.0000
vn 0.5978 0.8016 0.0000
vn 0.3230 -0.9464 0.0000
vn 0.9525 -0.3045 0.0000
vn 0.8143 0.5805 0.0000
vn 0.9059 -0.3045 0.2943
vn 0.7744 -0.5805 0.2516
vn 0.7744 0.5805 0.2516
vn 0.9059 0.3045 0.2943
vn 0.3072 0.9464 0.0998
vn 0.5686 -0.8016 0.1847
vn 0.9510 0.0000 0.3090
vn 0.5686 0.8016 0.1847
vn 0.3072 -0.9464 0.0998
vn 0.4836 0.8016 0.3514
vn 0.6587 0.5805 0.4786
vn 0.2613 -0.9464 0.1899
vn 0.7706 -0.3045 0.5599
vn 0.6587 -0.5805 0.4786
vn 0.7706 0.3045 0.5599
vn 0.2613 0.9464 0.1899
vn 0.4836 -0.8016 0.3514
vn 0.8090 0.0000 0.5878
vn 0.5878 0.0000 0.8090
vn 0.5599 -0.3045 0.7706
vn 0.3514 0.8016 0.4836
vn 0.4786 0.5805 0.6587
vn 0.1899 -0.9464 0.2613
vn 0.4786 -0.5805 0.6587
vn 0.5599 0.3045 0.7706
vn 0.1899 0.9464 0.2613
vn 0.3514 -0.8016 0.4836
vn 0.0998 0.9464 0.3072
vn 0.1847 0.8016 0.5686
vn 0.1847 -0.8016 0.5686
vn 0.0998 -0.9464 0.3072
vn 0.3090 0.0000 0.9510
vn 0.2943 -0.3045 0.9059
vn 0.2516 0.5805 0.7744
vn 0.2516 -0.5805 0.7744
vn 0.2943 0.3045 0.9059
vn 0.0000 -0.5805 0.8143
vn 0.0000 -0.8016 0.5978
vn 0.0000 0.3045 0.9525
vn 0.0000 0.0000 1.0000
vn 0.0000 0.9464 0.3230
vn 0.0000 0.8016 0.5978
vn 0.0000 -0.9464 0.3230
vn 0.0000 -0.3045 0.9525
vn 0.0000 0.5805 0.8143
vn -0.2516 0.5805 0.7744
vn -0.2943 0.3045 0.9059
vn -0.0998 0.9464 0.3072
vn -0.2516 -0.5805 0.7744
vn -0.1847 -0.8016 0.5686
vn -0.3090 0.0000 0.9510
vn -0.1847 0.8016 0.5686
vn -0.0998 -0.9464 0.3072
vn -0.2943 -0.3045 0.9059
vn -0.5599 -0.3045 0.7706
vn -0.4786 -0.5805 0.6587
vn -0.4786 0.5805 0.6587
vn -0.5599 0.3045 0.7706
vn -0.1899 0.9464 0.2613
vn -0.3514 -0.8016 0.4836
vn -0.5878 0.0000 0.8090
vn -0.3514 0.8016 0.4836
vn -0.1899 -0.9464 0.2613
vn -0.4836 0.8016 0.3514
vn -0.6587 0.5805 0.4786
vn -0.2613 -0.9464 0.1899
vn -0.7706 -0.3045 0.5599
vn -0.6587 -0.5805 0.4786
vn -0.7706 0.3045 0.5599
vn -0.2613 0.9464 0.1899
vn -0.4836 -0.8016 0.3514
vn -0.8090 0.0000 0.5878
vn -0.5686 -0.8016 0.1847
vn -0.3072 -0.9464 0.0998
vn -0.9510 0.0000 0.3090
vn -0.9059 -0.3045 0.2943
vn -0.5686 0.8016 0.1847
vn -0.7744 0.5805 0.2516
vn -0.7744 -0.5805 0.2516
vn -0.9059 0.3045 0.2943
vn -0.3072 0.9464 0.0998
vn -0.9525 0.3045 0.0000
vn -1.0000 0.0000 0.0000
vn -0.3230 0.9464 0.0000
vn -0.5978 0.8016 0.0000
vn -0.5978 -0.8016 0.0000
vn -0.3230 -0.9464 0.0000
vn -0.9525 -0.3045 0.0000
vn -0.8143 0.5805 0.0000
vn -0.8143 -0.5805 0.0000
vn -0.3072 0.9464 -0.0998
vn -0.7744 -0.5805 -0.2516
vn -0.5686 -0.8016 -0.1847
vn -0.9059 0.3045 -0.2943
vn -0.9510 0.0000 -0.3090
vn -0.5686 0.8016 -0.1847
vn -0.3072 -0.9464 -0.0998
vn -0.9059 -0.3045 -0.2943
vn -0.7744 0.5805 -0.2516
vn -0.6587 0.5805 -0.4786
vn -0.7706 0.3045 -0.5599
vn -0.2613 0.9464 -0.1899
vn -0.6587 -0.5805 -0.4786
vn -0.4836 -0.8016 -0.3514
vn -0.8090 0.0000 -0.5878
vn -0.4836 0.8016 -0.3514
vn -0.2613 -0.9464 -0.1899
vn -0.7706 -0.3045 -0.5599
vn -0.1899 -0.9464 -0.2613
vn -0.5599 -0.3045 -0.7706
vn -0.4786 -0.5805 -0.6587
vn -0.4786 0.5805 -0.6587
vn -0.5599 0.3045 -0.7706
vn -0.1899 0.9464 -0.2613
vn -0.3514 -0.8016 -0.4836
vn -0.5878 0.0000 -0.8090
vn -0.3514 0.8016 -0.4836
vn -0.3090 0.0000 -0.9510
vn -0.2943 -0.3045 -0.9059
vn -0.1847 0.8016 -0.5686
vn -0.2516 0.5805 -0.7744
vn -0.0998 -0.9464 -0.3072
vn -0.2516 -0.5805 -0.7744
vn -0.2943 0.3045 -0.9059
vn -0.0998 0.9464 -0.3072
vn -0.1847 -0.8016 -0.5686
vn -0.7310 -0.1797 -0.6582
vn -0.9355 -0.1797 -0.3040
vn 0.1797 0.4001 -0.8986
vn 0.1797 0.0000 -0.9837
vn -0.4001 -0.1797 -0.8986
vn 0.1797 0.7310 -0.6582
vn -0.9783 -0.1797 0.1028
vn -0.8519 -0.1797 0.4918
vn 0.1797 0.9355 -0.3040
vn -0.5782 -0.1797 0.7958
vn 0.1797 0.9783 0.1028
vn -0.2045 -0.1797 0.9622
vn 0.1797 0.8519 0.4918
vn 0.2045 -0.1797 0.9622
vn 0.1797 0.5782 0.7958
vn 0.5782 -0.1797 0.7958
vn 0.1797 0.2045 0.9622
vn 0.8519 -0.1797 0.4918
vn 0.1797 -0.2045 0.9622
vn 0.9783 -0.1797 0.1028
vn 0.1797 -0.5782 0.7958
vn 0.9355 -0.1797 -0.3040
vn 0.1797 -0.8519 0.4918
vn 0.7310 -0.1797 -0.6582
vn 0.1797 -0.9783 0.1028
vn 0.4001 -0.1797 -0.8986
vn 0.1797 -0.9355 -0.3040
vn 0.0000 -0.1797 -0.9837
vn 0.1797 -0.7310 -0.6582
vn 0.1797 -0.4001 -0.8986
vn -0.1797 0.7310 -0.6582
vn -0.1797 0.9355 -0.3040
vn -0.1797 0.4001 -0.8986
vn -0.1797 0.9783 0.1028
vn -0.1797 0.8519 0.4918
vn -0.1797 0.5782 0.7958
vn -0.1797 0.2045 0.9622
vn -0.1797 -0.2045 0.9622
vn -0.1797 -0.5782 0.7958
vn -0.1797 -0.8519 0.4918
vn -0.1797 -0.9783 0.1028
vn -0.1797 -0.9355 -0.3040
vn -0.1797 -0.7310 -0.6582
vn -0.1797 -0.4001 -0.8986
vn -0.1797 0.0000 -0.9837
vn -0.6582 0.7310 0.1797
vn -0.3040 0.9355 0.1797
vn -0.8986 0.4001 0.1797
vn 0.1028 0.9783 0.1797
vn 0.4918 0.8519 0.1797
vn 0.7958 0.5782 0.1797
vn 0.9622 0.2045 0.1797
vn 0.9622 -0.2045 0.1797
vn 0.7958 -0.5782 0.1797
vn 0.4918 -0.8519 0.1797
vn 0.1028 -0.9783 0.1797
vn -0.3040 -0.9355 0.1797
vn -0.6582 -0.7310 0.1797
vn -0.8986 -0.4001 0.1797
vn -0.9837 0.0000 0.1797
vn -0.6582 -0.7310 -0.1797
vn -0.3040 -0.9355 -0.1797
vn -0.8986 -0.4001 -0.1797
vn 0.1028 -0.9783 -0.1797
vn 0.4918 -0.8519 -0.1797
vn 0.7958 -0.5782 -0.1797
vn 0.9622 -0.2045 -0.1797
vn 0.9622 0.2045 -0.1797
vn 0.7958 0.5782 -0.1797
vn 0.4918 0.8519 -0.1797
vn 0.1028 0.9783 -0.1797
vn -0.3040 0.9355 -0.1797
vn -0.6582 0.7310 -0.1797
vn -0.8986 0.4001 -0.1797
vn -0.9837 0.0000 -0.1797
vn 0.7931 0.1153 -0.5980
vn 0.5426 0.6413 0.5426
vn 0.9144 -0.1917 -0.3565
vn 0.8944 -0.4456 -0.0364
vn 0.7367 -0.6026 0.3068
vn 0.4684 -0.6354 0.6138
vn 0.1360 -0.5384 0.8316
vn -0.2030 -0.3284 0.9225
vn -0.4901 -0.0417 0.8706
vn -0.6756 0.2722 0.6852
vn -0.7274 0.5589 0.3981
vn -0.6366 0.7689 0.0590
vn -0.4188 0.8659 -0.2734
vn -0.1118 0.8331 -0.5416
vn 0.2315 0.6762 -0.6994
vn 0.5515 0.4223 -0.7194
vn 0.1153 -0.7931 -0.5980
vn 0.6413 -0.5426 0.5426
vn -0.1917 -0.9144 -0.3565
vn -0.4457 -0.8944 -0.0364
vn -0.6026 -0.7367 0.3068
vn -0.6354 -0.4684 0.6138
vn -0.5384 -0.1360 0.8316
vn -0.3284 0.2030 0.9225
vn -0.0417 0.4901 0.8706
vn 0.2722 0.6756 0.6852
vn 0.5589 0.7274 0.3981
vn 0.7689 0.6366 0.0590
vn 0.8659 0.4188 -0.2734
vn 0.8331 0.1118 -0.5416
vn 0.6762 -0.2315 -0.6994
vn 0.4223 -0.5515 -0.7194
vn -0.5980 0.1153 -0.7931
vn 0.5426 0.6413 -0.5425
vn -0.3565 -0.1917 -0.9144
vn -0.0364 -0.4457 -0.8944
vn 0.3068 -0.6026 -0.7367
vn 0.6138 -0.6354 -0.4684
vn 0.8316 -0.5384 -0.1360
vn 0.9225 -0.3284 0.2030
vn 0.8706 -0.0417 0.4901
vn 0.6852 0.2722 0.6756
vn 0.3981 0.5589 0.7274
vn 0.0590 0.7689 0.6366
vn -0.2734 0.8659 0.4188
vn -0.5416 0.8331 0.1118
vn -0.6994 0.6762 -0.2315
vn -0.7194 0.4223 -0.5515
vn -0.5980 -0.7931 -0.1152
vn 0.5426 -0.5425 -0.6413
vn -0.3565 -0.9144 0.1917
vn -0.0364 -0.8944 0.4457
vn 0.3068 -0.7367 0.6026
vn 0.6138 -0.4684 0.6354
vn 0.8316 -0.1360 0.5384
vn 0.9225 0.2030 0.3284
vn 0.8706 0.4901 0.0417
vn 0.6851 0.6756 -0.2722
vn 0.3981 0.7274 -0.5589
vn 0.0590 0.6366 -0.7689
vn -0.2734 0.4188 -0.8659
vn -0.5416 0.1118 -0.8331
vn -0.6994 -0.2315 -0.6762
vn -0.7194 -0.5515 -0.4223
vn -0.7931 0.1153 0.5980
vn -0.5426 0.6413 -0.5425
vn -0.9144 -0.1917 0.3565
vn -0.8944 -0.4456 0.0364
vn -0.7367 -0.6026 -0.3068
vn -0.4684 -0.6354 -0.6138
vn -0.1360 -0.5384 -0.8316
vn 0.2030 -0.3284 -0.9225
vn 0.4901 -0.0417 -0.8706
vn 0.6756 0.2722 -0.6851
vn 0.7274 0.5589 -0.3981
vn 0.6366 0.7689 -0.0590
vn 0.4188 0.8659 0.2734
vn 0.1118 0.8331 0.5416
vn -0.2315 0.6762 0.6994
vn -0.5515 0.4223 0.7194
vn -0.1152 -0.7931 0.5980
vn -0.6413 -0.5426 -0.5426
vn 0.1917 -0.9144 0.3565
vn 0.4457 -0.8944 0.0364
vn 0.6026 -0.7367 -0.3068
vn 0.6354 -0.4684 -0.6138
vn 0.5384 -0.1360 -0.8316
vn 0.3284 0.2030 -0.9225
vn 0.0417 0.4901 -0.8706
vn -0.2722 0.6756 -0.6851
vn -0.5589 0.7274 -0.3981
vn -0.7689 0.6366 -0.0590
vn -0.8659 0.4188 0.2734
vn -0.8331 0.1117 0.5416
vn -0.6762 -0.2315 0.6994
vn -0.4223 -0.5515 0.7194
vn 0.5980 0.1153 0.7931
vn -0.5425 0.6413 0.5425
vn 0.3565 -0.1917 0.9144
vn 0.0364 -0.4457 0.8944
vn -0.3068 -0.6026 0.7367
vn -0.6138 -0.6354 0.4684
vn -0.8316 -0.5384 0.1360
vn -0.9225 -0.3284 -0.2030
vn -0.8706 -0.0417 -0.4901
vn -0.6852 0.2722 -0.6756
vn -0.3981 0.5589 -0.7274
vn -0.0590 0.7689 -0.6366
vn 0.2734 0.8659 -0.4188
vn 0.5416 0.8331 -0.1118
vn 0.6994 0.6762 0.2315
vn 0.7194 0.4223 0.5515
vn 0.5980 -0.7931 0.1152
vn -0.5426 -0.5425 0.6413
vn 0.3565 -0.9144 -0.1917
vn 0.0364 -0.8944 -0.4456
vn -0.3068 -0.7367 -0.6026
vn -0.6138 -0.4684 -0.6354
vn -0.8316 -0.1360 -0.5384
vn -0.9225 0.2030 -0.3284
vn -0.8706 0.4901 -0.0417
vn -0.6851 0.6756 0.2722
vn -0.3981 0.7274 0.5589
vn -0.0590 0.6366 0.7689
vn 0.2734 0.4188 0.8659
vn 0.5416 0.1117 0.8331
vn 0.6994 -0.2315 0.6762
vn 0.7194 -0.5515 0.4223
vn 0.0000 -0.1639 -0.9865
vn 0.0000 0.5810 -0.8139
vn 0.4784 0.5810 -0.6584
vn 0.5798 -0.1639 -0.7981
vn 0.7740 0.5810 -0.2515
vn 0.9382 -0.1639 -0.3048
vn 0.7740 0.5810 0.2515
vn 0.9382 -0.1639 0.3048
vn 0.4784 0.5810 0.6584
vn 0.5798 -0.1639 0.7981
vn 0.0000 0.5810 0.8139
vn 0.0000 -0.1639 0.9865
vn -0.4784 0.5810 0.6584
vn -0.5798 -0.1639 0.7981
vn -0.7740 0.5810 0.2515
vn -0.9382 -0.1639 0.3048
vn -0.7740 0.5810 -0.2515
vn -0.9382 -0.1639 -0.3048
vn -0.4784 0.5810 -0.6584
vn -0.5798 -0.1639 -0.7981
vn 0.0000 -0.6437 -0.7653
vn 0.0000 0.6437 -0.7653
vn 0.4498 0.6437 -0.6191
vn 0.4498 -0.6437 -0.6191
vn 0.7278 0.6437 -0.2365
vn 0.7278 -0.6437 -0.2365
vn 0.7278 0.6437 0.2365
vn 0.7278 -0.6437 0.2365
vn 0.4498 0.6437 0.6191
vn 0.4498 -0.6437 0.6191
vn 0.0000 0.6437 0.7653
vn 0.0000 -0.6437 0.7653
vn -0.4498 0.6437 0.6191
vn -0.4498 -0.6437 0.6191
vn -0.7278 0.6437 0.2365
vn -0.7278 -0.6437 0.2365
vn -0.7278 0.6437 -0.2365
vn -0.7278 -0.6437 -0.2365
vn -0.4498 0.6437 -0.6191
vn -0.4498 -0.6437 -0.6191
usemtl Mace
s off
f 1863/1865/1443 1889/1866/1443 1890/1867/1443 1861/1868/1443
f 1865/1869/1444 1888/1870/1444 1889/1866/1444 1863/1865/1444
f 1869/1871/1445 1886/1872/1445 1887/1873/1445 1867/1874/1445
f 1855/1875/1446 1893/1876/1446 1886/1872/1446 1869/1871/1446
f 1861/1868/1447 1890/1867/1447 1891/1877/1447 1859/1878/1447
f 1888/1870/1448 1896/1879/1448 1897/1880/1448 1889/1866/1448
f 1857/1881/1449 1892/1882/1449 1893/1876/1449 1855/1875/1449
f 1867/1874/1450 1887/1873/1450 1888/1883/1450 1865/1884/1450
f 1859/1878/1451 1891/1877/1451 1892/1885/1451 1857/1886/1451
f 1856/1887/1452 1858/1888/1452 1872/1889/1452 1871/1890/1452
f 1872/1891/1453 1873/1892/1453 1881/1893/1453 1880/1894/1453
f 1862/1895/1454 1864/1896/1454 1875/1897/1454 1874/1898/1454
f 1868/1899/1455 1854/1900/1455 1870/1901/1455 1877/1902/1455
f 1854/1900/1456 1856/1887/1456 1871/1890/1456 1870/1901/1456
f 1858/1903/1457 1860/1904/1457 1873/1892/1457 1872/1891/1457
f 1864/1896/1458 1866/1905/1458 1876/1906/1458 1875/1897/1458
f 1860/1904/1459 1862/1895/1459 1874/1898/1459 1873/1892/1459
f 1866/1907/1460 1868/1899/1460 1877/1902/1460 1876/1908/1460
f 1898/1909/1461 1946/1910/1461 1947/1911/1461 1899/1912/1461
f 1870/1901/1462 1871/1890/1462 1879/1913/1462 1878/1914/1462
f 1877/1902/1463 1870/1901/1463 1878/1914/1463 1885/1915/1463
f 1875/1897/1464 1876/1906/1464 1884/1916/1464 1883/1917/1464
f 1873/1892/1465 1874/1898/1465 1882/1918/1465 1881/1893/1465
f 1871/1890/1466 1872/1889/1466 1880/1919/1466 1879/1913/1466
f 1876/1908/1467 1877/1902/1467 1885/1915/1467 1884/1920/1467
f 1874/1898/1468 1875/1897/1468 1883/1917/1468 1882/1918/1468
f 1897/1880/1469 1945/1921/1469 1946/1910/1469 1898/1909/1469
f 1886/1872/1470 1894/1922/1470 1895/1923/1470 1887/1873/1470
f 1893/1876/1471 1901/1924/1471 1894/1922/1471 1886/1872/1471
f 1891/1877/1472 1899/1912/1472 1900/1925/1472 1892/1885/1472
f 1889/1866/1473 1897/1880/1473 1898/1909/1473 1890/1867/1473
f 1887/1873/1474 1895/1923/1474 1896/1926/1474 1888/1883/1474
f 1892/1882/1475 1900/1927/1475 1901/1924/1475 1893/1876/1475
f 1890/1867/1476 1898/1909/1476 1899/1912/1476 1891/1877/1476
f 1856/1887/1477 1867/1874/1477 1865/1884/1477 1858/1888/1477
f 1858/1903/1478 1865/1869/1478 1863/1865/1478 1860/1904/1478
f 1860/1904/1479 1863/1865/1479 1861/1868/1479 1862/1895/1479
f 1862/1895/1480 1861/1868/1480 1859/1878/1480 1864/1896/1480
f 1864/1896/1481 1859/1878/1481 1857/1886/1481 1866/1905/1481
f 1866/1907/1482 1857/1881/1482 1855/1875/1482 1868/1899/1482
f 1868/1899/1483 1855/1875/1483 1869/1871/1483 1854/1900/1483
f 1854/1900/1484 1869/1871/1484 1867/1874/1484 1856/1887/1484
f 1911/1928/1485 1909/1929/1485 1938/1930/1485 1937/1931/1485
f 1913/1932/1486 1911/1928/1486 1937/1931/1486 1936/1933/1486
f 1917/1934/1487 1915/1935/1487 1935/1936/1487 1934/1937/1487
f 1903/1938/1488 1917/1934/1488 1934/1937/1488 1941/1939/1488
f 1909/1929/1489 1907/1940/1489 1939/1941/1489 1938/1930/1489
f 1936/1933/1490 1937/1931/1490 1945/1921/1490 1944/1942/1490
f 1905/1943/1491 1903/1938/1491 1941/1939/1491 1940/1944/1491
f 1915/1935/1492 1913/1945/1492 1936/1946/1492 1935/1936/1492
f 1907/1940/1493 1905/1947/1493 1940/1948/1493 1939/1941/1493
f 1904/1949/1494 1919/1950/1494 1920/1951/1494 1906/1952/1494
f 1920/1953/1495 1928/1954/1495 1929/1955/1495 1921/1956/1495
f 1910/1957/1496 1922/1958/1496 1923/1959/1496 1912/1960/1496
f 1916/1961/1497 1925/1962/1497 1918/1963/1497 1902/1964/1497
f 1902/1964/1498 1918/1963/1498 1919/1950/1498 1904/1949/1498
f 1906/1965/1499 1920/1953/1499 1921/1956/1499 1908/1966/1499
f 1912/1960/1500 1923/1959/1500 1924/1967/1500 1914/1968/1500
f 1908/1966/1501 1921/1956/1501 1922/1958/1501 1910/1957/1501
f 1914/1969/1502 1924/1970/1502 1925/1962/1502 1916/1961/1502
f 1896/1879/1503 1944/1942/1503 1945/1921/1503 1897/1880/1503
f 1918/1963/1504 1926/1971/1504 1927/1972/1504 1919/1950/1504
f 1925/1962/1505 1933/1973/1505 1926/1971/1505 1918/1963/1505
f 1923/1959/1506 1931/1974/1506 1932/1975/1506 1924/1967/1506
f 1921/1956/1507 1929/1955/1507 1930/1976/1507 1922/1958/1507
f 1919/1950/1508 1927/1972/1508 1928/1977/1508 1920/1951/1508
f 1924/1970/1509 1932/1978/1509 1933/1973/1509 1925/1962/1509
f 1922/1958/1510 1930/1976/1510 1931/1974/1510 1923/1959/1510
f 1895/1923/1511 1943/1979/1511 1944/1980/1511 1896/1926/1511
f 1934/1937/1512 1935/1936/1512 1943/1979/1512 1942/1981/1512
f 1941/1939/1513 1934/1937/1513 1942/1981/1513 1949/1982/1513
f 1939/1941/1514 1940/1948/1514 1948/1983/1514 1947/1911/1514
f 1937/1931/1515 1938/1930/1515 1946/1910/1515 1945/1921/1515
f 1935/1936/1516 1936/1946/1516 1944/1980/1516 1943/1979/1516
f 1940/1944/1517 1941/1939/1517 1949/1982/1517 1948/1984/1517
f 1938/1930/1518 1939/1941/1518 1947/1911/1518 1946/1910/1518
f 1904/1949/1519 1906/1952/1519 1913/1945/1519 1915/1935/1519
f 1906/1965/1520 1908/1966/1520 1911/1928/1520 1913/1932/1520
f 1908/1966/1521 1910/1957/1521 1909/1929/1521 1911/1928/1521
f 1910/1957/1522 1912/1960/1522 1907/1940/1522 1909/1929/1522
f 1912/1960/1523 1914/1968/1523 1905/1947/1523 1907/1940/1523
f 1914/1969/1524 1916/1961/1524 1903/1938/1524 1905/1943/1524
f 1916/1961/1525 1902/1964/1525 1917/1934/1525 1903/1938/1525
f 1902/1964/1526 1904/1949/1526 1915/1935/1526 1917/1934/1526
f 1899/1912/1527 1947/1911/1527 1948/1983/1527 1900/1925/1527
f 1900/1927/1528 1948/1984/1528 1949/1982/1528 1901/1924/1528
f 1901/1924/1529 1949/1982/1529 1942/1981/1529 1894/1922/1529
f 1894/1922/1530 1942/1981/1530 1943/1979/1530 1895/1923/1530
f 1878/1914/1531 1926/1971/1531 1933/1973/1531 1885/1915/1531
f 1885/1915/1532 1933/1973/1532 1932/1978/1532 1884/1920/1532
f 1884/1916/1533 1932/1975/1533 1931/1974/1533 1883/1917/1533
f 1883/1917/1534 1931/1974/1534 1930/1976/1534 1882/1918/1534
f 1882/1918/1535 1930/1976/1535 1929/1955/1535 1881/1893/1535
f 1881/1893/1536 1929/1955/1536 1928/1954/1536 1880/1894/1536
f 1880/1919/1537 1928/1977/1537 1927/1972/1537 1879/1913/1537
f 1879/1913/1538 1927/1972/1538 1926/1971/1538 1878/1914/1538
f 1959/1985/1539 1969/1986/1539 1970/1987/1539 1957/1988/1539
f 1961/1989/1540 1968/1990/1540 1969/1986/1540 1959/1985/1540
f 1965/1991/1541 1966/1992/1541 1967/1993/1541 1963/1994/1541
f 1951/1995/1542 1973/1996/1542 1966/1992/1542 1965/1991/1542
f 1957/1988/1543 1970/1987/1543 1971/1997/1543 1955/1998/1543
f 1968/1990/1544 1976/1999/1544 1977/2000/1544 1969/1986/1544
f 1953/2001/1545 1972/2002/1545 1973/1996/1545 1951/1995/1545
f 1963/1994/1546 1967/1993/1546 1968/2003/1546 1961/2004/1546
f 1955/1998/1547 1971/1997/1547 1972/2002/1547 1953/2001/1547
f 1978/2005/1548 2010/2006/1548 2011/2007/1548 1979/2008/1548
f 1977/2000/1549 2009/2009/1549 2010/2006/1549 1978/2005/1549
f 1966/1992/1550 1974/2010/1550 1975/2011/1550 1967/1993/1550
f 1973/1996/1551 1981/2012/1551 1974/2010/1551 1966/1992/1551
f 1971/1997/1552 1979/2008/1552 1980/2013/1552 1972/2002/1552
f 1969/1986/1553 1977/2000/1553 1978/2005/1553 1970/1987/1553
f 1967/1993/1554 1975/2011/1554 1976/2014/1554 1968/2003/1554
f 1972/2002/1555 1980/2013/1555 1981/2012/1555 1973/1996/1555
f 1970/1987/1556 1978/2005/1556 1979/2008/1556 1971/1997/1556
f 1952/2015/1483 1963/1994/1483 1961/2004/1483 1954/2016/1483
f 1954/2017/1484 1961/1989/1484 1959/1985/1484 1956/2018/1484
f 1956/2018/1477 1959/1985/1477 1957/1988/1477 1958/2019/1477
f 1958/2019/1478 1957/1988/1478 1955/1998/1478 1960/2020/1478
f 1960/2020/1479 1955/1998/1479 1953/2001/1479 1962/2021/1479
f 1962/2021/1480 1953/2001/1480 1951/1995/1480 1964/2022/1480
f 1964/2022/1481 1951/1995/1481 1965/1991/1481 1950/2023/1481
f 1950/2023/1482 1965/1991/1482 1963/1994/1482 1952/2015/1482
f 1991/2024/1557 1989/2025/1557 2002/2026/1557 2001/2027/1557
f 1993/2028/1558 1991/2024/1558 2001/2027/1558 2000/2029/1558
f 1997/2030/1559 1995/2031/1559 1999/2032/1559 1998/2033/1559
f 1983/2034/1560 1997/2030/1560 1998/2033/1560 2005/2035/1560
f 1989/2025/1561 1987/2036/1561 2003/2037/1561 2002/2026/1561
f 2000/2029/1562 2001/2027/1562 2009/2009/1562 2008/2038/1562
f 1985/2039/1563 1983/2034/1563 2005/2035/1563 2004/2040/1563
f 1995/2031/1564 1993/2041/1564 2000/2042/1564 1999/2032/1564
f 1987/2036/1565 1985/2039/1565 2004/2040/1565 2003/2037/1565
f 1976/1999/1566 2008/2038/1566 2009/2009/1566 1977/2000/1566
f 1975/2011/1567 2007/2043/1567 2008/2044/1567 1976/2014/1567
f 1998/2033/1568 1999/2032/1568 2007/2043/1568 2006/2045/1568
f 2005/2035/1569 1998/2033/1569 2006/2045/1569 2013/2046/1569
f 2003/2037/1570 2004/2040/1570 2012/2047/1570 2011/2007/1570
f 2001/2027/1571 2002/2026/1571 2010/2006/1571 2009/2009/1571
f 1999/2032/1572 2000/2042/1572 2008/2044/1572 2007/2043/1572
f 2004/2040/1573 2005/2035/1573 2013/2046/1573 2012/2047/1573
f 2002/2026/1574 2003/2037/1574 2011/2007/1574 2010/2006/1574
f 1984/2048/1575 1986/2049/1575 1993/2041/1575 1995/2031/1575
f 1986/2050/1576 1988/2051/1576 1991/2024/1576 1993/2028/1576
f 1988/2051/1577 1990/2052/1577 1989/2025/1577 1991/2024/1577
f 1990/2052/1578 1992/2053/1578 1987/2036/1578 1989/2025/1578
f 1992/2053/1579 1994/2054/1579 1985/2039/1579 1987/2036/1579
f 1994/2054/1580 1996/2055/1580 1983/2034/1580 1985/2039/1580
f 1996/2055/1581 1982/2056/1581 1997/2030/1581 1983/2034/1581
f 1982/2056/1582 1984/2048/1582 1995/2031/1582 1997/2030/1582
f 1979/2008/1583 2011/2007/1583 2012/2047/1583 1980/2013/1583
f 1980/2013/1584 2012/2047/1584 2013/2046/1584 1981/2012/1584
f 1981/2012/1585 2013/2046/1585 2006/2045/1585 1974/2010/1585
f 1974/2010/1586 2006/2045/1586 2007/2043/1586 1975/2011/1586
f 2075/2057/1587 2073/2058/1587 2074/2059/1587 2072/2060/1587
f 2079/2061/1588 2077/2062/1588 2070/2063/1588 2068/2064/1588
f 2046/2065/1589 2045/2066/1589 2037/2067/1589 2038/2068/1589
f 2100/2069/1590 2052/2070/1590 2053/2071/1590 2101/2072/1590
f 2069/2073/1591 2067/2074/1591 2080/2075/1591 2078/2076/1591
f 2063/2077/1592 2055/2078/1592 2054/2079/1592 2062/2080/1592
f 2098/2081/1593 2050/2082/1593 2051/2083/1593 2099/2084/1593
f 2043/2085/1594 2042/2086/1594 2034/2087/1594 2035/2088/1594
f 2083/2089/1595 2035/2088/1595 2034/2087/1595 2082/2090/1595
f 2089/2091/1596 2041/2092/1596 2040/2093/1596 2088/2094/1596
f 2088/2094/1597 2040/2093/1597 2039/2095/1597 2087/2096/1597
f 2077/2097/1598 2075/2057/1598 2072/2060/1598 2070/2098/1598
f 2101/2072/1599 2053/2071/1599 2054/2079/1599 2102/2099/1599
f 2103/2100/1600 2055/2101/1600 2056/2102/1600 2104/2103/1600
f 2081/2104/1601 2079/2061/1601 2068/2064/1601 2066/2105/1601
f 2045/2066/1602 2044/2106/1602 2036/2107/1602 2037/2067/1602
f 2073/2058/1603 2071/2108/1603 2076/2109/1603 2074/2059/1603
f 2048/2110/1604 2047/2111/1604 2039/2095/1604 2040/2093/1604
f 2072/2060/1605 2074/2059/1605 2045/2066/1605 2046/2065/1605
f 2044/2106/1606 2043/2112/1606 2035/2113/1606 2036/2107/1606
f 2042/2086/1607 2049/2114/1607 2041/2092/1607 2034/2087/1607
f 2064/2115/1608 2056/2102/1608 2055/2101/1608 2063/2116/1608
f 2061/2117/1609 2053/2071/1609 2052/2070/1609 2060/2118/1609
f 2049/2114/1610 2048/2110/1610 2040/2093/1610 2041/2092/1610
f 2062/2080/1611 2054/2079/1611 2053/2071/1611 2061/2117/1611
f 2059/2119/1612 2051/2083/1612 2050/2082/1612 2058/2120/1612
f 2070/2098/1613 2072/2060/1613 2046/2065/1613 2047/2121/1613
f 2067/2074/1614 2058/2120/1614 2065/2122/1614 2081/2104/1614
f 2081/2104/1615 2065/2122/1615 2064/2115/1615 2079/2061/1615
f 2068/2064/1616 2070/2063/1616 2047/2111/1616 2048/2110/1616
f 2079/2061/1617 2064/2115/1617 2063/2116/1617 2077/2062/1617
f 2073/2058/1618 2061/2117/1618 2060/2118/1618 2071/2108/1618
f 2078/2076/1619 2080/2075/1619 2042/2086/1619 2043/2085/1619
f 2076/2109/1620 2078/2123/1620 2043/2112/1620 2044/2106/1620
f 2105/2124/1621 2057/2125/1621 2050/2082/1621 2098/2081/1621
f 2084/2126/1622 2036/2107/1622 2035/2113/1622 2083/2127/1622
f 2071/2108/1623 2069/2128/1623 2078/2123/1623 2076/2109/1623
f 2067/2074/1624 2081/2104/1624 2066/2105/1624 2080/2075/1624
f 2082/2090/1625 2034/2087/1625 2041/2092/1625 2089/2091/1625
f 2099/2129/1626 2051/2130/1626 2052/2070/1626 2100/2069/1626
f 2102/2099/1627 2054/2079/1627 2055/2078/1627 2103/2131/1627
f 2104/2103/1628 2056/2102/1628 2057/2125/1628 2105/2124/1628
f 2110/2132/1629 2109/2133/1629 2101/2072/1629 2102/2099/1629
f 2106/2134/1630 2113/2135/1630 2105/2124/1630 2098/2081/1630
f 2123/2136/1631 2121/2137/1631 2109/2133/1631 2110/2132/1631
f 2125/2138/1481 2118/2139/1481 2120/2140/1481 2123/2136/1481
f 2109/2133/1632 2108/2141/1632 2100/2069/1632 2101/2072/1632
f 2122/2142/1633 2093/2143/1633 2092/2144/1633 2124/2145/1633
f 2093/2143/1634 2085/2146/1634 2084/2126/1634 2092/2144/1634
f 2085/2146/1635 2037/2067/1635 2036/2107/1635 2084/2126/1635
f 2092/2144/1636 2084/2126/1636 2083/2127/1636 2091/2147/1636
f 2096/2148/1637 2088/2094/1637 2087/2096/1637 2095/2149/1637
f 2115/2150/1638 2129/2151/1638 2113/2135/1638 2106/2134/1638
f 2108/2141/1639 2107/2152/1639 2099/2129/1639 2100/2069/1639
f 2123/2136/1480 2120/2140/1480 2122/2142/1480 2121/2137/1480
f 2119/2153/1478 2124/2145/1478 2126/2154/1478 2117/2155/1478
f 2097/2156/1640 2089/2091/1640 2088/2094/1640 2096/2148/1640
f 2113/2135/1641 2112/2157/1641 2104/2103/1641 2105/2124/1641
f 2112/2157/1642 2111/2158/1642 2103/2100/1642 2104/2103/1642
f 2117/2159/1643 2115/2150/1643 2106/2134/1643 2107/2160/1643
f 2066/2105/1644 2068/2064/1644 2048/2110/1644 2049/2114/1644
f 2119/2153/1645 2117/2155/1645 2107/2152/1645 2108/2141/1645
f 2125/2138/1646 2123/2136/1646 2110/2132/1646 2111/2161/1646
f 2127/2162/1647 2125/2163/1647 2111/2158/1647 2112/2157/1647
f 2121/2137/1648 2119/2153/1648 2108/2141/1648 2109/2133/1648
f 2129/2151/1649 2127/2162/1649 2112/2157/1649 2113/2135/1649
f 2124/2145/1650 2092/2144/1650 2091/2147/1650 2126/2154/1650
f 2111/2161/1651 2110/2132/1651 2102/2099/1651 2103/2131/1651
f 2080/2075/1652 2066/2105/1652 2049/2114/1652 2042/2086/1652
f 2126/2164/1653 2091/2165/1653 2090/2166/1653 2128/2167/1653
f 2116/2168/1654 2096/2148/1654 2095/2149/1654 2118/2169/1654
f 2118/2139/1655 2095/2170/1655 2094/2171/1655 2120/2140/1655
f 2128/2167/1656 2090/2166/1656 2097/2156/1656 2114/2172/1656
f 2095/2170/1657 2087/2173/1657 2086/2174/1657 2094/2171/1657
f 2120/2140/1658 2094/2171/1658 2093/2143/1658 2122/2142/1658
f 2114/2172/1659 2097/2156/1659 2096/2148/1659 2116/2168/1659
f 2091/2165/1660 2083/2089/1660 2082/2090/1660 2090/2166/1660
f 2090/2166/1661 2082/2090/1661 2089/2091/1661 2097/2156/1661
f 2107/2160/1662 2106/2134/1662 2098/2081/1662 2099/2084/1662
f 2086/2174/1663 2038/2068/1663 2037/2067/1663 2085/2146/1663
f 2094/2171/1664 2086/2174/1664 2085/2146/1664 2093/2143/1664
f 2127/2162/1482 2116/2168/1482 2118/2169/1482 2125/2163/1482
f 2121/2137/1479 2122/2142/1479 2124/2145/1479 2119/2153/1479
f 2117/2159/1477 2126/2164/1477 2128/2167/1477 2115/2150/1477
f 2129/2151/1483 2114/2172/1483 2116/2168/1483 2127/2162/1483
f 2115/2150/1484 2128/2167/1484 2114/2172/1484 2129/2151/1484
f 2074/2059/1665 2076/2109/1665 2044/2106/1665 2045/2066/1665
f 2047/2121/1666 2046/2065/1666 2038/2068/1666 2039/2175/1666
f 2058/2120/1667 2050/2082/1667 2057/2125/1667 2065/2122/1667
f 2077/2097/1668 2063/2077/1668 2062/2080/1668 2075/2057/1668
f 2071/2108/1669 2060/2118/1669 2059/2176/1669 2069/2128/1669
f 2075/2057/1670 2062/2080/1670 2061/2117/1670 2073/2058/1670
f 2069/2073/1671 2059/2119/1671 2058/2120/1671 2067/2074/1671
f 2087/2173/1672 2039/2175/1672 2038/2068/1672 2086/2174/1672
f 2065/2122/1673 2057/2125/1673 2056/2102/1673 2064/2115/1673
f 2060/2118/1674 2052/2070/1674 2051/2130/1674 2059/2176/1674
f 2139/2177/1675 2149/2178/1675 2150/2179/1675 2137/2180/1675
f 2141/2181/1676 2148/2182/1676 2149/2178/1676 2139/2177/1676
f 2145/2183/1677 2146/2184/1677 2147/2185/1677 2143/2186/1677
f 2131/2187/1678 2153/2188/1678 2146/2184/1678 2145/2183/1678
f 2137/2180/1679 2150/2179/1679 2151/2189/1679 2135/2190/1679
f 2148/2182/1680 2156/2191/1680 2157/2192/1680 2149/2178/1680
f 2133/2193/1681 2152/2194/1681 2153/2188/1681 2131/2187/1681
f 2143/2186/1682 2147/2185/1682 2148/2195/1682 2141/2196/1682
f 2135/2190/1683 2151/2189/1683 2152/2194/1683 2133/2193/1683
f 2158/2197/1684 2190/2198/1684 2191/2199/1684 2159/2200/1684
f 2157/2192/1685 2189/2201/1685 2190/2198/1685 2158/2197/1685
f 2146/2184/1686 2154/2202/1686 2155/2203/1686 2147/2185/1686
f 2153/2188/1687 2161/2204/1687 2154/2202/1687 2146/2184/1687
f 2151/2189/1688 2159/2200/1688 2160/2205/1688 2152/2194/1688
f 2149/2178/1689 2157/2192/1689 2158/2197/1689 2150/2179/1689
f 2147/2185/1690 2155/2203/1690 2156/2206/1690 2148/2195/1690
f 2152/2194/1691 2160/2205/1691 2161/2204/1691 2153/2188/1691
f 2150/2179/1692 2158/2197/1692 2159/2200/1692 2151/2189/1692
f 2132/2207/1484 2143/2186/1484 2141/2196/1484 2134/2208/1484
f 2134/2209/1483 2141/2181/1483 2139/2177/1483 2136/2210/1483
f 2136/2210/1482 2139/2177/1482 2137/2180/1482 2138/2211/1482
f 2138/2211/1481 2137/2180/1481 2135/2190/1481 2140/2212/1481
f 2140/2212/1480 2135/2190/1480 2133/2193/1480 2142/2213/1480
f 2142/2213/1479 2133/2193/1479 2131/2187/1479 2144/2214/1479
f 2144/2214/1478 2131/2187/1478 2145/2183/1478 2130/2215/1478
f 2130/2215/1477 2145/2183/1477 2143/2186/1477 2132/2207/1477
f 2171/2216/1693 2169/2217/1693 2182/2218/1693 2181/2219/1693
f 2173/2220/1694 2171/2216/1694 2181/2219/1694 2180/2221/1694
f 2177/2222/1695 2175/2223/1695 2179/2224/1695 2178/2225/1695
f 2163/2226/1696 2177/2222/1696 2178/2225/1696 2185/2227/1696
f 2169/2217/1697 2167/2228/1697 2183/2229/1697 2182/2218/1697
f 2180/2221/1698 2181/2219/1698 2189/2201/1698 2188/2230/1698
f 2165/2231/1699 2163/2226/1699 2185/2227/1699 2184/2232/1699
f 2175/2223/1700 2173/2233/1700 2180/2234/1700 2179/2224/1700
f 2167/2228/1701 2165/2231/1701 2184/2232/1701 2183/2229/1701
f 2156/2191/1702 2188/2230/1702 2189/2201/1702 2157/2192/1702
f 2155/2203/1703 2187/2235/1703 2188/2236/1703 2156/2206/1703
f 2178/2225/1704 2179/2224/1704 2187/2235/1704 2186/2237/1704
f 2185/2227/1705 2178/2225/1705 2186/2237/1705 2193/2238/1705
f 2183/2229/1706 2184/2232/1706 2192/2239/1706 2191/2199/1706
f 2181/2219/1707 2182/2218/1707 2190/2198/1707 2189/2201/1707
f 2179/2224/1708 2180/2234/1708 2188/2236/1708 2187/2235/1708
f 2184/2232/1709 2185/2227/1709 2193/2238/1709 2192/2239/1709
f 2182/2218/1710 2183/2229/1710 2191/2199/1710 2190/2198/1710
f 2164/2240/1576 2166/2241/1576 2173/2233/1576 2175/2223/1576
f 2166/2242/1575 2168/2243/1575 2171/2216/1575 2173/2220/1575
f 2168/2243/1582 2170/2244/1582 2169/2217/1582 2171/2216/1582
f 2170/2244/1581 2172/2245/1581 2167/2228/1581 2169/2217/1581
f 2172/2245/1580 2174/2246/1580 2165/2231/1580 2167/2228/1580
f 2174/2246/1579 2176/2247/1579 2163/2226/1579 2165/2231/1579
f 2176/2247/1578 2162/2248/1578 2177/2222/1578 2163/2226/1578
f 2162/2248/1577 2164/2240/1577 2175/2223/1577 2177/2222/1577
f 2159/2200/1711 2191/2199/1711 2192/2239/1711 2160/2205/1711
f 2160/2205/1712 2192/2239/1712 2193/2238/1712 2161/2204/1712
f 2161/2204/1713 2193/2238/1713 2186/2237/1713 2154/2202/1713
f 2154/2202/1714 2186/2237/1714 2187/2235/1714 2155/2203/1714
f 2202/2249/1715 2204/2250/1715 2215/2251/1715 2214/2252/1715
f 2230/2253/1716 2238/2254/1716 2239/2255/1716 2231/2256/1716
f 2248/2257/1717 2261/2258/1717 2262/2259/1717 2250/2260/1717
f 2274/2261/1718 2275/2262/1718 2283/2263/1718 2282/2264/1718
f 2265/2265/1719 2273/2266/1719 2266/2267/1719 2258/2268/1719
f 2254/2269/1720 2264/2270/1720 2265/2265/1720 2256/2271/1720
f 2256/2271/1721 2265/2265/1721 2258/2268/1721 2242/2272/1721
f 2216/2273/1722 2217/2274/1722 2225/2275/1722 2224/2276/1722
f 2236/2277/1723 2284/2278/1723 2285/2279/1723 2237/2280/1723
f 2254/2269/1724 2256/2271/1724 2243/2281/1724 2245/2282/1724
f 2239/2255/1725 2287/2283/1725 2288/2284/1725 2240/2285/1725
f 2204/2250/1484 2199/2286/1484 2197/2287/1484 2206/2288/1484
f 2275/2262/1726 2276/2289/1726 2284/2290/1726 2283/2263/1726
f 2278/2291/1727 2279/2292/1727 2287/2283/1727 2286/2293/1727
f 2252/2294/1728 2263/2295/1728 2264/2296/1728 2254/2297/1728
f 2195/2298/1729 2233/2299/1729 2226/2300/1729 2209/2301/1729
f 2217/2274/1730 2210/2302/1730 2218/2303/1730 2225/2275/1730
f 2208/2304/1731 2194/2305/1731 2210/2302/1731 2217/2274/1731
f 2212/2306/1732 2213/2307/1732 2221/2308/1732 2220/2309/1732
f 2232/2310/1733 2240/2311/1733 2241/2312/1733 2233/2299/1733
f 2203/2313/1734 2229/2314/1734 2230/2253/1734 2201/2315/1734
f 2258/2268/1735 2266/2267/1735 2267/2316/1735 2259/2317/1735
f 2243/2281/1736 2257/2318/1736 2274/2261/1736 2281/2319/1736
f 2246/2320/1737 2260/2321/1737 2261/2258/1737 2248/2257/1737
f 2233/2299/1738 2241/2312/1738 2234/2322/1738 2226/2300/1738
f 2208/2304/1482 2195/2298/1482 2209/2301/1482 2194/2305/1482
f 2207/2323/1739 2227/2324/1739 2228/2325/1739 2205/2326/1739
f 2229/2314/1740 2237/2280/1740 2238/2254/1740 2230/2253/1740
f 2249/2327/1741 2247/2328/1741 2279/2292/1741 2278/2291/1741
f 2213/2307/1742 2214/2252/1742 2222/2329/1742 2221/2308/1742
f 2215/2251/1743 2216/2330/1743 2224/2331/1743 2223/2332/1743
f 2194/2305/1744 2196/2333/1744 2211/2334/1744 2210/2302/1744
f 2231/2256/1745 2239/2255/1745 2240/2285/1745 2232/2335/1745
f 2238/2254/1746 2286/2293/1746 2287/2283/1746 2239/2255/1746
f 2242/2272/1747 2244/2336/1747 2255/2337/1747 2257/2318/1747
f 2263/2295/1748 2271/2338/1748 2272/2339/1748 2264/2296/1748
f 2227/2324/1749 2235/2340/1749 2236/2341/1749 2228/2325/1749
f 2202/2249/1477 2201/2315/1477 2199/2286/1477 2204/2250/1477
f 2264/2270/1750 2272/2342/1750 2273/2266/1750 2265/2265/1750
f 2279/2292/1751 2280/2343/1751 2288/2284/1751 2287/2283/1751
f 2200/2344/1752 2202/2249/1752 2214/2252/1752 2213/2307/1752
f 2234/2322/1753 2282/2264/1753 2283/2263/1753 2235/2340/1753
f 2235/2340/1754 2283/2263/1754 2284/2290/1754 2236/2341/1754
f 2280/2345/1755 2281/2319/1755 2289/2346/1755 2288/2347/1755
f 2253/2348/1756 2251/2349/1756 2277/2350/1756 2276/2351/1756
f 2219/2352/1757 2267/2316/1757 2266/2267/1757 2218/2303/1757
f 2240/2311/1758 2288/2347/1758 2289/2346/1758 2241/2312/1758
f 2218/2303/1759 2266/2267/1759 2273/2266/1759 2225/2275/1759
f 2255/2337/1760 2253/2353/1760 2276/2289/1760 2275/2262/1760
f 2262/2259/1761 2270/2354/1761 2271/2338/1761 2263/2295/1761
f 2251/2349/1762 2249/2327/1762 2278/2291/1762 2277/2350/1762
f 2259/2317/1763 2267/2316/1763 2268/2355/1763 2260/2356/1763
f 2206/2357/1764 2208/2304/1764 2217/2274/1764 2216/2273/1764
f 2220/2358/1765 2268/2355/1765 2267/2316/1765 2219/2352/1765
f 2244/2336/1766 2259/2317/1766 2260/2356/1766 2246/2359/1766
f 2214/2252/1767 2215/2251/1767 2223/2332/1767 2222/2329/1767
f 2252/2294/1768 2254/2297/1768 2245/2360/1768 2247/2328/1768
f 2244/2336/1769 2246/2359/1769 2253/2353/1769 2255/2337/1769
f 2225/2275/1770 2273/2266/1770 2272/2342/1770 2224/2276/1770
f 2260/2321/1771 2268/2361/1771 2269/2362/1771 2261/2258/1771
f 2237/2280/1772 2285/2279/1772 2286/2293/1772 2238/2254/1772
f 2277/2350/1773 2278/2291/1773 2286/2293/1773 2285/2279/1773
f 2224/2331/1774 2272/2339/1774 2271/2338/1774 2223/2332/1774
f 2201/2315/1775 2230/2253/1775 2231/2256/1775 2199/2286/1775
f 2242/2272/1776 2258/2268/1776 2259/2317/1776 2244/2336/1776
f 2204/2250/1777 2206/2288/1777 2216/2330/1777 2215/2251/1777
f 2221/2308/1778 2269/2362/1778 2268/2361/1778 2220/2309/1778
f 2198/2363/1479 2205/2364/1479 2203/2313/1479 2200/2344/1479
f 2194/2305/1481 2209/2301/1481 2207/2323/1481 2196/2333/1481
f 2226/2300/1779 2234/2322/1779 2235/2340/1779 2227/2324/1779
f 2248/2257/1780 2250/2260/1780 2249/2327/1780 2251/2349/1780
f 2245/2282/1781 2243/2281/1781 2281/2319/1781 2280/2345/1781
f 2211/2334/1782 2212/2365/1782 2220/2358/1782 2219/2352/1782
f 2222/2329/1783 2270/2354/1783 2269/2362/1783 2221/2308/1783
f 2261/2258/1784 2269/2362/1784 2270/2354/1784 2262/2259/1784
f 2223/2332/1785 2271/2338/1785 2270/2354/1785 2222/2329/1785
f 2247/2328/1786 2245/2360/1786 2280/2343/1786 2279/2292/1786
f 2241/2312/1787 2289/2346/1787 2282/2264/1787 2234/2322/1787
f 2246/2320/1788 2248/2257/1788 2251/2349/1788 2253/2348/1788
f 2281/2319/1789 2274/2261/1789 2282/2264/1789 2289/2346/1789
f 2250/2260/1790 2262/2259/1790 2263/2295/1790 2252/2294/1790
f 2198/2363/1791 2200/2344/1791 2213/2307/1791 2212/2306/1791
f 2256/2271/1792 2242/2272/1792 2257/2318/1792 2243/2281/1792
f 2210/2302/1793 2211/2334/1793 2219/2352/1793 2218/2303/1793
f 2196/2333/1794 2198/2366/1794 2212/2365/1794 2211/2334/1794
f 2257/2318/1795 2255/2337/1795 2275/2262/1795 2274/2261/1795
f 2199/2286/1796 2231/2256/1796 2232/2335/1796 2197/2287/1796
f 2196/2333/1480 2207/2323/1480 2205/2326/1480 2198/2366/1480
f 2206/2357/1483 2197/2367/1483 2195/2298/1483 2208/2304/1483
f 2200/2344/1478 2203/2313/1478 2201/2315/1478 2202/2249/1478
f 2205/2364/1797 2228/2368/1797 2229/2314/1797 2203/2313/1797
f 2197/2367/1798 2232/2310/1798 2233/2299/1798 2195/2298/1798
f 2228/2368/1799 2236/2277/1799 2237/2280/1799 2229/2314/1799
f 2250/2260/1800 2252/2294/1800 2247/2328/1800 2249/2327/1800
f 2209/2301/1801 2226/2300/1801 2227/2324/1801 2207/2323/1801
f 2276/2351/1802 2277/2350/1802 2285/2279/1802 2284/2278/1802
f 2298/2369/1648 2300/2370/1648 2311/2371/1648 2310/2372/1648
f 2326/2373/1634 2334/2374/1634 2335/2375/1634 2327/2376/1634
f 2344/2377/1670 2357/2378/1670 2358/2379/1670 2346/2380/1670
f 2370/2381/1610 2371/2382/1610 2379/2383/1610 2378/2384/1610
f 2361/2385/1667 2369/2386/1667 2362/2387/1667 2354/2388/1667
f 2350/2389/1671 2360/2390/1671 2361/2385/1671 2352/2391/1671
f 2352/2391/1614 2361/2385/1614 2354/2388/1614 2338/2392/1614
f 2312/2393/1662 2313/2394/1662 2321/2395/1662 2320/2396/1662
f 2332/2397/1672 2380/2398/1672 2381/2399/1672 2333/2400/1672
f 2350/2389/1591 2352/2391/1591 2339/2401/1591 2341/2402/1591
f 2335/2375/1622 2383/2403/1622 2384/2404/1622 2336/2405/1622
f 2300/2370/1478 2295/2406/1478 2293/2407/1478 2302/2408/1478
f 2371/2382/1604 2372/2409/1604 2380/2410/1604 2379/2383/1604
f 2374/2411/1602 2375/2412/1602 2383/2403/1602 2382/2413/1602
f 2348/2414/1669 2359/2415/1669 2360/2416/1669 2350/2417/1669
f 2291/2418/1656 2329/2419/1656 2322/2420/1656 2305/2421/1656
f 2313/2394/1630 2306/2422/1630 2314/2423/1630 2321/2395/1630
f 2304/2424/1638 2290/2425/1638 2306/2422/1638 2313/2394/1638
f 2308/2426/1651 2309/2427/1651 2317/2428/1651 2316/2429/1651
f 2328/2430/1660 2336/2431/1660 2337/2432/1660 2329/2419/1660
f 2299/2433/1658 2325/2434/1658 2326/2373/1658 2297/2435/1658
f 2354/2388/1673 2362/2387/1673 2363/2436/1673 2355/2437/1673
f 2339/2401/1652 2353/2438/1652 2370/2381/1652 2377/2439/1652
f 2342/2440/1668 2356/2441/1668 2357/2378/1668 2344/2377/1668
f 2329/2419/1661 2337/2432/1661 2330/2442/1661 2322/2420/1661
f 2304/2424/1484 2291/2418/1484 2305/2421/1484 2290/2425/1484
f 2303/2443/1654 2323/2444/1654 2324/2445/1654 2301/2446/1654
f 2325/2434/1664 2333/2400/1664 2334/2374/1664 2326/2373/1664
f 2345/2447/1665 2343/2448/1665 2375/2412/1665 2374/2411/1665
f 2309/2427/1629 2310/2372/1629 2318/2449/1629 2317/2428/1629
f 2311/2371/1639 2312/2450/1639 2320/2451/1639 2319/2452/1639
f 2290/2425/1649 2292/2453/1649 2307/2454/1649 2306/2422/1649
f 2327/2376/1636 2335/2375/1636 2336/2405/1636 2328/2455/1636
f 2334/2374/1635 2382/2413/1635 2383/2403/1635 2335/2375/1635
f 2338/2392/1601 2340/2456/1601 2351/2457/1601 2353/2438/1601
f 2359/2415/1674 2367/2458/1674 2368/2459/1674 2360/2416/1674
f 2323/2444/1637 2331/2460/1637 2332/2461/1637 2324/2445/1637
f 2298/2369/1479 2297/2435/1479 2295/2406/1479 2300/2370/1479
f 2360/2390/1612 2368/2462/1612 2369/2386/1612 2361/2385/1612
f 2375/2412/1606 2376/2463/1606 2384/2404/1606 2383/2403/1606
f 2296/2464/1631 2298/2369/1631 2310/2372/1631 2309/2427/1631
f 2330/2442/1596 2378/2384/1596 2379/2383/1596 2331/2460/1596
f 2331/2460/1597 2379/2383/1597 2380/2410/1597 2332/2461/1597
f 2376/2465/1594 2377/2439/1594 2385/2466/1594 2384/2467/1594
f 2349/2468/1613 2347/2469/1613 2373/2470/1613 2372/2471/1613
f 2315/2472/1628 2363/2436/1628 2362/2387/1628 2314/2423/1628
f 2336/2431/1803 2384/2467/1803 2385/2466/1803 2337/2432/1803
f 2314/2423/1621 2362/2387/1621 2369/2386/1621 2321/2395/1621
f 2351/2457/1616 2349/2473/1616 2372/2409/1616 2371/2382/1616
f 2358/2379/1609 2366/2474/1609 2367/2458/1609 2359/2415/1609
f 2347/2469/1605 2345/2447/1605 2374/2411/1605 2373/2470/1605
f 2355/2437/1608 2363/2436/1608 2364/2475/1608 2356/2476/1608
f 2302/2477/1643 2304/2424/1643 2313/2394/1643 2312/2393/1643
f 2316/2478/1600 2364/2475/1600 2363/2436/1600 2315/2472/1600
f 2340/2456/1617 2355/2437/1617 2356/2476/1617 2342/2479/1617
f 2310/2372/1632 2311/2371/1632 2319/2452/1632 2318/2449/1632
f 2348/2414/1623 2350/2417/1623 2341/2480/1623 2343/2448/1623
f 2340/2456/1588 2342/2479/1588 2349/2473/1588 2351/2457/1588
f 2321/2395/1593 2369/2386/1593 2368/2462/1593 2320/2396/1593
f 2356/2441/1592 2364/2481/1592 2365/2482/1592 2357/2378/1592
f 2333/2400/1663 2381/2399/1663 2382/2413/1663 2334/2374/1663
f 2373/2470/1589 2374/2411/1589 2382/2413/1589 2381/2399/1589
f 2320/2451/1626 2368/2459/1626 2367/2458/1626 2319/2452/1626
f 2297/2435/1633 2326/2373/1633 2327/2376/1633 2295/2406/1633
f 2338/2392/1615 2354/2388/1615 2355/2437/1615 2340/2456/1615
f 2300/2370/1645 2302/2408/1645 2312/2450/1645 2311/2371/1645
f 2317/2428/1627 2365/2482/1627 2364/2481/1627 2316/2429/1627
f 2294/2483/1481 2301/2484/1481 2299/2433/1481 2296/2464/1481
f 2290/2425/1483 2305/2421/1483 2303/2443/1483 2292/2453/1483
f 2322/2420/1640 2330/2442/1640 2331/2460/1640 2323/2444/1640
f 2344/2377/1587 2346/2380/1587 2345/2447/1587 2347/2469/1587
f 2341/2402/1619 2339/2401/1619 2377/2439/1619 2376/2465/1619
f 2307/2454/1642 2308/2485/1642 2316/2478/1642 2315/2472/1642
f 2318/2449/1599 2366/2474/1599 2365/2482/1599 2317/2428/1599
f 2357/2378/1611 2365/2482/1611 2366/2474/1611 2358/2379/1611
f 2319/2452/1590 2367/2458/1590 2366/2474/1590 2318/2449/1590
f 2343/2448/1620 2341/2480/1620 2376/2463/1620 2375/2412/1620
f 2337/2432/1625 2385/2466/1625 2378/2384/1625 2330/2442/1625
f 2342/2440/1598 2344/2377/1598 2347/2469/1598 2349/2468/1598
f 2377/2439/1607 2370/2381/1607 2378/2384/1607 2385/2466/1607
f 2346/2380/1618 2358/2379/1618 2359/2415/1618 2348/2414/1618
f 2294/2483/1646 2296/2464/1646 2309/2427/1646 2308/2426/1646
f 2352/2391/1624 2338/2392/1624 2353/2438/1624 2339/2401/1624
f 2306/2422/1641 2307/2454/1641 2315/2472/1641 2314/2423/1641
f 2292/2453/1647 2294/2486/1647 2308/2485/1647 2307/2454/1647
f 2353/2438/1804 2351/2457/1804 2371/2382/1804 2370/2381/1804
f 2295/2406/1650 2327/2376/1650 2328/2455/1650 2293/2407/1650
f 2292/2453/1482 2303/2443/1482 2301/2446/1482 2294/2486/1482
f 2302/2477/1477 2293/2487/1477 2291/2418/1477 2304/2424/1477
f 2296/2464/1480 2299/2433/1480 2297/2435/1480 2298/2369/1480
f 2301/2484/1655 2324/2488/1655 2325/2434/1655 2299/2433/1655
f 2293/2487/1653 2328/2430/1653 2329/2419/1653 2291/2418/1653
f 2324/2488/1657 2332/2397/1657 2333/2400/1657 2325/2434/1657
f 2346/2380/1603 2348/2414/1603 2343/2448/1603 2345/2447/1603
f 2305/2421/1659 2322/2420/1659 2323/2444/1659 2303/2443/1659
f 2372/2471/1666 2373/2470/1666 2381/2399/1666 2380/2398/1666
f 2414/2489/1611 2406/2490/1611 2405/2491/1611 2413/2492/1611
f 2430/2493/1619 2432/2494/1619 2394/2495/1619 2395/2496/1619
f 2452/2497/1590 2404/2498/1590 2405/2491/1590 2453/2499/1590
f 2464/2500/1642 2463/2501/1642 2455/2502/1642 2456/2503/1642
f 2457/2504/1621 2409/2505/1621 2402/2506/1621 2450/2507/1621
f 2453/2499/1599 2405/2491/1599 2406/2490/1599 2454/2508/1599
f 2449/2509/1640 2441/2510/1640 2440/2511/1640 2448/2512/1640
f 2427/2513/1587 2425/2514/1587 2426/2515/1587 2424/2516/1587
f 2454/2508/1627 2406/2490/1627 2407/2517/1627 2455/2518/1627
f 2474/2519/1633 2445/2520/1633 2444/2521/1633 2476/2522/1633
f 2477/2523/1481 2470/2524/1481 2472/2525/1481 2475/2526/1481
f 2433/2527/1615 2417/2528/1615 2416/2529/1615 2431/2530/1615
f 2469/2531/1643 2467/2532/1643 2458/2533/1643 2459/2534/1643
f 2471/2535/1645 2469/2536/1645 2459/2537/1645 2460/2538/1645
f 2451/2539/1626 2403/2540/1626 2404/2498/1626 2452/2497/1626
f 2398/2541/1589 2397/2542/1589 2389/2543/1589 2390/2544/1589
f 2422/2545/1613 2424/2516/1613 2398/2541/1613 2399/2546/1613
f 2415/2547/1592 2407/2517/1592 2406/2490/1592 2414/2489/1592
f 2413/2492/1609 2405/2491/1609 2404/2498/1609 2412/2548/1609
f 2431/2530/1588 2429/2549/1588 2422/2550/1588 2420/2551/1588
f 2395/2496/1594 2394/2495/1594 2386/2552/1594 2387/2553/1594
f 2455/2502/1600 2407/2554/1600 2408/2555/1600 2456/2503/1600
f 2440/2511/1805 2392/2556/1805 2391/2557/1805 2439/2558/1805
f 2450/2507/1593 2402/2506/1593 2403/2559/1593 2451/2560/1593
f 2429/2561/1598 2427/2513/1598 2424/2516/1598 2422/2545/1598
f 2435/2562/1595 2387/2553/1595 2386/2552/1595 2434/2563/1595
f 2394/2495/1607 2401/2564/1607 2393/2565/1607 2386/2552/1607
f 2423/2566/1623 2421/2567/1623 2430/2568/1623 2428/2569/1623
f 2434/2563/1625 2386/2552/1625 2393/2565/1625 2441/2510/1625
f 2424/2516/1605 2426/2515/1605 2397/2542/1605 2398/2541/1605
f 2425/2514/1618 2413/2492/1618 2412/2548/1618 2423/2566/1618
f 2416/2529/1608 2408/2555/1608 2407/2554/1608 2415/2570/1608
f 2428/2569/1620 2430/2568/1620 2395/2571/1620 2396/2572/1620
f 2420/2551/1616 2422/2550/1616 2399/2573/1616 2400/2574/1616
f 2477/2523/1646 2475/2526/1646 2462/2575/1646 2463/2576/1646
f 2456/2503/1628 2408/2555/1628 2409/2505/1628 2457/2504/1628
f 2431/2530/1617 2416/2529/1617 2415/2570/1617 2429/2549/1617
f 2419/2577/1624 2433/2527/1624 2418/2578/1624 2432/2494/1624
f 2461/2579/1632 2460/2538/1632 2452/2497/1632 2453/2499/1632
f 2465/2580/1641 2464/2500/1641 2456/2503/1641 2457/2504/1641
f 2418/2578/1804 2420/2551/1804 2400/2574/1804 2401/2564/1804
f 2479/2581/1647 2477/2582/1647 2463/2501/1647 2464/2500/1647
f 2463/2576/1651 2462/2575/1651 2454/2508/1651 2455/2518/1651
f 2468/2583/1654 2448/2512/1654 2447/2584/1654 2470/2585/1654
f 2438/2586/1663 2390/2544/1663 2389/2543/1663 2437/2587/1663
f 2481/2588/1483 2466/2589/1483 2468/2583/1483 2479/2581/1483
f 2476/2522/1650 2444/2521/1650 2443/2590/1650 2478/2591/1650
f 2479/2581/1482 2468/2583/1482 2470/2585/1482 2477/2582/1482
f 2444/2521/1636 2436/2592/1636 2435/2593/1636 2443/2590/1636
f 2462/2575/1629 2461/2579/1629 2453/2499/1629 2454/2508/1629
f 2437/2587/1635 2389/2543/1635 2388/2594/1635 2436/2592/1635
f 2460/2538/1639 2459/2537/1639 2451/2539/1639 2452/2497/1639
f 2421/2595/1671 2411/2596/1671 2410/2597/1671 2419/2577/1671
f 2481/2588/1649 2479/2581/1649 2464/2500/1649 2465/2580/1649
f 2446/2598/1664 2438/2586/1664 2437/2587/1664 2445/2520/1664
f 2426/2515/1665 2428/2569/1665 2396/2572/1665 2397/2542/1665
f 2475/2526/1480 2472/2525/1480 2474/2519/1480 2473/2599/1480
f 2470/2524/1655 2447/2600/1655 2446/2598/1655 2472/2525/1655
f 2478/2601/1653 2443/2602/1653 2442/2603/1653 2480/2604/1653
f 2447/2600/1657 2439/2605/1657 2438/2586/1657 2446/2598/1657
f 2425/2514/1603 2423/2566/1603 2428/2569/1603 2426/2515/1603
f 2466/2589/1659 2449/2509/1659 2448/2512/1659 2468/2583/1659
f 2469/2531/1477 2478/2601/1477 2480/2604/1477 2467/2532/1477
f 2399/2546/1666 2398/2541/1666 2390/2544/1666 2391/2606/1666
f 2442/2603/1661 2434/2563/1661 2441/2510/1661 2449/2509/1661
f 2417/2528/1673 2409/2505/1673 2408/2555/1673 2416/2529/1673
f 2467/2532/1484 2480/2604/1484 2466/2589/1484 2481/2588/1484
f 2432/2494/1652 2418/2578/1652 2401/2564/1652 2394/2495/1652
f 2436/2592/1622 2388/2594/1622 2387/2607/1622 2435/2593/1622
f 2429/2561/1668 2415/2547/1668 2414/2489/1668 2427/2513/1668
f 2472/2525/1658 2446/2598/1658 2445/2520/1658 2474/2519/1658
f 2443/2602/1660 2435/2562/1660 2434/2563/1660 2442/2603/1660
f 2427/2513/1670 2414/2489/1670 2413/2492/1670 2425/2514/1670
f 2467/2532/1638 2481/2588/1638 2465/2580/1638 2458/2533/1638
f 2459/2534/1662 2458/2533/1662 2450/2507/1662 2451/2560/1662
f 2480/2604/1656 2442/2603/1656 2449/2509/1656 2466/2589/1656
f 2445/2520/1634 2437/2587/1634 2436/2592/1634 2444/2521/1634
f 2471/2535/1478 2476/2522/1478 2478/2591/1478 2469/2536/1478
f 2473/2599/1648 2471/2535/1648 2460/2538/1648 2461/2579/1648
f 2458/2533/1630 2465/2580/1630 2457/2504/1630 2450/2507/1630
f 2448/2512/1637 2440/2511/1637 2439/2558/1637 2447/2584/1637
f 2410/2597/1667 2402/2506/1667 2409/2505/1667 2417/2528/1667
f 2473/2599/1479 2474/2519/1479 2476/2522/1479 2471/2535/1479
f 2423/2566/1669 2412/2548/1669 2411/2608/1669 2421/2567/1669
f 2412/2548/1674 2404/2498/1674 2403/2540/1674 2411/2608/1674
f 2439/2605/1672 2391/2606/1672 2390/2544/1672 2438/2586/1672
f 2411/2596/1612 2403/2559/1612 2402/2506/1612 2410/2597/1612
f 2421/2595/1591 2419/2577/1591 2432/2494/1591 2430/2493/1591
f 2433/2527/1601 2431/2530/1601 2420/2551/1601 2418/2578/1601
f 2419/2577/1614 2410/2597/1614 2417/2528/1614 2433/2527/1614
f 2396/2572/1606 2395/2571/1606 2387/2607/1606 2388/2594/1606
f 2401/2564/1610 2400/2574/1610 2392/2556/1610 2393/2565/1610
f 2400/2574/1604 2399/2573/1604 2391/2557/1604 2392/2556/1604
f 2475/2526/1631 2473/2599/1631 2461/2579/1631 2462/2575/1631
f 2397/2542/1602 2396/2572/1602 2388/2594/1602 2389/2543/1602
f 2441/2510/1596 2393/2565/1596 2392/2556/1596 2440/2511/1596
f 2510/2609/1784 2502/2610/1784 2501/2611/1784 2509/2612/1784
f 2526/2613/1781 2528/2614/1781 2490/2615/1781 2491/2616/1781
f 2548/2617/1785 2500/2618/1785 2501/2611/1785 2549/2619/1785
f 2560/2620/1782 2559/2621/1782 2551/2622/1782 2552/2623/1782
f 2553/2624/1759 2505/2625/1759 2498/2626/1759 2546/2627/1759
f 2549/2619/1783 2501/2611/1783 2502/2610/1783 2550/2628/1783
f 2545/2629/1779 2537/2630/1779 2536/2631/1779 2544/2632/1779
f 2523/2633/1780 2521/2634/1780 2522/2635/1780 2520/2636/1780
f 2550/2628/1778 2502/2610/1778 2503/2637/1778 2551/2638/1778
f 2570/2639/1775 2541/2640/1775 2540/2641/1775 2572/2642/1775
f 2573/2643/1479 2566/2644/1479 2568/2645/1479 2571/2646/1479
f 2529/2647/1776 2513/2648/1776 2512/2649/1776 2527/2650/1776
f 2565/2651/1764 2563/2652/1764 2554/2653/1764 2555/2654/1764
f 2567/2655/1777 2565/2656/1777 2555/2657/1777 2556/2658/1777
f 2547/2659/1774 2499/2660/1774 2500/2618/1774 2548/2617/1774
f 2494/2661/1773 2493/2662/1773 2485/2663/1773 2486/2664/1773
f 2518/2665/1756 2520/2636/1756 2494/2661/1756 2495/2666/1756
f 2511/2667/1806 2503/2637/1806 2502/2610/1806 2510/2609/1806
f 2509/2612/1761 2501/2611/1761 2500/2618/1761 2508/2668/1761
f 2527/2650/1769 2525/2669/1769 2518/2670/1769 2516/2671/1769
f 2491/2616/1755 2490/2615/1755 2482/2672/1755 2483/2673/1755
f 2551/2622/1765 2503/2674/1765 2504/2675/1765 2552/2623/1765
f 2536/2631/1754 2488/2676/1754 2487/2677/1754 2535/2678/1754
f 2546/2627/1770 2498/2626/1770 2499/2679/1770 2547/2680/1770
f 2525/2681/1788 2523/2633/1788 2520/2636/1788 2518/2665/1788
f 2531/2682/1758 2483/2673/1758 2482/2672/1758 2530/2683/1758
f 2490/2615/1789 2497/2684/1789 2489/2685/1789 2482/2672/1789
f 2519/2686/1768 2517/2687/1768 2526/2688/1768 2524/2689/1768
f 2530/2683/1787 2482/2672/1787 2489/2685/1787 2537/2630/1787
f 2520/2636/1762 2522/2635/1762 2493/2662/1762 2494/2661/1762
f 2521/2634/1790 2509/2612/1790 2508/2668/1790 2519/2686/1790
f 2512/2649/1763 2504/2675/1763 2503/2674/1763 2511/2690/1763
f 2524/2689/1786 2526/2688/1786 2491/2691/1786 2492/2692/1786
f 2516/2671/1760 2518/2670/1760 2495/2693/1760 2496/2694/1760
f 2573/2643/1791 2571/2646/1791 2558/2695/1791 2559/2696/1791
f 2552/2623/1757 2504/2675/1757 2505/2625/1757 2553/2624/1757
f 2527/2650/1766 2512/2649/1766 2511/2690/1766 2525/2669/1766
f 2515/2697/1792 2529/2647/1792 2514/2698/1792 2528/2614/1792
f 2557/2699/1767 2556/2658/1767 2548/2617/1767 2549/2619/1767
f 2561/2700/1793 2560/2620/1793 2552/2623/1793 2553/2624/1793
f 2514/2698/1795 2516/2671/1795 2496/2694/1795 2497/2684/1795
f 2575/2701/1794 2573/2702/1794 2559/2621/1794 2560/2620/1794
f 2559/2696/1732 2558/2695/1732 2550/2628/1732 2551/2638/1732
f 2564/2703/1739 2544/2632/1739 2543/2704/1739 2566/2705/1739
f 2534/2706/1772 2486/2664/1772 2485/2663/1772 2533/2707/1772
f 2577/2708/1481 2562/2709/1481 2564/2703/1481 2575/2701/1481
f 2572/2642/1796 2540/2641/1796 2539/2710/1796 2574/2711/1796
f 2575/2701/1480 2564/2703/1480 2566/2705/1480 2573/2702/1480
f 2540/2641/1745 2532/2712/1745 2531/2713/1745 2539/2710/1745
f 2558/2695/1742 2557/2699/1742 2549/2619/1742 2550/2628/1742
f 2533/2707/1746 2485/2663/1746 2484/2714/1746 2532/2712/1746
f 2556/2658/1743 2555/2657/1743 2547/2659/1743 2548/2617/1743
f 2517/2715/1720 2507/2716/1720 2506/2717/1720 2515/2697/1720
f 2577/2708/1744 2575/2701/1744 2560/2620/1744 2561/2700/1744
f 2542/2718/1740 2534/2706/1740 2533/2707/1740 2541/2640/1740
f 2522/2635/1741 2524/2689/1741 2492/2692/1741 2493/2662/1741
f 2571/2646/1478 2568/2645/1478 2570/2639/1478 2569/2719/1478
f 2566/2644/1797 2543/2720/1797 2542/2718/1797 2568/2645/1797
f 2574/2721/1798 2539/2722/1798 2538/2723/1798 2576/2724/1798
f 2543/2720/1799 2535/2725/1799 2534/2706/1799 2542/2718/1799
f 2521/2634/1800 2519/2686/1800 2524/2689/1800 2522/2635/1800
f 2562/2709/1801 2545/2629/1801 2544/2632/1801 2564/2703/1801
f 2565/2651/1483 2574/2721/1483 2576/2724/1483 2563/2652/1483
f 2495/2666/1802 2494/2661/1802 2486/2664/1802 2487/2726/1802
f 2538/2723/1738 2530/2683/1738 2537/2630/1738 2545/2629/1738
f 2513/2648/1735 2505/2625/1735 2504/2675/1735 2512/2649/1735
f 2563/2652/1482 2576/2724/1482 2562/2709/1482 2577/2708/1482
f 2528/2614/1736 2514/2698/1736 2497/2684/1736 2490/2615/1736
f 2532/2712/1725 2484/2714/1725 2483/2727/1725 2531/2713/1725
f 2525/2681/1737 2511/2667/1737 2510/2609/1737 2523/2633/1737
f 2568/2645/1734 2542/2718/1734 2541/2640/1734 2570/2639/1734
f 2539/2722/1733 2531/2682/1733 2530/2683/1733 2538/2723/1733
f 2523/2633/1807 2510/2609/1807 2509/2612/1807 2521/2634/1807
f 2563/2652/1731 2577/2708/1731 2561/2700/1731 2554/2653/1731
f 2555/2654/1722 2554/2653/1722 2546/2627/1722 2547/2680/1722
f 2576/2724/1729 2538/2723/1729 2545/2629/1729 2562/2709/1729
f 2541/2640/1716 2533/2707/1716 2532/2712/1716 2540/2641/1716
f 2567/2655/1484 2572/2642/1484 2574/2711/1484 2565/2656/1484
f 2569/2719/1715 2567/2655/1715 2556/2658/1715 2557/2699/1715
f 2554/2653/1730 2561/2700/1730 2553/2624/1730 2546/2627/1730
f 2544/2632/1749 2536/2631/1749 2535/2678/1749 2543/2704/1749
f 2506/2717/1719 2498/2626/1719 2505/2625/1719 2513/2648/1719
f 2569/2719/1477 2570/2639/1477 2572/2642/1477 2567/2655/1477
f 2519/2686/1728 2508/2668/1728 2507/2728/1728 2517/2687/1728
f 2508/2668/1748 2500/2618/1748 2499/2660/1748 2507/2728/1748
f 2535/2725/1723 2487/2726/1723 2486/2664/1723 2534/2706/1723
f 2507/2716/1750 2499/2679/1750 2498/2626/1750 2506/2717/1750
f 2517/2715/1724 2515/2697/1724 2528/2614/1724 2526/2613/1724
f 2529/2647/1747 2527/2650/1747 2516/2671/1747 2514/2698/1747
f 2515/2697/1721 2506/2717/1721 2513/2648/1721 2529/2647/1721
f 2492/2692/1751 2491/2691/1751 2483/2727/1751 2484/2714/1751
f 2497/2684/1718 2496/2694/1718 2488/2676/1718 2489/2685/1718
f 2496/2694/1726 2495/2693/1726 2487/2677/1726 2488/2676/1726
f 2571/2646/1752 2569/2719/1752 2557/2699/1752 2558/2695/1752
f 2493/2662/1727 2492/2692/1727 2484/2714/1727 2485/2663/1727
f 2537/2630/1753 2489/2685/1753 2488/2676/1753 2536/2631/1753
f 2600/2729/1722 2601/2730/1722 2609/2731/1722 2608/2732/1722
f 2616/2733/1733 2624/2734/1733 2625/2735/1733 2617/2736/1733
f 2579/2737/1729 2617/2736/1729 2610/2738/1729 2593/2739/1729
f 2632/2740/1807 2645/2741/1807 2646/2742/1807 2634/2743/1807
f 2580/2744/1480 2591/2745/1480 2589/2746/1480 2582/2747/1480
f 2592/2748/1731 2578/2749/1731 2594/2750/1731 2601/2730/1731
f 2630/2751/1737 2644/2752/1737 2645/2741/1737 2632/2740/1737
f 2587/2753/1734 2613/2754/1734 2614/2755/1734 2585/2756/1734
f 2592/2748/1482 2579/2737/1482 2593/2739/1482 2578/2749/1482
f 2660/2757/1802 2661/2758/1802 2669/2759/1802 2668/2760/1802
f 2627/2761/1736 2641/2762/1736 2658/2763/1736 2665/2764/1736
f 2617/2736/1738 2625/2735/1738 2618/2765/1738 2610/2738/1738
f 2638/2766/1720 2648/2767/1720 2649/2768/1720 2640/2769/1720
f 2642/2770/1735 2650/2771/1735 2651/2772/1735 2643/2773/1735
f 2590/2774/1483 2581/2775/1483 2579/2737/1483 2592/2748/1483
f 2593/2739/1801 2610/2738/1801 2611/2776/1801 2591/2745/1801
f 2621/2777/1772 2669/2759/1772 2670/2778/1772 2622/2779/1772
f 2612/2780/1799 2620/2781/1799 2621/2777/1799 2613/2754/1799
f 2597/2782/1742 2598/2783/1742 2606/2784/1742 2605/2785/1742
f 2589/2786/1797 2612/2780/1797 2613/2754/1797 2587/2753/1797
f 2591/2745/1739 2611/2776/1739 2612/2787/1739 2589/2746/1739
f 2578/2749/1744 2580/2744/1744 2595/2788/1744 2594/2750/1744
f 2596/2789/1732 2597/2782/1732 2605/2785/1732 2604/2790/1732
f 2581/2775/1798 2616/2733/1798 2617/2736/1798 2579/2737/1798
f 2586/2791/1715 2588/2792/1715 2599/2793/1715 2598/2783/1715
f 2583/2794/1796 2615/2795/1796 2616/2796/1796 2581/2797/1796
f 2601/2730/1730 2594/2750/1730 2602/2798/1730 2609/2731/1730
f 2584/2799/1478 2587/2753/1478 2585/2756/1478 2586/2791/1478
f 2588/2792/1484 2583/2794/1484 2581/2797/1484 2590/2800/1484
f 2622/2779/1746 2670/2778/1746 2671/2801/1746 2623/2802/1746
f 2611/2776/1749 2619/2803/1749 2620/2804/1749 2612/2787/1749
f 2599/2793/1743 2600/2805/1743 2608/2806/1743 2607/2807/1743
f 2614/2755/1716 2622/2779/1716 2623/2802/1716 2615/2795/1716
f 2615/2795/1745 2623/2802/1745 2624/2808/1745 2616/2796/1745
f 2649/2768/1719 2657/2809/1719 2650/2771/1719 2642/2770/1719
f 2578/2749/1481 2593/2739/1481 2591/2745/1481 2580/2744/1481
f 2613/2754/1740 2621/2777/1740 2622/2779/1740 2614/2755/1740
f 2586/2791/1477 2585/2756/1477 2583/2794/1477 2588/2792/1477
f 2633/2810/1741 2631/2811/1741 2663/2812/1741 2662/2813/1741
f 2636/2814/1728 2647/2815/1728 2648/2816/1728 2638/2817/1728
f 2620/2781/1723 2668/2760/1723 2669/2759/1723 2621/2777/1723
f 2647/2815/1748 2655/2818/1748 2656/2819/1748 2648/2816/1748
f 2646/2742/1761 2654/2820/1761 2655/2818/1761 2647/2815/1761
f 2665/2764/1789 2658/2763/1789 2666/2821/1789 2673/2822/1789
f 2634/2743/1800 2636/2814/1800 2631/2811/1800 2633/2810/1800
f 2623/2802/1725 2671/2801/1725 2672/2823/1725 2624/2808/1725
f 2648/2767/1750 2656/2824/1750 2657/2809/1750 2649/2768/1750
f 2638/2766/1724 2640/2769/1724 2627/2761/1724 2629/2825/1724
f 2631/2811/1786 2629/2826/1786 2664/2827/1786 2663/2812/1786
f 2635/2828/1762 2633/2810/1762 2662/2813/1762 2661/2758/1762
f 2639/2829/1760 2637/2830/1760 2660/2831/1760 2659/2832/1760
f 2634/2743/1790 2646/2742/1790 2647/2815/1790 2636/2814/1790
f 2606/2784/1783 2654/2820/1783 2653/2833/1783 2605/2785/1783
f 2643/2773/1763 2651/2772/1763 2652/2834/1763 2644/2835/1763
f 2636/2814/1768 2638/2817/1768 2629/2826/1768 2631/2811/1768
f 2625/2735/1787 2673/2822/1787 2666/2821/1787 2618/2765/1787
f 2640/2769/1721 2649/2768/1721 2642/2770/1721 2626/2836/1721
f 2663/2812/1751 2664/2827/1751 2672/2823/1751 2671/2801/1751
f 2658/2763/1718 2659/2832/1718 2667/2837/1718 2666/2821/1718
f 2659/2832/1808 2660/2831/1808 2668/2838/1808 2667/2837/1808
f 2584/2799/1752 2586/2791/1752 2598/2783/1752 2597/2782/1752
f 2662/2813/1727 2663/2812/1727 2671/2801/1727 2670/2778/1727
f 2626/2836/1747 2628/2839/1747 2639/2829/1747 2641/2762/1747
f 2618/2765/1753 2666/2821/1753 2667/2837/1753 2619/2803/1753
f 2630/2751/1788 2632/2740/1788 2635/2828/1788 2637/2840/1788
f 2604/2841/1765 2652/2834/1765 2651/2772/1765 2603/2842/1765
f 2624/2734/1758 2672/2843/1758 2673/2822/1758 2625/2735/1758
f 2619/2803/1754 2667/2837/1754 2668/2838/1754 2620/2804/1754
f 2582/2844/1479 2589/2786/1479 2587/2753/1479 2584/2799/1479
f 2609/2731/1770 2657/2809/1770 2656/2824/1770 2608/2732/1770
f 2664/2845/1755 2665/2764/1755 2673/2822/1755 2672/2843/1755
f 2628/2839/1769 2630/2846/1769 2637/2830/1769 2639/2829/1769
f 2607/2807/1785 2655/2818/1785 2654/2820/1785 2606/2784/1785
f 2644/2752/1806 2652/2847/1806 2653/2833/1806 2645/2741/1806
f 2632/2740/1780 2634/2743/1780 2633/2810/1780 2635/2828/1780
f 2661/2758/1773 2662/2813/1773 2670/2778/1773 2669/2759/1773
f 2629/2825/1781 2627/2761/1781 2665/2764/1781 2664/2845/1781
f 2626/2836/1776 2642/2770/1776 2643/2773/1776 2628/2839/1776
f 2645/2741/1784 2653/2833/1784 2654/2820/1784 2646/2742/1784
f 2637/2840/1756 2635/2828/1756 2661/2758/1756 2660/2757/1756
f 2628/2839/1766 2643/2773/1766 2644/2835/1766 2630/2846/1766
f 2602/2798/1759 2650/2771/1759 2657/2809/1759 2609/2731/1759
f 2640/2769/1792 2626/2836/1792 2641/2762/1792 2627/2761/1792
f 2608/2806/1774 2656/2819/1774 2655/2818/1774 2607/2807/1774
f 2603/2842/1757 2651/2772/1757 2650/2771/1757 2602/2798/1757
f 2605/2785/1778 2653/2833/1778 2652/2847/1778 2604/2790/1778
f 2598/2783/1767 2599/2793/1767 2607/2807/1767 2606/2784/1767
f 2585/2756/1775 2614/2755/1775 2615/2795/1775 2583/2794/1775
f 2582/2844/1791 2584/2799/1791 2597/2782/1791 2596/2789/1791
f 2610/2738/1779 2618/2765/1779 2619/2803/1779 2611/2776/1779
f 2594/2750/1793 2595/2788/1793 2603/2842/1793 2602/2798/1793
f 2595/2788/1782 2596/2848/1782 2604/2841/1782 2603/2842/1782
f 2590/2774/1764 2592/2748/1764 2601/2730/1764 2600/2729/1764
f 2641/2762/1795 2639/2829/1795 2659/2832/1795 2658/2763/1795
f 2588/2792/1777 2590/2800/1777 2600/2805/1777 2599/2793/1777
f 2580/2744/1794 2582/2747/1794 2596/2848/1794 2595/2788/1794
f 2696/2849/1662 2697/2850/1662 2705/2851/1662 2704/2852/1662
f 2712/2853/1660 2720/2854/1660 2721/2855/1660 2713/2856/1660
f 2675/2857/1656 2713/2856/1656 2706/2858/1656 2689/2859/1656
f 2728/2860/1670 2741/2861/1670 2742/2862/1670 2730/2863/1670
f 2676/2864/1482 2687/2865/1482 2685/2866/1482 2678/2867/1482
f 2688/2868/1638 2674/2869/1638 2690/2870/1638 2697/2850/1638
f 2726/2871/1668 2740/2872/1668 2741/2861/1668 2728/2860/1668
f 2683/2873/1658 2709/2874/1658 2710/2875/1658 2681/2876/1658
f 2688/2868/1484 2675/2857/1484 2689/2859/1484 2674/2869/1484
f 2756/2877/1666 2757/2878/1666 2765/2879/1666 2764/2880/1666
f 2723/2881/1652 2737/2882/1652 2754/2883/1652 2761/2884/1652
f 2713/2856/1661 2721/2855/1661 2714/2885/1661 2706/2858/1661
f 2734/2886/1671 2744/2887/1671 2745/2888/1671 2736/2889/1671
f 2738/2890/1673 2746/2891/1673 2747/2892/1673 2739/2893/1673
f 2686/2894/1477 2677/2895/1477 2675/2857/1477 2688/2868/1477
f 2689/2859/1659 2706/2858/1659 2707/2896/1659 2687/2865/1659
f 2717/2897/1663 2765/2879/1663 2766/2898/1663 2718/2899/1663
f 2708/2900/1657 2716/2901/1657 2717/2897/1657 2709/2874/1657
f 2693/2902/1629 2694/2903/1629 2702/2904/1629 2701/2905/1629
f 2685/2906/1655 2708/2900/1655 2709/2874/1655 2683/2873/1655
f 2687/2865/1654 2707/2896/1654 2708/2907/1654 2685/2866/1654
f 2674/2869/1649 2676/2864/1649 2691/2908/1649 2690/2870/1649
f 2692/2909/1651 2693/2902/1651 2701/2905/1651 2700/2910/1651
f 2677/2895/1653 2712/2853/1653 2713/2856/1653 2675/2857/1653
f 2682/2911/1648 2684/2912/1648 2695/2913/1648 2694/2903/1648
f 2679/2914/1650 2711/2915/1650 2712/2916/1650 2677/2917/1650
f 2697/2850/1630 2690/2870/1630 2698/2918/1630 2705/2851/1630
f 2680/2919/1480 2683/2873/1480 2681/2876/1480 2682/2911/1480
f 2684/2912/1478 2679/2914/1478 2677/2917/1478 2686/2920/1478
f 2718/2899/1635 2766/2898/1635 2767/2921/1635 2719/2922/1635
f 2707/2896/1637 2715/2923/1637 2716/2924/1637 2708/2907/1637
f 2695/2913/1639 2696/2925/1639 2704/2926/1639 2703/2927/1639
f 2710/2875/1634 2718/2899/1634 2719/2922/1634 2711/2915/1634
f 2711/2915/1636 2719/2922/1636 2720/2928/1636 2712/2916/1636
f 2745/2888/1667 2753/2929/1667 2746/2891/1667 2738/2890/1667
f 2674/2869/1483 2689/2859/1483 2687/2865/1483 2676/2864/1483
f 2709/2874/1664 2717/2897/1664 2718/2899/1664 2710/2875/1664
f 2682/2911/1479 2681/2876/1479 2679/2914/1479 2684/2912/1479
f 2729/2930/1665 2727/2931/1665 2759/2932/1665 2758/2933/1665
f 2732/2934/1669 2743/2935/1669 2744/2936/1669 2734/2937/1669
f 2716/2901/1672 2764/2880/1672 2765/2879/1672 2717/2897/1672
f 2743/2935/1674 2751/2938/1674 2752/2939/1674 2744/2936/1674
f 2742/2862/1609 2750/2940/1609 2751/2938/1609 2743/2935/1609
f 2761/2884/1607 2754/2883/1607 2762/2941/1607 2769/2942/1607
f 2730/2863/1603 2732/2934/1603 2727/2931/1603 2729/2930/1603
f 2719/2922/1622 2767/2921/1622 2768/2943/1622 2720/2928/1622
f 2744/2887/1612 2752/2944/1612 2753/2929/1612 2745/2888/1612
f 2734/2886/1591 2736/2889/1591 2723/2881/1591 2725/2945/1591
f 2727/2931/1620 2725/2946/1620 2760/2947/1620 2759/2932/1620
f 2731/2948/1605 2729/2930/1605 2758/2933/1605 2757/2878/1605
f 2735/2949/1616 2733/2950/1616 2756/2951/1616 2755/2952/1616
f 2730/2863/1618 2742/2862/1618 2743/2935/1618 2732/2934/1618
f 2702/2904/1599 2750/2940/1599 2749/2953/1599 2701/2905/1599
f 2739/2893/1608 2747/2892/1608 2748/2954/1608 2740/2955/1608
f 2732/2934/1623 2734/2937/1623 2725/2946/1623 2727/2931/1623
f 2721/2855/1625 2769/2942/1625 2762/2941/1625 2714/2885/1625
f 2736/2889/1614 2745/2888/1614 2738/2890/1614 2722/2956/1614
f 2759/2932/1606 2760/2947/1606 2768/2943/1606 2767/2921/1606
f 2754/2883/1610 2755/2952/1610 2763/2957/1610 2762/2941/1610
f 2755/2952/1604 2756/2951/1604 2764/2958/1604 2763/2957/1604
f 2680/2919/1631 2682/2911/1631 2694/2903/1631 2693/2902/1631
f 2758/2933/1602 2759/2932/1602 2767/2921/1602 2766/2898/1602
f 2722/2956/1601 2724/2959/1601 2735/2949/1601 2737/2882/1601
f 2714/2885/1596 2762/2941/1596 2763/2957/1596 2715/2923/1596
f 2726/2871/1598 2728/2860/1598 2731/2948/1598 2733/2960/1598
f 2700/2961/1600 2748/2954/1600 2747/2892/1600 2699/2962/1600
f 2720/2854/1595 2768/2963/1595 2769/2942/1595 2721/2855/1595
f 2715/2923/1597 2763/2957/1597 2764/2958/1597 2716/2924/1597
f 2678/2964/1481 2685/2906/1481 2683/2873/1481 2680/2919/1481
f 2705/2851/1593 2753/2929/1593 2752/2944/1593 2704/2852/1593
f 2760/2965/1594 2761/2884/1594 2769/2942/1594 2768/2963/1594
f 2724/2959/1588 2726/2966/1588 2733/2950/1588 2735/2949/1588
f 2703/2927/1590 2751/2938/1590 2750/2940/1590 2702/2904/1590
f 2740/2872/1592 2748/2967/1592 2749/2953/1592 2741/2861/1592
f 2728/2860/1587 2730/2863/1587 2729/2930/1587 2731/2948/1587
f 2757/2878/1589 2758/2933/1589 2766/2898/1589 2765/2879/1589
f 2725/2945/1619 2723/2881/1619 2761/2884/1619 2760/2965/1619
f 2722/2956/1615 2738/2890/1615 2739/2893/1615 2724/2959/1615
f 2741/2861/1611 2749/2953/1611 2750/2940/1611 2742/2862/1611
f 2733/2960/1613 2731/2948/1613 2757/2878/1613 2756/2877/1613
f 2724/2959/1617 2739/2893/1617 2740/2955/1617 2726/2966/1617
f 2698/2918/1621 2746/2891/1621 2753/2929/1621 2705/2851/1621
f 2736/2889/1624 2722/2956/1624 2737/2882/1624 2723/2881/1624
f 2704/2926/1626 2752/2939/1626 2751/2938/1626 2703/2927/1626
f 2699/2962/1628 2747/2892/1628 2746/2891/1628 2698/2918/1628
f 2701/2905/1627 2749/2953/1627 2748/2967/1627 2700/2910/1627
f 2694/2903/1632 2695/2913/1632 2703/2927/1632 2702/2904/1632
f 2681/2876/1633 2710/2875/1633 2711/2915/1633 2679/2914/1633
f 2678/2964/1646 2680/2919/1646 2693/2902/1646 2692/2909/1646
f 2706/2858/1640 2714/2885/1640 2715/2923/1640 2707/2896/1640
f 2690/2870/1641 2691/2908/1641 2699/2962/1641 2698/2918/1641
f 2691/2908/1642 2692/2968/1642 2700/2961/1642 2699/2962/1642
f 2686/2894/1643 2688/2868/1643 2697/2850/1643 2696/2849/1643
f 2737/2882/1804 2735/2949/1804 2755/2952/1804 2754/2883/1804
f 2684/2912/1645 2686/2920/1645 2696/2925/1645 2695/2913/1645
f 2676/2864/1647 2678/2867/1647 2692/2968/1647 2691/2908/1647
f 2811/2969/1780 2809/2970/1780 2810/2971/1780 2808/2972/1780
f 2815/2973/1769 2813/2974/1769 2806/2975/1769 2804/2976/1769
f 2782/2977/1773 2781/2978/1773 2773/2979/1773 2774/2980/1773
f 2836/2981/1785 2788/2982/1785 2789/2983/1785 2837/2984/1785
f 2805/2985/1724 2803/2986/1724 2816/2987/1724 2814/2988/1724
f 2799/2989/1771 2791/2990/1771 2790/2991/1771 2798/2992/1771
f 2834/2993/1770 2786/2994/1770 2787/2995/1770 2835/2996/1770
f 2779/2997/1755 2778/2998/1755 2770/2999/1755 2771/3000/1755
f 2819/3001/1758 2771/3000/1758 2770/2999/1758 2818/3002/1758
f 2825/3003/1753 2777/3004/1753 2776/3005/1753 2824/3006/1753
f 2824/3006/1754 2776/3005/1754 2775/3007/1754 2823/3008/1754
f 2813/3009/1788 2811/2969/1788 2808/2972/1788 2806/3010/1788
f 2837/2984/1783 2789/2983/1783 2790/2991/1783 2838/3011/1783
f 2839/3012/1765 2791/3013/1765 2792/3014/1765 2840/3015/1765
f 2817/3016/1747 2815/2973/1747 2804/2976/1747 2802/3017/1747
f 2781/2978/1727 2780/3018/1727 2772/3019/1727 2773/2979/1727
f 2809/2970/1800 2807/3020/1800 2812/3021/1800 2810/2971/1800
f 2784/3022/1726 2783/3023/1726 2775/3007/1726 2776/3005/1726
f 2808/2972/1762 2810/2971/1762 2781/2978/1762 2782/2977/1762
f 2780/3018/1751 2779/3024/1751 2771/3025/1751 2772/3019/1751
f 2778/2998/1789 2785/3026/1789 2777/3004/1789 2770/2999/1789
f 2800/3027/1763 2792/3014/1763 2791/3013/1763 2799/3028/1763
f 2797/3029/1761 2789/2983/1761 2788/2982/1761 2796/3030/1761
f 2785/3026/1718 2784/3022/1718 2776/3005/1718 2777/3004/1718
f 2798/2992/1784 2790/2991/1784 2789/2983/1784 2797/3029/1784
f 2795/3031/1750 2787/2995/1750 2786/2994/1750 2794/3032/1750
f 2806/3010/1756 2808/2972/1756 2782/2977/1756 2783/3033/1756
f 2803/2986/1721 2794/3032/1721 2801/3034/1721 2817/3016/1721
f 2817/3016/1776 2801/3034/1776 2800/3027/1776 2815/2973/1776
f 2804/2976/1760 2806/2975/1760 2783/3023/1760 2784/3022/1760
f 2815/2973/1766 2800/3027/1766 2799/3028/1766 2813/2974/1766
f 2809/2970/1790 2797/3029/1790 2796/3030/1790 2807/3020/1790
f 2814/2988/1781 2816/2987/1781 2778/2998/1781 2779/2997/1781
f 2812/3021/1786 2814/3035/1786 2779/3024/1786 2780/3018/1786
f 2841/3036/1759 2793/3037/1759 2786/2994/1759 2834/2993/1759
f 2820/3038/1725 2772/3019/1725 2771/3025/1725 2819/3039/1725
f 2807/3020/1768 2805/3040/1768 2814/3035/1768 2812/3021/1768
f 2803/2986/1792 2817/3016/1792 2802/3017/1792 2816/2987/1792
f 2818/3002/1787 2770/2999/1787 2777/3004/1787 2825/3003/1787
f 2835/3041/1774 2787/3042/1774 2788/2982/1774 2836/2981/1774
f 2838/3011/1778 2790/2991/1778 2791/2990/1778 2839/3043/1778
f 2840/3015/1757 2792/3014/1757 2793/3037/1757 2841/3036/1757
f 2846/3044/1742 2845/3045/1742 2837/2984/1742 2838/3011/1742
f 2842/3046/1730 2849/3047/1730 2841/3036/1730 2834/2993/1730
f 2859/3048/1752 2857/3049/1752 2845/3045/1752 2846/3044/1752
f 2861/3050/1479 2854/3051/1479 2856/3052/1479 2859/3048/1479
f 2845/3045/1767 2844/3053/1767 2836/2981/1767 2837/2984/1767
f 2858/3054/1775 2829/3055/1775 2828/3056/1775 2860/3057/1775
f 2829/3055/1716 2821/3058/1716 2820/3038/1716 2828/3056/1716
f 2821/3058/1746 2773/2979/1746 2772/3019/1746 2820/3038/1746
f 2828/3056/1745 2820/3038/1745 2819/3039/1745 2827/3059/1745
f 2832/3060/1749 2824/3006/1749 2823/3008/1749 2831/3061/1749
f 2851/3062/1731 2865/3063/1731 2849/3047/1731 2842/3046/1731
f 2844/3053/1743 2843/3064/1743 2835/3041/1743 2836/2981/1743
f 2859/3048/1478 2856/3052/1478 2858/3054/1478 2857/3049/1478
f 2855/3065/1484 2860/3057/1484 2862/3066/1484 2853/3067/1484
f 2833/3068/1779 2825/3003/1779 2824/3006/1779 2832/3060/1779
f 2849/3047/1793 2848/3069/1793 2840/3015/1793 2841/3036/1793
f 2848/3069/1782 2847/3070/1782 2839/3012/1782 2840/3015/1782
f 2853/3071/1764 2851/3062/1764 2842/3046/1764 2843/3072/1764
f 2802/3017/1795 2804/2976/1795 2784/3022/1795 2785/3026/1795
f 2855/3065/1777 2853/3067/1777 2843/3064/1777 2844/3053/1777
f 2861/3050/1791 2859/3048/1791 2846/3044/1791 2847/3073/1791
f 2863/3074/1794 2861/3075/1794 2847/3070/1794 2848/3069/1794
f 2857/3049/1715 2855/3065/1715 2844/3053/1715 2845/3045/1715
f 2865/3063/1744 2863/3074/1744 2848/3069/1744 2849/3047/1744
f 2860/3057/1796 2828/3056/1796 2827/3059/1796 2862/3066/1796
f 2847/3073/1732 2846/3044/1732 2838/3011/1732 2839/3043/1732
f 2816/2987/1736 2802/3017/1736 2785/3026/1736 2778/2998/1736
f 2862/3076/1798 2827/3077/1798 2826/3078/1798 2864/3079/1798
f 2852/3080/1739 2832/3060/1739 2831/3061/1739 2854/3081/1739
f 2854/3051/1797 2831/3082/1797 2830/3083/1797 2856/3052/1797
f 2864/3079/1729 2826/3078/1729 2833/3068/1729 2850/3084/1729
f 2831/3082/1799 2823/3085/1799 2822/3086/1799 2830/3083/1799
f 2856/3052/1734 2830/3083/1734 2829/3055/1734 2858/3054/1734
f 2850/3084/1801 2833/3068/1801 2832/3060/1801 2852/3080/1801
f 2827/3077/1733 2819/3001/1733 2818/3002/1733 2826/3078/1733
f 2826/3078/1738 2818/3002/1738 2825/3003/1738 2833/3068/1738
f 2843/3072/1722 2842/3046/1722 2834/2993/1722 2835/2996/1722
f 2822/3086/1772 2774/2980/1772 2773/2979/1772 2821/3058/1772
f 2830/3083/1740 2822/3086/1740 2821/3058/1740 2829/3055/1740
f 2863/3074/1480 2852/3080/1480 2854/3081/1480 2861/3075/1480
f 2857/3049/1477 2858/3054/1477 2860/3057/1477 2855/3065/1477
f 2853/3071/1483 2862/3076/1483 2864/3079/1483 2851/3062/1483
f 2865/3063/1481 2850/3084/1481 2852/3080/1481 2863/3074/1481
f 2851/3062/1482 2864/3079/1482 2850/3084/1482 2865/3063/1482
f 2810/2971/1741 2812/3021/1741 2780/3018/1741 2781/2978/1741
f 2783/3033/1802 2782/2977/1802 2774/2980/1802 2775/3087/1802
f 2794/3032/1719 2786/2994/1719 2793/3037/1719 2801/3034/1719
f 2813/3009/1737 2799/2989/1737 2798/2992/1737 2811/2969/1737
f 2807/3020/1728 2796/3030/1728 2795/3088/1728 2805/3040/1728
f 2811/2969/1717 2798/2992/1717 2797/3029/1717 2809/2970/1717
f 2805/2985/1720 2795/3031/1720 2794/3032/1720 2803/2986/1720
f 2823/3085/1723 2775/3087/1723 2774/2980/1723 2822/3086/1723
f 2801/3034/1735 2793/3037/1735 2792/3014/1735 2800/3027/1735
f 2796/3030/1748 2788/2982/1748 2787/3042/1748 2795/3088/1748
f 2875/3089/1658 2901/3090/1658 2902/3091/1658 2873/3092/1658
f 2877/3093/1655 2900/3094/1655 2901/3090/1655 2875/3089/1655
f 2881/3095/1659 2898/3096/1659 2899/3097/1659 2879/3098/1659
f 2867/3099/1656 2905/3100/1656 2898/3096/1656 2881/3095/1656
f 2873/3092/1633 2902/3091/1633 2903/3101/1633 2871/3102/1633
f 2900/3094/1657 2908/3103/1657 2909/3104/1657 2901/3090/1657
f 2869/3105/1653 2904/3106/1653 2905/3100/1653 2867/3099/1653
f 2879/3098/1654 2899/3097/1654 2900/3107/1654 2877/3108/1654
f 2871/3102/1650 2903/3101/1650 2904/3109/1650 2869/3110/1650
f 2868/3111/1647 2870/3112/1647 2884/3113/1647 2883/3114/1647
f 2884/3115/1651 2885/3116/1651 2893/3117/1651 2892/3118/1651
f 2874/3119/1648 2876/3120/1648 2887/3121/1648 2886/3122/1648
f 2880/3123/1638 2866/3124/1638 2882/3125/1638 2889/3126/1638
f 2866/3124/1649 2868/3111/1649 2883/3114/1649 2882/3125/1649
f 2870/3127/1646 2872/3128/1646 2885/3116/1646 2884/3115/1646
f 2876/3120/1645 2878/3129/1645 2888/3130/1645 2887/3121/1645
f 2872/3128/1631 2874/3119/1631 2886/3122/1631 2885/3116/1631
f 2878/3131/1643 2880/3123/1643 2889/3126/1643 2888/3132/1643
f 2910/3133/1635 2958/3134/1635 2959/3135/1635 2911/3136/1635
f 2882/3125/1641 2883/3114/1641 2891/3137/1641 2890/3138/1641
f 2889/3126/1630 2882/3125/1630 2890/3138/1630 2897/3139/1630
f 2887/3121/1639 2888/3130/1639 2896/3140/1639 2895/3141/1639
f 2885/3116/1629 2886/3122/1629 2894/3142/1629 2893/3117/1629
f 2883/3114/1642 2884/3113/1642 2892/3143/1642 2891/3137/1642
f 2888/3132/1662 2889/3126/1662 2897/3139/1662 2896/3144/1662
f 2886/3122/1632 2887/3121/1632 2895/3141/1632 2894/3142/1632
f 2909/3104/1663 2957/3145/1663 2958/3134/1663 2910/3133/1663
f 2898/3096/1640 2906/3146/1640 2907/3147/1640 2899/3097/1640
f 2905/3100/1661 2913/3148/1661 2906/3146/1661 2898/3096/1661
f 2903/3101/1636 2911/3136/1636 2912/3149/1636 2904/3109/1636
f 2901/3090/1664 2909/3104/1664 2910/3133/1664 2902/3091/1664
f 2899/3097/1637 2907/3147/1637 2908/3150/1637 2900/3107/1637
f 2904/3106/1660 2912/3151/1660 2913/3148/1660 2905/3100/1660
f 2902/3091/1634 2910/3133/1634 2911/3136/1634 2903/3101/1634
f 2868/3111/1482 2879/3098/1482 2877/3108/1482 2870/3112/1482
f 2870/3127/1481 2877/3093/1481 2875/3089/1481 2872/3128/1481
f 2872/3128/1480 2875/3089/1480 2873/3092/1480 2874/3119/1480
f 2874/3119/1479 2873/3092/1479 2871/3102/1479 2876/3120/1479
f 2876/3120/1478 2871/3102/1478 2869/3110/1478 2878/3129/1478
f 2878/3131/1477 2869/3105/1477 2867/3099/1477 2880/3123/1477
f 2880/3123/1484 2867/3099/1484 2881/3095/1484 2866/3124/1484
f 2866/3124/1483 2881/3095/1483 2879/3098/1483 2868/3111/1483
f 2923/3152/1605 2921/3153/1605 2950/3154/1605 2949/3155/1605
f 2925/3156/1613 2923/3152/1613 2949/3155/1613 2948/3157/1613
f 2929/3158/1804 2927/3159/1804 2947/3160/1804 2946/3161/1804
f 2915/3162/1652 2929/3158/1652 2946/3161/1652 2953/3163/1652
f 2921/3153/1665 2919/3164/1665 2951/3165/1665 2950/3154/1665
f 2948/3157/1666 2949/3155/1666 2957/3145/1666 2956/3166/1666
f 2917/3167/1619 2915/3162/1619 2953/3163/1619 2952/3168/1619
f 2927/3159/1616 2925/3169/1616 2948/3170/1616 2947/3160/1616
f 2919/3164/1620 2917/3171/1620 2952/3172/1620 2951/3165/1620
f 2916/3173/1617 2931/3174/1617 2932/3175/1617 2918/3176/1617
f 2932/3177/1592 2940/3178/1592 2941/3179/1592 2933/3180/1592
f 2922/3181/1618 2934/3182/1618 2935/3183/1618 2924/3184/1618
f 2928/3185/1614 2937/3186/1614 2930/3187/1614 2914/3188/1614
f 2914/3188/1615 2930/3187/1615 2931/3174/1615 2916/3173/1615
f 2918/3189/1668 2932/3177/1668 2933/3180/1668 2920/3190/1668
f 2924/3184/1669 2935/3183/1669 2936/3191/1669 2926/3192/1669
f 2920/3190/1670 2933/3180/1670 2934/3182/1670 2922/3181/1670
f 2926/3193/1671 2936/3194/1671 2937/3186/1671 2928/3185/1671
f 2908/3103/1672 2956/3166/1672 2957/3145/1672 2909/3104/1672
f 2930/3187/1673 2938/3195/1673 2939/3196/1673 2931/3174/1673
f 2937/3186/1667 2945/3197/1667 2938/3195/1667 2930/3187/1667
f 2935/3183/1674 2943/3198/1674 2944/3199/1674 2936/3191/1674
f 2933/3180/1611 2941/3179/1611 2942/3200/1611 2934/3182/1611
f 2931/3174/1608 2939/3196/1608 2940/3201/1608 2932/3175/1608
f 2936/3194/1612 2944/3202/1612 2945/3197/1612 2937/3186/1612
f 2934/3182/1609 2942/3200/1609 2943/3198/1609 2935/3183/1609
f 2907/3147/1597 2955/3203/1597 2956/3204/1597 2908/3150/1597
f 2946/3161/1610 2947/3160/1610 2955/3203/1610 2954/3205/1610
f 2953/3163/1607 2946/3161/1607 2954/3205/1607 2961/3206/1607
f 2951/3165/1606 2952/3172/1606 2960/3207/1606 2959/3135/1606
f 2949/3155/1589 2950/3154/1589 2958/3134/1589 2957/3145/1589
f 2947/3160/1604 2948/3170/1604 2956/3204/1604 2955/3203/1604
f 2952/3168/1594 2953/3163/1594 2961/3206/1594 2960/3208/1594
f 2950/3154/1602 2951/3165/1602 2959/3135/1602 2958/3134/1602
f 2916/3173/1588 2918/3176/1588 2925/3169/1588 2927/3159/1588
f 2918/3189/1598 2920/3190/1598 2923/3152/1598 2925/3156/1598
f 2920/3190/1587 2922/3181/1587 2921/3153/1587 2923/3152/1587
f 2922/3181/1603 2924/3184/1603 2919/3164/1603 2921/3153/1603
f 2924/3184/1623 2926/3192/1623 2917/3171/1623 2919/3164/1623
f 2926/3193/1591 2928/3185/1591 2915/3162/1591 2917/3167/1591
f 2928/3185/1624 2914/3188/1624 2929/3158/1624 2915/3162/1624
f 2914/3188/1601 2916/3173/1601 2927/3159/1601 2929/3158/1601
f 2911/3136/1622 2959/3135/1622 2960/3207/1622 2912/3149/1622
f 2912/3151/1595 2960/3208/1595 2961/3206/1595 2913/3148/1595
f 2913/3148/1625 2961/3206/1625 2954/3205/1625 2906/3146/1625
f 2906/3146/1596 2954/3205/1596 2955/3203/1596 2907/3147/1596
f 2890/3138/1621 2938/3195/1621 2945/3197/1621 2897/3139/1621
f 2897/3139/1593 2945/3197/1593 2944/3202/1593 2896/3144/1593
f 2896/3140/1626 2944/3199/1626 2943/3198/1626 2895/3141/1626
f 2895/3141/1590 2943/3198/1590 2942/3200/1590 2894/3142/1590
f 2894/3142/1599 2942/3200/1599 2941/3179/1599 2893/3117/1599
f 2893/3117/1627 2941/3179/1627 2940/3178/1627 2892/3118/1627
f 2892/3143/1600 2940/3201/1600 2939/3196/1600 2891/3137/1600
f 2891/3137/1628 2939/3196/1628 2938/3195/1628 2890/3138/1628
f 2971/3209/1734 2997/3210/1734 2998/3211/1734 2969/3212/1734
f 2973/3213/1797 2996/3214/1797 2997/3210/1797 2971/3209/1797
f 2977/3215/1801 2994/3216/1801 2995/3217/1801 2975/3218/1801
f 2963/3219/1729 3001/3220/1729 2994/3216/1729 2977/3215/1729
f 2969/3212/1775 2998/3211/1775 2999/3221/1775 2967/3222/1775
f 2996/3214/1799 3004/3223/1799 3005/3224/1799 2997/3210/1799
f 2965/3225/1798 3000/3226/1798 3001/3220/1798 2963/3219/1798
f 2975/3218/1739 2995/3217/1739 2996/3227/1739 2973/3228/1739
f 2967/3222/1796 2999/3221/1796 3000/3229/1796 2965/3230/1796
f 2964/3231/1794 2966/3232/1794 2980/3233/1794 2979/3234/1794
f 2980/3235/1732 2981/3236/1732 2989/3237/1732 2988/3238/1732
f 2970/3239/1715 2972/3240/1715 2983/3241/1715 2982/3242/1715
f 2976/3243/1731 2962/3244/1731 2978/3245/1731 2985/3246/1731
f 2962/3244/1744 2964/3231/1744 2979/3234/1744 2978/3245/1744
f 2966/3247/1791 2968/3248/1791 2981/3236/1791 2980/3235/1791
f 2972/3240/1777 2974/3249/1777 2984/3250/1777 2983/3241/1777
f 2968/3248/1752 2970/3239/1752 2982/3242/1752 2981/3236/1752
f 2974/3251/1764 2976/3243/1764 2985/3246/1764 2984/3252/1764
f 3006/3253/1746 3054/3254/1746 3055/3255/1746 3007/3256/1746
f 2978/3245/1793 2979/3234/1793 2987/3257/1793 2986/3258/1793
f 2985/3246/1730 2978/3245/1730 2986/3258/1730 2993/3259/1730
f 2983/3241/1743 2984/3250/1743 2992/3260/1743 2991/3261/1743
f 2981/3236/1742 2982/3242/1742 2990/3262/1742 2989/3237/1742
f 2979/3234/1782 2980/3233/1782 2988/3263/1782 2987/3257/1782
f 2984/3252/1722 2985/3246/1722 2993/3259/1722 2992/3264/1722
f 2982/3242/1767 2983/3241/1767 2991/3261/1767 2990/3262/1767
f 3005/3224/1772 3053/3265/1772 3054/3254/1772 3006/3253/1772
f 2994/3216/1779 3002/3266/1779 3003/3267/1779 2995/3217/1779
f 3001/3220/1738 3009/3268/1738 3002/3266/1738 2994/3216/1738
f 2999/3221/1745 3007/3256/1745 3008/3269/1745 3000/3229/1745
f 2997/3210/1740 3005/3224/1740 3006/3253/1740 2998/3211/1740
f 2995/3217/1749 3003/3267/1749 3004/3270/1749 2996/3227/1749
f 3000/3226/1733 3008/3271/1733 3009/3268/1733 3001/3220/1733
f 2998/3211/1716 3006/3253/1716 3007/3256/1716 2999/3221/1716
f 2964/3231/1480 2975/3218/1480 2973/3228/1480 2966/3232/1480
f 2966/3247/1479 2973/3213/1479 2971/3209/1479 2968/3248/1479
f 2968/3248/1478 2971/3209/1478 2969/3212/1478 2970/3239/1478
f 2970/3239/1477 2969/3212/1477 2967/3222/1477 2972/3240/1477
f 2972/3240/1484 2967/3222/1484 2965/3230/1484 2974/3249/1484
f 2974/3251/1483 2965/3225/1483 2963/3219/1483 2976/3243/1483
f 2976/3243/1482 2963/3219/1482 2977/3215/1482 2962/3244/1482
f 2962/3244/1481 2977/3215/1481 2975/3218/1481 2964/3231/1481
f 3019/3272/1762 3017/3273/1762 3046/3274/1762 3045/3275/1762
f 3021/3276/1756 3019/3272/1756 3045/3275/1756 3044/3277/1756
f 3025/3278/1795 3023/3279/1795 3043/3280/1795 3042/3281/1795
f 3011/3282/1736 3025/3278/1736 3042/3281/1736 3049/3283/1736
f 3017/3273/1741 3015/3284/1741 3047/3285/1741 3046/3274/1741
f 3044/3277/1802 3045/3275/1802 3053/3265/1802 3052/3286/1802
f 3013/3287/1781 3011/3282/1781 3049/3283/1781 3048/3288/1781
f 3023/3279/1760 3021/3289/1760 3044/3290/1760 3043/3280/1760
f 3015/3284/1786 3013/3291/1786 3048/3292/1786 3047/3285/1786
f 3012/3293/1766 3027/3294/1766 3028/3295/1766 3014/3296/1766
f 3028/3297/1806 3036/3298/1806 3037/3299/1806 3029/3300/1806
f 3018/3301/1790 3030/3302/1790 3031/3303/1790 3020/3304/1790
f 3024/3305/1721 3033/3306/1721 3026/3307/1721 3010/3308/1721
f 3010/3308/1776 3026/3307/1776 3027/3294/1776 3012/3293/1776
f 3014/3309/1737 3028/3297/1737 3029/3300/1737 3016/3310/1737
f 3020/3304/1728 3031/3303/1728 3032/3311/1728 3022/3312/1728
f 3016/3310/1717 3029/3300/1717 3030/3302/1717 3018/3301/1717
f 3022/3313/1720 3032/3314/1720 3033/3306/1720 3024/3305/1720
f 3004/3223/1723 3052/3286/1723 3053/3265/1723 3005/3224/1723
f 3026/3307/1735 3034/3315/1735 3035/3316/1735 3027/3294/1735
f 3033/3306/1719 3041/3317/1719 3034/3315/1719 3026/3307/1719
f 3031/3303/1748 3039/3318/1748 3040/3319/1748 3032/3311/1748
f 3029/3300/1784 3037/3299/1784 3038/3320/1784 3030/3302/1784
f 3027/3294/1763 3035/3316/1763 3036/3321/1763 3028/3295/1763
f 3032/3314/1750 3040/3322/1750 3041/3317/1750 3033/3306/1750
f 3030/3302/1761 3038/3320/1761 3039/3318/1761 3031/3303/1761
f 3003/3267/1754 3051/3323/1754 3052/3324/1754 3004/3270/1754
f 3042/3281/1718 3043/3280/1718 3051/3323/1718 3050/3325/1718
f 3049/3283/1789 3042/3281/1789 3050/3325/1789 3057/3326/1789
f 3047/3285/1751 3048/3292/1751 3056/3327/1751 3055/3255/1751
f 3045/3275/1773 3046/3274/1773 3054/3254/1773 3053/3265/1773
f 3043/3280/1726 3044/3290/1726 3052/3324/1726 3051/3323/1726
f 3048/3288/1755 3049/3283/1755 3057/3326/1755 3056/3328/1755
f 3046/3274/1727 3047/3285/1727 3055/3255/1727 3054/3254/1727
f 3012/3293/1769 3014/3296/1769 3021/3289/1769 3023/3279/1769
f 3014/3309/1788 3016/3310/1788 3019/3272/1788 3021/3276/1788
f 3016/3310/1780 3018/3301/1780 3017/3273/1780 3019/3272/1780
f 3018/3301/1800 3020/3304/1800 3015/3284/1800 3017/3273/1800
f 3020/3304/1768 3022/3312/1768 3013/3291/1768 3015/3284/1768
f 3022/3313/1724 3024/3305/1724 3011/3282/1724 3013/3287/1724
f 3024/3305/1792 3010/3308/1792 3025/3278/1792 3011/3282/1792
f 3010/3308/1747 3012/3293/1747 3023/3279/1747 3025/3278/1747
f 3007/3256/1725 3055/3255/1725 3056/3327/1725 3008/3269/1725
f 3008/3271/1758 3056/3328/1758 3057/3326/1758 3009/3268/1758
f 3009/3268/1787 3057/3326/1787 3050/3325/1787 3002/3266/1787
f 3002/3266/1753 3050/3325/1753 3051/3323/1753 3003/3267/1753
f 2986/3258/1759 3034/3315/1759 3041/3317/1759 2993/3259/1759
f 2993/3259/1770 3041/3317/1770 3040/3322/1770 2992/3264/1770
f 2992/3260/1774 3040/3319/1774 3039/3318/1774 2991/3261/1774
f 2991/3261/1785 3039/3318/1785 3038/3320/1785 2990/3262/1785
f 2990/3262/1783 3038/3320/1783 3037/3299/1783 2989/3237/1783
f 2989/3237/1778 3037/3299/1778 3036/3298/1778 2988/3238/1778
f 2988/3263/1765 3036/3321/1765 3035/3316/1765 2987/3257/1765
f 2987/3257/1757 3035/3316/1757 3034/3315/1757 2986/3258/1757
f 3066/3329/1715 3068/3330/1715 3079/3331/1715 3078/3332/1715
f 3094/3333/1716 3102/3334/1716 3103/3335/1716 3095/3336/1716
f 3112/3337/1717 3125/3338/1717 3126/3339/1717 3114/3340/1717
f 3138/3341/1718 3139/3342/1718 3147/3343/1718 3146/3344/1718
f 3129/3345/1719 3137/3346/1719 3130/3347/1719 3122/3348/1719
f 3118/3349/1720 3128/3350/1720 3129/3345/1720 3120/3351/1720
f 3120/3351/1721 3129/3345/1721 3122/3348/1721 3106/3352/1721
f 3080/3353/1722 3081/3354/1722 3089/3355/1722 3088/3356/1722
f 3100/3357/1723 3148/3358/1723 3149/3359/1723 3101/3360/1723
f 3118/3349/1724 3120/3351/1724 3107/3361/1724 3109/3362/1724
f 3103/3335/1725 3151/3363/1725 3152/3364/1725 3104/3365/1725
f 3068/3330/1484 3063/3366/1484 3061/3367/1484 3070/3368/1484
f 3139/3342/1726 3140/3369/1726 3148/3370/1726 3147/3343/1726
f 3142/3371/1727 3143/3372/1727 3151/3363/1727 3150/3373/1727
f 3116/3374/1728 3127/3375/1728 3128/3376/1728 3118/3377/1728
f 3059/3378/1729 3097/3379/1729 3090/3380/1729 3073/3381/1729
f 3081/3354/1730 3074/3382/1730 3082/3383/1730 3089/3355/1730
f 3072/3384/1731 3058/3385/1731 3074/3382/1731 3081/3354/1731
f 3076/3386/1732 3077/3387/1732 3085/3388/1732 3084/3389/1732
f 3096/3390/1733 3104/3391/1733 3105/3392/1733 3097/3379/1733
f 3067/3393/1734 3093/3394/1734 3094/3333/1734 3065/3395/1734
f 3122/3348/1735 3130/3347/1735 3131/3396/1735 3123/3397/1735
f 3107/3361/1736 3121/3398/1736 3138/3341/1736 3145/3399/1736
f 3110/3400/1737 3124/3401/1737 3125/3338/1737 3112/3337/1737
f 3097/3379/1738 3105/3392/1738 3098/3402/1738 3090/3380/1738
f 3072/3384/1482 3059/3378/1482 3073/3381/1482 3058/3385/1482
f 3071/3403/1739 3091/3404/1739 3092/3405/1739 3069/3406/1739
f 3093/3394/1740 3101/3360/1740 3102/3334/1740 3094/3333/1740
f 3113/3407/1741 3111/3408/1741 3143/3372/1741 3142/3371/1741
f 3077/3387/1742 3078/3332/1742 3086/3409/1742 3085/3388/1742
f 3079/3331/1743 3080/3410/1743 3088/3411/1743 3087/3412/1743
f 3058/3385/1744 3060/3413/1744 3075/3414/1744 3074/3382/1744
f 3095/3336/1745 3103/3335/1745 3104/3365/1745 3096/3415/1745
f 3102/3334/1746 3150/3373/1746 3151/3363/1746 3103/3335/1746
f 3106/3352/1747 3108/3416/1747 3119/3417/1747 3121/3398/1747
f 3127/3375/1748 3135/3418/1748 3136/3419/1748 3128/3376/1748
f 3091/3404/1809 3099/3420/1809 3100/3421/1809 3092/3405/1809
f 3066/3329/1477 3065/3395/1477 3063/3366/1477 3068/3330/1477
f 3128/3350/1750 3136/3422/1750 3137/3346/1750 3129/3345/1750
f 3143/3372/1751 3144/3423/1751 3152/3364/1751 3151/3363/1751
f 3064/3424/1752 3066/3329/1752 3078/3332/1752 3077/3387/1752
f 3098/3402/1753 3146/3344/1753 3147/3343/1753 3099/3420/1753
f 3099/3420/1754 3147/3343/1754 3148/3370/1754 3100/3421/1754
f 3144/3425/1755 3145/3399/1755 3153/3426/1755 3152/3427/1755
f 3117/3428/1756 3115/3429/1756 3141/3430/1756 3140/3431/1756
f 3083/3432/1757 3131/3396/1757 3130/3347/1757 3082/3383/1757
f 3104/3391/1758 3152/3427/1758 3153/3426/1758 3105/3392/1758
f 3082/3383/1759 3130/3347/1759 3137/3346/1759 3089/3355/1759
f 3119/3417/1760 3117/3433/1760 3140/3369/1760 3139/3342/1760
f 3126/3339/1761 3134/3434/1761 3135/3418/1761 3127/3375/1761
f 3115/3429/1762 3113/3407/1762 3142/3371/1762 3141/3430/1762
f 3123/3397/1763 3131/3396/1763 3132/3435/1763 3124/3436/1763
f 3070/3437/1764 3072/3384/1764 3081/3354/1764 3080/3353/1764
f 3084/3438/1765 3132/3435/1765 3131/3396/1765 3083/3432/1765
f 3108/3416/1766 3123/3397/1766 3124/3436/1766 3110/3439/1766
f 3078/3332/1767 3079/3331/1767 3087/3412/1767 3086/3409/1767
f 3116/3374/1768 3118/3377/1768 3109/3440/1768 3111/3408/1768
f 3108/3416/1769 3110/3439/1769 3117/3433/1769 3119/3417/1769
f 3089/3355/1770 3137/3346/1770 3136/3422/1770 3088/3356/1770
f 3124/3401/1806 3132/3441/1806 3133/3442/1806 3125/3338/1806
f 3101/3360/1772 3149/3359/1772 3150/3373/1772 3102/3334/1772
f 3141/3430/1773 3142/3371/1773 3150/3373/1773 3149/3359/1773
f 3088/3411/1774 3136/3419/1774 3135/3418/1774 3087/3412/1774
f 3065/3395/1775 3094/3333/1775 3095/3336/1775 3063/3366/1775
f 3106/3352/1776 3122/3348/1776 3123/3397/1776 3108/3416/1776
f 3068/3330/1777 3070/3368/1777 3080/3410/1777 3079/3331/1777
f 3085/3388/1778 3133/3442/1778 3132/3441/1778 3084/3389/1778
f 3062/3443/1479 3069/3444/1479 3067/3393/1479 3064/3424/1479
f 3058/3385/1481 3073/3381/1481 3071/3403/1481 3060/3413/1481
f 3090/3380/1779 3098/3402/1779 3099/3420/1779 3091/3404/1779
f 3112/3337/1780 3114/3340/1780 3113/3407/1780 3115/3429/1780
f 3109/3362/1781 3107/3361/1781 3145/3399/1781 3144/3425/1781
f 3075/3414/1782 3076/3445/1782 3084/3438/1782 3083/3432/1782
f 3086/3409/1783 3134/3434/1783 3133/3442/1783 3085/3388/1783
f 3125/3338/1784 3133/3442/1784 3134/3434/1784 3126/3339/1784
f 3087/3412/1785 3135/3418/1785 3134/3434/1785 3086/3409/1785
f 3111/3408/1810 3109/3440/1810 3144/3423/1810 3143/3372/1810
f 3105/3392/1787 3153/3426/1787 3146/3344/1787 3098/3402/1787
f 3110/3400/1788 3112/3337/1788 3115/3429/1788 3117/3428/1788
f 3145/3399/1789 3138/3341/1789 3146/3344/1789 3153/3426/1789
f 3114/3340/1790 3126/3339/1790 3127/3375/1790 3116/3374/1790
f 3062/3443/1791 3064/3424/1791 3077/3387/1791 3076/3386/1791
f 3120/3351/1792 3106/3352/1792 3121/3398/1792 3107/3361/1792
f 3074/3382/1793 3075/3414/1793 3083/3432/1793 3082/3383/1793
f 3060/3413/1794 3062/3446/1794 3076/3445/1794 3075/3414/1794
f 3121/3398/1795 3119/3417/1795 3139/3342/1795 3138/3341/1795
f 3063/3366/1796 3095/3336/1796 3096/3415/1796 3061/3367/1796
f 3060/3413/1480 3071/3403/1480 3069/3406/1480 3062/3446/1480
f 3070/3437/1483 3061/3447/1483 3059/3378/1483 3072/3384/1483
f 3064/3424/1478 3067/3393/1478 3065/3395/1478 3066/3329/1478
f 3069/3444/1797 3092/3448/1797 3093/3394/1797 3067/3393/1797
f 3061/3447/1798 3096/3390/1798 3097/3379/1798 3059/3378/1798
f 3092/3448/1799 3100/3357/1799 3101/3360/1799 3093/3394/1799
f 3114/3340/1800 3116/3374/1800 3111/3408/1800 3113/3407/1800
f 3073/3381/1801 3090/3380/1801 3091/3404/1801 3071/3403/1801
f 3140/3431/1802 3141/3430/1802 3149/3359/1802 3148/3358/1802
f 3162/3449/1648 3164/3450/1648 3175/3451/1648 3174/3452/1648
f 3190/3453/1634 3198/3454/1634 3199/3455/1634 3191/3456/1634
f 3208/3457/1670 3221/3458/1670 3222/3459/1670 3210/3460/1670
f 3234/3461/1610 3235/3462/1610 3243/3463/1610 3242/3464/1610
f 3225/3465/1667 3233/3466/1667 3226/3467/1667 3218/3468/1667
f 3214/3469/1671 3224/3470/1671 3225/3465/1671 3216/3471/1671
f 3216/3471/1614 3225/3465/1614 3218/3468/1614 3202/3472/1614
f 3176/3473/1662 3177/3474/1662 3185/3475/1662 3184/3476/1662
f 3196/3477/1672 3244/3478/1672 3245/3479/1672 3197/3480/1672
f 3214/3469/1591 3216/3471/1591 3203/3481/1591 3205/3482/1591
f 3199/3455/1622 3247/3483/1622 3248/3484/1622 3200/3485/1622
f 3164/3450/1478 3159/3486/1478 3157/3487/1478 3166/3488/1478
f 3235/3462/1604 3236/3489/1604 3244/3490/1604 3243/3463/1604
f 3238/3491/1602 3239/3492/1602 3247/3483/1602 3246/3493/1602
f 3212/3494/1669 3223/3495/1669 3224/3496/1669 3214/3497/1669
f 3155/3498/1656 3193/3499/1656 3186/3500/1656 3169/3501/1656
f 3177/3474/1630 3170/3502/1630 3178/3503/1630 3185/3475/1630
f 3168/3504/1638 3154/3505/1638 3170/3502/1638 3177/3474/1638
f 3172/3506/1651 3173/3507/1651 3181/3508/1651 3180/3509/1651
f 3192/3510/1660 3200/3511/1660 3201/3512/1660 3193/3499/1660
f 3163/3513/1658 3189/3514/1658 3190/3453/1658 3161/3515/1658
f 3218/3468/1673 3226/3467/1673 3227/3516/1673 3219/3517/1673
f 3203/3481/1652 3217/3518/1652 3234/3461/1652 3241/3519/1652
f 3206/3520/1668 3220/3521/1668 3221/3458/1668 3208/3457/1668
f 3193/3499/1661 3201/3512/1661 3194/3522/1661 3186/3500/1661
f 3168/3504/1484 3155/3498/1484 3169/3501/1484 3154/3505/1484
f 3167/3523/1654 3187/3524/1654 3188/3525/1654 3165/3526/1654
f 3189/3514/1664 3197/3480/1664 3198/3454/1664 3190/3453/1664
f 3209/3527/1665 3207/3528/1665 3239/3492/1665 3238/3491/1665
f 3173/3507/1629 3174/3452/1629 3182/3529/1629 3181/3508/1629
f 3175/3451/1639 3176/3530/1639 3184/3531/1639 3183/3532/1639
f 3154/3505/1649 3156/3533/1649 3171/3534/1649 3170/3502/1649
f 3191/3456/1636 3199/3455/1636 3200/3485/1636 3192/3535/1636
f 3198/3454/1635 3246/3493/1635 3247/3483/1635 3199/3455/1635
f 3202/3472/1601 3204/3536/1601 3215/3537/1601 3217/3518/1601
f 3223/3495/1674 3231/3538/1674 3232/3539/1674 3224/3496/1674
f 3187/3524/1637 3195/3540/1637 3196/3541/1637 3188/3525/1637
f 3162/3449/1479 3161/3515/1479 3159/3486/1479 3164/3450/1479
f 3224/3470/1811 3232/3542/1811 3233/3466/1811 3225/3465/1811
f 3239/3492/1606 3240/3543/1606 3248/3484/1606 3247/3483/1606
f 3160/3544/1631 3162/3449/1631 3174/3452/1631 3173/3507/1631
f 3194/3522/1596 3242/3464/1596 3243/3463/1596 3195/3540/1596
f 3195/3540/1597 3243/3463/1597 3244/3490/1597 3196/3541/1597
f 3240/3545/1594 3241/3519/1594 3249/3546/1594 3248/3547/1594
f 3213/3548/1613 3211/3549/1613 3237/3550/1613 3236/3551/1613
f 3179/3552/1812 3227/3516/1812 3226/3467/1812 3178/3503/1812
f 3200/3511/1803 3248/3547/1803 3249/3546/1803 3201/3512/1803
f 3178/3503/1621 3226/3467/1621 3233/3466/1621 3185/3475/1621
f 3215/3537/1616 3213/3553/1616 3236/3489/1616 3235/3462/1616
f 3222/3459/1609 3230/3554/1609 3231/3538/1609 3223/3495/1609
f 3211/3549/1605 3209/3527/1605 3238/3491/1605 3237/3550/1605
f 3219/3517/1608 3227/3516/1608 3228/3555/1608 3220/3556/1608
f 3166/3557/1643 3168/3504/1643 3177/3474/1643 3176/3473/1643
f 3180/3558/1600 3228/3555/1600 3227/3516/1600 3179/3552/1600
f 3204/3536/1617 3219/3517/1617 3220/3556/1617 3206/3559/1617
f 3174/3452/1632 3175/3451/1632 3183/3532/1632 3182/3529/1632
f 3212/3494/1623 3214/3497/1623 3205/3560/1623 3207/3528/1623
f 3204/3536/1588 3206/3559/1588 3213/3553/1588 3215/3537/1588
f 3185/3475/1593 3233/3466/1593 3232/3542/1593 3184/3476/1593
f 3220/3521/1592 3228/3561/1592 3229/3562/1592 3221/3458/1592
f 3197/3480/1663 3245/3479/1663 3246/3493/1663 3198/3454/1663
f 3237/3550/1589 3238/3491/1589 3246/3493/1589 3245/3479/1589
f 3184/3531/1626 3232/3539/1626 3231/3538/1626 3183/3532/1626
f 3161/3515/1633 3190/3453/1633 3191/3456/1633 3159/3486/1633
f 3202/3472/1615 3218/3468/1615 3219/3517/1615 3204/3536/1615
f 3164/3450/1645 3166/3488/1645 3176/3530/1645 3175/3451/1645
f 3181/3508/1627 3229/3562/1627 3228/3561/1627 3180/3509/1627
f 3158/3563/1481 3165/3564/1481 3163/3513/1481 3160/3544/1481
f 3154/3505/1483 3169/3501/1483 3167/3523/1483 3156/3533/1483
f 3186/3500/1640 3194/3522/1640 3195/3540/1640 3187/3524/1640
f 3208/3457/1587 3210/3460/1587 3209/3527/1587 3211/3549/1587
f 3205/3482/1619 3203/3481/1619 3241/3519/1619 3240/3545/1619
f 3171/3534/1642 3172/3565/1642 3180/3558/1642 3179/3552/1642
f 3182/3529/1599 3230/3554/1599 3229/3562/1599 3181/3508/1599
f 3221/3458/1611 3229/3562/1611 3230/3554/1611 3222/3459/1611
f 3183/3532/1590 3231/3538/1590 3230/3554/1590 3182/3529/1590
f 3207/3528/1620 3205/3560/1620 3240/3543/1620 3239/3492/1620
f 3201/3512/1625 3249/3546/1625 3242/3464/1625 3194/3522/1625
f 3206/3520/1598 3208/3457/1598 3211/3549/1598 3213/3548/1598
f 3241/3519/1607 3234/3461/1607 3242/3464/1607 3249/3546/1607
f 3210/3460/1618 3222/3459/1618 3223/3495/1618 3212/3494/1618
f 3158/3563/1646 3160/3544/1646 3173/3507/1646 3172/3506/1646
f 3216/3471/1624 3202/3472/1624 3217/3518/1624 3203/3481/1624
f 3170/3502/1641 3171/3534/1641 3179/3552/1641 3178/3503/1641
f 3156/3533/1647 3158/3566/1647 3172/3565/1647 3171/3534/1647
f 3217/3518/1804 3215/3537/1804 3235/3462/1804 3234/3461/1804
f 3159/3486/1650 3191/3456/1650 3192/3535/1650 3157/3487/1650
f 3156/3533/1482 3167/3523/1482 3165/3526/1482 3158/3566/1482
f 3166/3557/1477 3157/3567/1477 3155/3498/1477 3168/3504/1477
f 3160/3544/1480 3163/3513/1480 3161/3515/1480 3162/3449/1480
f 3165/3564/1655 3188/3568/1655 3189/3514/1655 3163/3513/1655
f 3157/3567/1653 3192/3510/1653 3193/3499/1653 3155/3498/1653
f 3188/3568/1657 3196/3477/1657 3197/3480/1657 3189/3514/1657
f 3210/3460/1603 3212/3494/1603 3207/3528/1603 3209/3527/1603
f 3169/3501/1659 3186/3500/1659 3187/3524/1659 3167/3523/1659
f 3236/3551/1666 3237/3550/1666 3245/3479/1666 3244/3478/1666
f 3258/3569/1715 3260/3570/1715 3271/3571/1715 3270/3572/1715
f 3286/3573/1716 3294/3574/1716 3295/3575/1716 3287/3576/1716
f 3304/3577/1717 3317/3578/1717 3318/3579/1717 3306/3580/1717
f 3330/3581/1718 3331/3582/1718 3339/3583/1718 3338/3584/1718
f 3321/3585/1719 3329/3586/1719 3322/3587/1719 3314/3588/1719
f 3310/3589/1720 3320/3590/1720 3321/3585/1720 3312/3591/1720
f 3312/3591/1721 3321/3585/1721 3314/3588/1721 3298/3592/1721
f 3272/3593/1722 3273/3594/1722 3281/3595/1722 3280/3596/1722
f 3292/3597/1723 3340/3598/1723 3341/3599/1723 3293/3600/1723
f 3310/3589/1724 3312/3591/1724 3299/3601/1724 3301/3602/1724
f 3295/3575/1725 3343/3603/1725 3344/3604/1725 3296/3605/1725
f 3260/3570/1484 3255/3606/1484 3253/3607/1484 3262/3608/1484
f 3331/3582/1808 3332/3609/1808 3340/3610/1808 3339/3583/1808
f 3334/3611/1727 3335/3612/1727 3343/3603/1727 3342/3613/1727
f 3308/3614/1728 3319/3615/1728 3320/3616/1728 3310/3617/1728
f 3251/3618/1729 3289/3619/1729 3282/3620/1729 3265/3621/1729
f 3273/3594/1730 3266/3622/1730 3274/3623/1730 3281/3595/1730
f 3264/3624/1731 3250/3625/1731 3266/3622/1731 3273/3594/1731
f 3268/3626/1732 3269/3627/1732 3277/3628/1732 3276/3629/1732
f 3288/3630/1733 3296/3631/1733 3297/3632/1733 3289/3619/1733
f 3259/3633/1734 3285/3634/1734 3286/3573/1734 3257/3635/1734
f 3314/3588/1735 3322/3587/1735 3323/3636/1735 3315/3637/1735
f 3299/3601/1736 3313/3638/1736 3330/3581/1736 3337/3639/1736
f 3302/3640/1737 3316/3641/1737 3317/3578/1737 3304/3577/1737
f 3289/3619/1738 3297/3632/1738 3290/3642/1738 3282/3620/1738
f 3264/3624/1482 3251/3618/1482 3265/3621/1482 3250/3625/1482
f 3263/3643/1813 3283/3644/1813 3284/3645/1813 3261/3646/1813
f 3285/3634/1740 3293/3600/1740 3294/3574/1740 3286/3573/1740
f 3305/3647/1741 3303/3648/1741 3335/3612/1741 3334/3611/1741
f 3269/3627/1742 3270/3572/1742 3278/3649/1742 3277/3628/1742
f 3271/3571/1743 3272/3650/1743 3280/3651/1743 3279/3652/1743
f 3250/3625/1744 3252/3653/1744 3267/3654/1744 3266/3622/1744
f 3287/3576/1745 3295/3575/1745 3296/3605/1745 3288/3655/1745
f 3294/3574/1746 3342/3613/1746 3343/3603/1746 3295/3575/1746
f 3298/3592/1747 3300/3656/1747 3311/3657/1747 3313/3638/1747
f 3319/3615/1748 3327/3658/1748 3328/3659/1748 3320/3616/1748
f 3283/3644/1814 3291/3660/1814 3292/3661/1814 3284/3645/1814
f 3258/3569/1477 3257/3635/1477 3255/3606/1477 3260/3570/1477
f 3320/3590/1750 3328/3662/1750 3329/3586/1750 3321/3585/1750
f 3335/3612/1751 3336/3663/1751 3344/3604/1751 3343/3603/1751
f 3256/3664/1752 3258/3569/1752 3270/3572/1752 3269/3627/1752
f 3290/3642/1753 3338/3584/1753 3339/3583/1753 3291/3660/1753
f 3291/3660/1754 3339/3583/1754 3340/3610/1754 3292/3661/1754
f 3336/3665/1755 3337/3639/1755 3345/3666/1755 3344/3667/1755
f 3309/3668/1756 3307/3669/1756 3333/3670/1756 3332/3671/1756
f 3275/3672/1757 3323/3636/1757 3322/3587/1757 3274/3623/1757
f 3296/3631/1758 3344/3667/1758 3345/3666/1758 3297/3632/1758
f 3274/3623/1759 3322/3587/1759 3329/3586/1759 3281/3595/1759
f 3311/3657/1760 3309/3673/1760 3332/3609/1760 3331/3582/1760
f 3318/3579/1761 3326/3674/1761 3327/3658/1761 3319/3615/1761
f 3307/3669/1762 3305/3647/1762 3334/3611/1762 3333/3670/1762
f 3315/3637/1763 3323/3636/1763 3324/3675/1763 3316/3676/1763
f 3262/3677/1764 3264/3624/1764 3273/3594/1764 3272/3593/1764
f 3276/3678/1765 3324/3675/1765 3323/3636/1765 3275/3672/1765
f 3300/3656/1766 3315/3637/1766 3316/3676/1766 3302/3679/1766
f 3270/3572/1767 3271/3571/1767 3279/3652/1767 3278/3649/1767
f 3308/3614/1768 3310/3617/1768 3301/3680/1768 3303/3648/1768
f 3300/3656/1769 3302/3679/1769 3309/3673/1769 3311/3657/1769
f 3281/3595/1770 3329/3586/1770 3328/3662/1770 3280/3596/1770
f 3316/3641/1806 3324/3681/1806 3325/3682/1806 3317/3578/1806
f 3293/3600/1772 3341/3599/1772 3342/3613/1772 3294/3574/1772
f 3333/3670/1773 3334/3611/1773 3342/3613/1773 3341/3599/1773
f 3280/3651/1774 3328/3659/1774 3327/3658/1774 3279/3652/1774
f 3257/3635/1775 3286/3573/1775 3287/3576/1775 3255/3606/1775
f 3298/3592/1776 3314/3588/1776 3315/3637/1776 3300/3656/1776
f 3260/3570/1777 3262/3608/1777 3272/3650/1777 3271/3571/1777
f 3277/3628/1778 3325/3682/1778 3324/3681/1778 3276/3629/1778
f 3254/3683/1479 3261/3684/1479 3259/3633/1479 3256/3664/1479
f 3250/3625/1481 3265/3621/1481 3263/3643/1481 3252/3653/1481
f 3282/3620/1779 3290/3642/1779 3291/3660/1779 3283/3644/1779
f 3304/3577/1780 3306/3580/1780 3305/3647/1780 3307/3669/1780
f 3301/3602/1781 3299/3601/1781 3337/3639/1781 3336/3665/1781
f 3267/3654/1815 3268/3685/1815 3276/3678/1815 3275/3672/1815
f 3278/3649/1783 3326/3674/1783 3325/3682/1783 3277/3628/1783
f 3317/3578/1784 3325/3682/1784 3326/3674/1784 3318/3579/1784
f 3279/3652/1785 3327/3658/1785 3326/3674/1785 3278/3649/1785
f 3303/3648/1810 3301/3680/1810 3336/3663/1810 3335/3612/1810
f 3297/3632/1787 3345/3666/1787 3338/3584/1787 3290/3642/1787
f 3302/3640/1788 3304/3577/1788 3307/3669/1788 3309/3668/1788
f 3337/3639/1789 3330/3581/1789 3338/3584/1789 3345/3666/1789
f 3306/3580/1790 3318/3579/1790 3319/3615/1790 3308/3614/1790
f 3254/3683/1791 3256/3664/1791 3269/3627/1791 3268/3626/1791
f 3312/3591/1792 3298/3592/1792 3313/3638/1792 3299/3601/1792
f 3266/3622/1793 3267/3654/1793 3275/3672/1793 3274/3623/1793
f 3252/3653/1794 3254/3686/1794 3268/3685/1794 3267/3654/1794
f 3313/3638/1795 3311/3657/1795 3331/3582/1795 3330/3581/1795
f 3255/3606/1796 3287/3576/1796 3288/3655/1796 3253/3607/1796
f 3252/3653/1480 3263/3643/1480 3261/3646/1480 3254/3686/1480
f 3262/3677/1483 3253/3687/1483 3251/3618/1483 3264/3624/1483
f 3256/3664/1478 3259/3633/1478 3257/3635/1478 3258/3569/1478
f 3261/3684/1797 3284/3688/1797 3285/3634/1797 3259/3633/1797
f 3253/3687/1798 3288/3630/1798 3289/3619/1798 3251/3618/1798
f 3284/3688/1816 3292/3597/1816 3293/3600/1816 3285/3634/1816
f 3306/3580/1800 3308/3614/1800 3303/3648/1800 3305/3647/1800
f 3265/3621/1801 3282/3620/1801 3283/3644/1801 3263/3643/1801
f 3332/3671/1802 3333/3670/1802 3341/3599/1802 3340/3598/1802
f 3354/3689/1648 3356/3690/1648 3367/3691/1648 3366/3692/1648
f 3382/3693/1634 3390/3694/1634 3391/3695/1634 3383/3696/1634
f 3400/3697/1670 3413/3698/1670 3414/3699/1670 3402/3700/1670
f 3426/3701/1610 3427/3702/1610 3435/3703/1610 3434/3704/1610
f 3417/3705/1667 3425/3706/1667 3418/3707/1667 3410/3708/1667
f 3406/3709/1671 3416/3710/1671 3417/3705/1671 3408/3711/1671
f 3408/3711/1614 3417/3705/1614 3410/3708/1614 3394/3712/1614
f 3368/3713/1662 3369/3714/1662 3377/3715/1662 3376/3716/1662
f 3388/3717/1672 3436/3718/1672 3437/3719/1672 3389/3720/1672
f 3406/3709/1591 3408/3711/1591 3395/3721/1591 3397/3722/1591
f 3391/3695/1622 3439/3723/1622 3440/3724/1622 3392/3725/1622
f 3356/3690/1478 3351/3726/1478 3349/3727/1478 3358/3728/1478
f 3427/3702/1604 3428/3729/1604 3436/3730/1604 3435/3703/1604
f 3430/3731/1602 3431/3732/1602 3439/3723/1602 3438/3733/1602
f 3404/3734/1669 3415/3735/1669 3416/3736/1669 3406/3737/1669
f 3347/3738/1656 3385/3739/1656 3378/3740/1656 3361/3741/1656
f 3369/3714/1630 3362/3742/1630 3370/3743/1630 3377/3715/1630
f 3360/3744/1638 3346/3745/1638 3362/3742/1638 3369/3714/1638
f 3364/3746/1651 3365/3747/1651 3373/3748/1651 3372/3749/1651
f 3384/3750/1660 3392/3751/1660 3393/3752/1660 3385/3739/1660
f 3355/3753/1658 3381/3754/1658 3382/3693/1658 3353/3755/1658
f 3410/3708/1673 3418/3707/1673 3419/3756/1673 3411/3757/1673
f 3395/3721/1652 3409/3758/1652 3426/3701/1652 3433/3759/1652
f 3398/3760/1668 3412/3761/1668 3413/3698/1668 3400/3697/1668
f 3385/3739/1661 3393/3752/1661 3386/3762/1661 3378/3740/1661
f 3360/3744/1484 3347/3738/1484 3361/3741/1484 3346/3745/1484
f 3359/3763/1654 3379/3764/1654 3380/3765/1654 3357/3766/1654
f 3381/3754/1664 3389/3720/1664 3390/3694/1664 3382/3693/1664
f 3401/3767/1665 3399/3768/1665 3431/3732/1665 3430/3731/1665
f 3365/3747/1629 3366/3692/1629 3374/3769/1629 3373/3748/1629
f 3367/3691/1639 3368/3770/1639 3376/3771/1639 3375/3772/1639
f 3346/3745/1649 3348/3773/1649 3363/3774/1649 3362/3742/1649
f 3383/3696/1636 3391/3695/1636 3392/3725/1636 3384/3775/1636
f 3390/3694/1635 3438/3733/1635 3439/3723/1635 3391/3695/1635
f 3394/3712/1601 3396/3776/1601 3407/3777/1601 3409/3758/1601
f 3415/3735/1674 3423/3778/1674 3424/3779/1674 3416/3736/1674
f 3379/3764/1817 3387/3780/1817 3388/3781/1817 3380/3765/1817
f 3354/3689/1479 3353/3755/1479 3351/3726/1479 3356/3690/1479
f 3416/3710/1612 3424/3782/1612 3425/3706/1612 3417/3705/1612
f 3431/3732/1606 3432/3783/1606 3440/3724/1606 3439/3723/1606
f 3352/3784/1631 3354/3689/1631 3366/3692/1631 3365/3747/1631
f 3386/3762/1596 3434/3704/1596 3435/3703/1596 3387/3780/1596
f 3387/3780/1597 3435/3703/1597 3436/3730/1597 3388/3781/1597
f 3432/3785/1594 3433/3759/1594 3441/3786/1594 3440/3787/1594
f 3405/3788/1613 3403/3789/1613 3429/3790/1613 3428/3791/1613
f 3371/3792/1628 3419/3756/1628 3418/3707/1628 3370/3743/1628
f 3392/3751/1803 3440/3787/1803 3441/3786/1803 3393/3752/1803
f 3370/3743/1621 3418/3707/1621 3425/3706/1621 3377/3715/1621
f 3407/3777/1616 3405/3793/1616 3428/3729/1616 3427/3702/1616
f 3414/3699/1609 3422/3794/1609 3423/3778/1609 3415/3735/1609
f 3403/3789/1605 3401/3767/1605 3430/3731/1605 3429/3790/1605
f 3411/3757/1608 3419/3756/1608 3420/3795/1608 3412/3796/1608
f 3358/3797/1643 3360/3744/1643 3369/3714/1643 3368/3713/1643
f 3372/3798/1600 3420/3795/1600 3419/3756/1600 3371/3792/1600
f 3396/3776/1617 3411/3757/1617 3412/3796/1617 3398/3799/1617
f 3366/3692/1632 3367/3691/1632 3375/3772/1632 3374/3769/1632
f 3404/3734/1623 3406/3737/1623 3397/3800/1623 3399/3768/1623
f 3396/3776/1588 3398/3799/1588 3405/3793/1588 3407/3777/1588
f 3377/3715/1593 3425/3706/1593 3424/3782/1593 3376/3716/1593
f 3412/3761/1592 3420/3801/1592 3421/3802/1592 3413/3698/1592
f 3389/3720/1663 3437/3719/1663 3438/3733/1663 3390/3694/1663
f 3429/3790/1589 3430/3731/1589 3438/3733/1589 3437/3719/1589
f 3376/3771/1626 3424/3779/1626 3423/3778/1626 3375/3772/1626
f 3353/3755/1633 3382/3693/1633 3383/3696/1633 3351/3726/1633
f 3394/3712/1615 3410/3708/1615 3411/3757/1615 3396/3776/1615
f 3356/3690/1645 3358/3728/1645 3368/3770/1645 3367/3691/1645
f 3373/3748/1627 3421/3802/1627 3420/3801/1627 3372/3749/1627
f 3350/3803/1481 3357/3804/1481 3355/3753/1481 3352/3784/1481
f 3346/3745/1483 3361/3741/1483 3359/3763/1483 3348/3773/1483
f 3378/3740/1640 3386/3762/1640 3387/3780/1640 3379/3764/1640
f 3400/3697/1587 3402/3700/1587 3401/3767/1587 3403/3789/1587
f 3397/3722/1619 3395/3721/1619 3433/3759/1619 3432/3785/1619
f 3363/3774/1642 3364/3805/1642 3372/3798/1642 3371/3792/1642
f 3374/3769/1599 3422/3794/1599 3421/3802/1599 3373/3748/1599
f 3413/3698/1611 3421/3802/1611 3422/3794/1611 3414/3699/1611
f 3375/3772/1590 3423/3778/1590 3422/3794/1590 3374/3769/1590
f 3399/3768/1620 3397/3800/1620 3432/3783/1620 3431/3732/1620
f 3393/3752/1625 3441/3786/1625 3434/3704/1625 3386/3762/1625
f 3398/3760/1598 3400/3697/1598 3403/3789/1598 3405/3788/1598
f 3433/3759/1607 3426/3701/1607 3434/3704/1607 3441/3786/1607
f 3402/3700/1618 3414/3699/1618 3415/3735/1618 3404/3734/1618
f 3350/3803/1646 3352/3784/1646 3365/3747/1646 3364/3746/1646
f 3408/3711/1624 3394/3712/1624 3409/3758/1624 3395/3721/1624
f 3362/3742/1641 3363/3774/1641 3371/3792/1641 3370/3743/1641
f 3348/3773/1647 3350/3806/1647 3364/3805/1647 3363/3774/1647
f 3409/3758/1804 3407/3777/1804 3427/3702/1804 3426/3701/1804
f 3351/3726/1650 3383/3696/1650 3384/3775/1650 3349/3727/1650
f 3348/3773/1482 3359/3763/1482 3357/3766/1482 3350/3806/1482
f 3358/3797/1477 3349/3807/1477 3347/3738/1477 3360/3744/1477
f 3352/3784/1480 3355/3753/1480 3353/3755/1480 3354/3689/1480
f 3357/3804/1655 3380/3808/1655 3381/3754/1655 3355/3753/1655
f 3349/3807/1653 3384/3750/1653 3385/3739/1653 3347/3738/1653
f 3380/3808/1818 3388/3717/1818 3389/3720/1818 3381/3754/1818
f 3402/3700/1603 3404/3734/1603 3399/3768/1603 3401/3767/1603
f 3361/3741/1659 3378/3740/1659 3379/3764/1659 3359/3763/1659
f 3428/3791/1666 3429/3790/1666 3437/3719/1666 3436/3718/1666
f 3450/3809/1715 3452/3810/1715 3463/3811/1715 3462/3812/1715
f 3478/3813/1716 3486/3814/1716 3487/3815/1716 3479/3816/1716
f 3496/3817/1807 3509/3818/1807 3510/3819/1807 3498/3820/1807
f 3522/3821/1718 3523/3822/1718 3531/3823/1718 3530/3824/1718
f 3513/3825/1719 3521/3826/1719 3514/3827/1719 3506/3828/1719
f 3502/3829/1720 3512/3830/1720 3513/3825/1720 3504/3831/1720
f 3504/3831/1721 3513/3825/1721 3506/3828/1721 3490/3832/1721
f 3464/3833/1722 3465/3834/1722 3473/3835/1722 3472/3836/1722
f 3484/3837/1723 3532/3838/1723 3533/3839/1723 3485/3840/1723
f 3502/3829/1724 3504/3831/1724 3491/3841/1724 3493/3842/1724
f 3487/3815/1725 3535/3843/1725 3536/3844/1725 3488/3845/1725
f 3452/3810/1484 3447/3846/1484 3445/3847/1484 3454/3848/1484
f 3523/3822/1808 3524/3849/1808 3532/3850/1808 3531/3823/1808
f 3526/3851/1727 3527/3852/1727 3535/3843/1727 3534/3853/1727
f 3500/3854/1728 3511/3855/1728 3512/3856/1728 3502/3857/1728
f 3443/3858/1729 3481/3859/1729 3474/3860/1729 3457/3861/1729
f 3465/3834/1730 3458/3862/1730 3466/3863/1730 3473/3835/1730
f 3456/3864/1731 3442/3865/1731 3458/3862/1731 3465/3834/1731
f 3460/3866/1732 3461/3867/1732 3469/3868/1732 3468/3869/1732
f 3480/3870/1733 3488/3871/1733 3489/3872/1733 3481/3859/1733
f 3451/3873/1734 3477/3874/1734 3478/3813/1734 3449/3875/1734
f 3506/3828/1735 3514/3827/1735 3515/3876/1735 3507/3877/1735
f 3491/3841/1736 3505/3878/1736 3522/3821/1736 3529/3879/1736
f 3494/3880/1737 3508/3881/1737 3509/3818/1737 3496/3817/1737
f 3481/3859/1738 3489/3872/1738 3482/3882/1738 3474/3860/1738
f 3456/3864/1482 3443/3858/1482 3457/3861/1482 3442/3865/1482
f 3455/3883/1739 3475/3884/1739 3476/3885/1739 3453/3886/1739
f 3477/3874/1740 3485/3840/1740 3486/3814/1740 3478/3813/1740
f 3497/3887/1741 3495/3888/1741 3527/3852/1741 3526/3851/1741
f 3461/3867/1742 3462/3812/1742 3470/3889/1742 3469/3868/1742
f 3463/3811/1743 3464/3890/1743 3472/3891/1743 3471/3892/1743
f 3442/3865/1744 3444/3893/1744 3459/3894/1744 3458/3862/1744
f 3479/3816/1745 3487/3815/1745 3488/3845/1745 3480/3895/1745
f 3486/3814/1746 3534/3853/1746 3535/3843/1746 3487/3815/1746
f 3490/3832/1747 3492/3896/1747 3503/3897/1747 3505/3878/1747
f 3511/3855/1748 3519/3898/1748 3520/3899/1748 3512/3856/1748
f 3475/3884/1809 3483/3900/1809 3484/3901/1809 3476/3885/1809
f 3450/3809/1477 3449/3875/1477 3447/3846/1477 3452/3810/1477
f 3512/3830/1750 3520/3902/1750 3521/3826/1750 3513/3825/1750
f 3527/3852/1819 3528/3903/1819 3536/3844/1819 3535/3843/1819
f 3448/3904/1752 3450/3809/1752 3462/3812/1752 3461/3867/1752
f 3482/3882/1753 3530/3824/1753 3531/3823/1753 3483/3900/1753
f 3483/3900/1754 3531/3823/1754 3532/3850/1754 3484/3901/1754
f 3528/3905/1755 3529/3879/1755 3537/3906/1755 3536/3907/1755
f 3501/3908/1756 3499/3909/1756 3525/3910/1756 3524/3911/1756
f 3467/3912/1757 3515/3876/1757 3514/3827/1757 3466/3863/1757
f 3488/3871/1758 3536/3907/1758 3537/3906/1758 3489/3872/1758
f 3466/3863/1759 3514/3827/1759 3521/3826/1759 3473/3835/1759
f 3503/3897/1760 3501/3913/1760 3524/3849/1760 3523/3822/1760
f 3510/3819/1761 3518/3914/1761 3519/3898/1761 3511/3855/1761
f 3499/3909/1762 3497/3887/1762 3526/3851/1762 3525/3910/1762
f 3507/3877/1763 3515/3876/1763 3516/3915/1763 3508/3916/1763
f 3454/3917/1764 3456/3864/1764 3465/3834/1764 3464/3833/1764
f 3468/3918/1765 3516/3915/1765 3515/3876/1765 3467/3912/1765
f 3492/3896/1766 3507/3877/1766 3508/3916/1766 3494/3919/1766
f 3462/3812/1767 3463/3811/1767 3471/3892/1767 3470/3889/1767
f 3500/3854/1768 3502/3857/1768 3493/3920/1768 3495/3888/1768
f 3492/3896/1769 3494/3919/1769 3501/3913/1769 3503/3897/1769
f 3473/3835/1770 3521/3826/1770 3520/3902/1770 3472/3836/1770
f 3508/3881/1771 3516/3921/1771 3517/3922/1771 3509/3818/1771
f 3485/3840/1772 3533/3839/1772 3534/3853/1772 3486/3814/1772
f 3525/3910/1773 3526/3851/1773 3534/3853/1773 3533/3839/1773
f 3472/3891/1774 3520/3899/1774 3519/3898/1774 3471/3892/1774
f 3449/3875/1775 3478/3813/1775 3479/3816/1775 3447/3846/1775
f 3490/3832/1776 3506/3828/1776 3507/3877/1776 3492/3896/1776
f 3452/3810/1777 3454/3848/1777 3464/3890/1777 3463/3811/1777
f 3469/3868/1778 3517/3922/1778 3516/3921/1778 3468/3869/1778
f 3446/3923/1479 3453/3924/1479 3451/3873/1479 3448/3904/1479
f 3442/3865/1481 3457/3861/1481 3455/3883/1481 3444/3893/1481
f 3474/3860/1779 3482/3882/1779 3483/3900/1779 3475/3884/1779
f 3496/3817/1780 3498/3820/1780 3497/3887/1780 3499/3909/1780
f 3493/3842/1781 3491/3841/1781 3529/3879/1781 3528/3905/1781
f 3459/3894/1815 3460/3925/1815 3468/3918/1815 3467/3912/1815
f 3470/3889/1783 3518/3914/1783 3517/3922/1783 3469/3868/1783
f 3509/3818/1784 3517/3922/1784 3518/3914/1784 3510/3819/1784
f 3471/3892/1785 3519/3898/1785 3518/3914/1785 3470/3889/1785
f 3495/3888/1786 3493/3920/1786 3528/3903/1786 3527/3852/1786
f 3489/3872/1787 3537/3906/1787 3530/3824/1787 3482/3882/1787
f 3494/3880/1788 3496/3817/1788 3499/3909/1788 3501/3908/1788
f 3529/3879/1789 3522/3821/1789 3530/3824/1789 3537/3906/1789
f 3498/3820/1790 3510/3819/1790 3511/3855/1790 3500/3854/1790
f 3446/3923/1791 3448/3904/1791 3461/3867/1791 3460/3866/1791
f 3504/3831/1792 3490/3832/1792 3505/3878/1792 3491/3841/1792
f 3458/3862/1793 3459/3894/1793 3467/3912/1793 3466/3863/1793
f 3444/3893/1794 3446/3926/1794 3460/3925/1794 3459/3894/1794
f 3505/3878/1795 3503/3897/1795 3523/3822/1795 3522/3821/1795
f 3447/3846/1796 3479/3816/1796 3480/3895/1796 3445/3847/1796
f 3444/3893/1480 3455/3883/1480 3453/3886/1480 3446/3926/1480
f 3454/3917/1483 3445/3927/1483 3443/3858/1483 3456/3864/1483
f 3448/3904/1478 3451/3873/1478 3449/3875/1478 3450/3809/1478
f 3453/3924/1797 3476/3928/1797 3477/3874/1797 3451/3873/1797
f 3445/3927/1798 3480/3870/1798 3481/3859/1798 3443/3858/1798
f 3476/3928/1799 3484/3837/1799 3485/3840/1799 3477/3874/1799
f 3498/3820/1800 3500/3854/1800 3495/3888/1800 3497/3887/1800
f 3457/3861/1801 3474/3860/1801 3475/3884/1801 3455/3883/1801
f 3524/3911/1802 3525/3910/1802 3533/3839/1802 3532/3838/1802
f 3546/3929/1648 3548/3930/1648 3559/3931/1648 3558/3932/1648
f 3574/3933/1634 3582/3934/1634 3583/3935/1634 3575/3936/1634
f 3592/3937/1670 3605/3938/1670 3606/3939/1670 3594/3940/1670
f 3618/3941/1610 3619/3942/1610 3627/3943/1610 3626/3944/1610
f 3609/3945/1667 3617/3946/1667 3610/3947/1667 3602/3948/1667
f 3598/3949/1671 3608/3950/1671 3609/3945/1671 3600/3951/1671
f 3600/3951/1614 3609/3945/1614 3602/3948/1614 3586/3952/1614
f 3560/3953/1662 3561/3954/1662 3569/3955/1662 3568/3956/1662
f 3580/3957/1672 3628/3958/1672 3629/3959/1672 3581/3960/1672
f 3598/3949/1591 3600/3951/1591 3587/3961/1591 3589/3962/1591
f 3583/3935/1622 3631/3963/1622 3632/3964/1622 3584/3965/1622
f 3548/3930/1478 3543/3966/1478 3541/3967/1478 3550/3968/1478
f 3619/3942/1604 3620/3969/1604 3628/3970/1604 3627/3943/1604
f 3622/3971/1602 3623/3972/1602 3631/3963/1602 3630/3973/1602
f 3596/3974/1669 3607/3975/1669 3608/3976/1669 3598/3977/1669
f 3539/3978/1656 3577/3979/1656 3570/3980/1656 3553/3981/1656
f 3561/3954/1630 3554/3982/1630 3562/3983/1630 3569/3955/1630
f 3552/3984/1638 3538/3985/1638 3554/3982/1638 3561/3954/1638
f 3556/3986/1651 3557/3987/1651 3565/3988/1651 3564/3989/1651
f 3576/3990/1660 3584/3991/1660 3585/3992/1660 3577/3979/1660
f 3547/3993/1658 3573/3994/1658 3574/3933/1658 3545/3995/1658
f 3602/3948/1673 3610/3947/1673 3611/3996/1673 3603/3997/1673
f 3587/3961/1652 3601/3998/1652 3618/3941/1652 3625/3999/1652
f 3590/4000/1668 3604/4001/1668 3605/3938/1668 3592/3937/1668
f 3577/3979/1661 3585/3992/1661 3578/4002/1661 3570/3980/1661
f 3552/3984/1484 3539/3978/1484 3553/3981/1484 3538/3985/1484
f 3551/4003/1654 3571/4004/1654 3572/4005/1654 3549/4006/1654
f 3573/3994/1664 3581/3960/1664 3582/3934/1664 3574/3933/1664
f 3593/4007/1665 3591/4008/1665 3623/3972/1665 3622/3971/1665
f 3557/3987/1629 3558/3932/1629 3566/4009/1629 3565/3988/1629
f 3559/3931/1639 3560/4010/1639 3568/4011/1639 3567/4012/1639
f 3538/3985/1649 3540/4013/1649 3555/4014/1649 3554/3982/1649
f 3575/3936/1636 3583/3935/1636 3584/3965/1636 3576/4015/1636
f 3582/3934/1635 3630/3973/1635 3631/3963/1635 3583/3935/1635
f 3586/3952/1601 3588/4016/1601 3599/4017/1601 3601/3998/1601
f 3607/3975/1674 3615/4018/1674 3616/4019/1674 3608/3976/1674
f 3571/4004/1817 3579/4020/1817 3580/4021/1817 3572/4005/1817
f 3546/3929/1479 3545/3995/1479 3543/3966/1479 3548/3930/1479
f 3608/3950/1612 3616/4022/1612 3617/3946/1612 3609/3945/1612
f 3623/3972/1606 3624/4023/1606 3632/3964/1606 3631/3963/1606
f 3544/4024/1631 3546/3929/1631 3558/3932/1631 3557/3987/1631
f 3578/4002/1596 3626/3944/1596 3627/3943/1596 3579/4020/1596
f 3579/4020/1597 3627/3943/1597 3628/3970/1597 3580/4021/1597
f 3624/4025/1594 3625/3999/1594 3633/4026/1594 3632/4027/1594
f 3597/4028/1613 3595/4029/1613 3621/4030/1613 3620/4031/1613
f 3563/4032/1628 3611/3996/1628 3610/3947/1628 3562/3983/1628
f 3584/3991/1595 3632/4027/1595 3633/4026/1595 3585/3992/1595
f 3562/3983/1621 3610/3947/1621 3617/3946/1621 3569/3955/1621
f 3599/4017/1616 3597/4033/1616 3620/3969/1616 3619/3942/1616
f 3606/3939/1609 3614/4034/1609 3615/4018/1609 3607/3975/1609
f 3595/4029/1605 3593/4007/1605 3622/3971/1605 3621/4030/1605
f 3603/3997/1820 3611/3996/1820 3612/4035/1820 3604/4036/1820
f 3550/4037/1643 3552/3984/1643 3561/3954/1643 3560/3953/1643
f 3564/4038/1600 3612/4035/1600 3611/3996/1600 3563/4032/1600
f 3588/4016/1617 3603/3997/1617 3604/4036/1617 3590/4039/1617
f 3558/3932/1632 3559/3931/1632 3567/4012/1632 3566/4009/1632
f 3596/3974/1623 3598/3977/1623 3589/4040/1623 3591/4008/1623
f 3588/4016/1588 3590/4039/1588 3597/4033/1588 3599/4017/1588
f 3569/3955/1593 3617/3946/1593 3616/4022/1593 3568/3956/1593
f 3604/4001/1592 3612/4041/1592 3613/4042/1592 3605/3938/1592
f 3581/3960/1663 3629/3959/1663 3630/3973/1663 3582/3934/1663
f 3621/4030/1589 3622/3971/1589 3630/3973/1589 3629/3959/1589
f 3568/4011/1626 3616/4019/1626 3615/4018/1626 3567/4012/1626
f 3545/3995/1633 3574/3933/1633 3575/3936/1633 3543/3966/1633
f 3586/3952/1615 3602/3948/1615 3603/3997/1615 3588/4016/1615
f 3548/3930/1645 3550/3968/1645 3560/4010/1645 3559/3931/1645
f 3565/3988/1627 3613/4042/1627 3612/4041/1627 3564/3989/1627
f 3542/4043/1481 3549/4044/1481 3547/3993/1481 3544/4024/1481
f 3538/3985/1483 3553/3981/1483 3551/4003/1483 3540/4013/1483
f 3570/3980/1640 3578/4002/1640 3579/4020/1640 3571/4004/1640
f 3592/3937/1587 3594/3940/1587 3593/4007/1587 3595/4029/1587
f 3589/3962/1619 3587/3961/1619 3625/3999/1619 3624/4025/1619
f 3555/4014/1642 3556/4045/1642 3564/4038/1642 3563/4032/1642
f 3566/4009/1599 3614/4034/1599 3613/4042/1599 3565/3988/1599
f 3605/3938/1611 3613/4042/1611 3614/4034/1611 3606/3939/1611
f 3567/4012/1590 3615/4018/1590 3614/4034/1590 3566/4009/1590
f 3591/4008/1620 3589/4040/1620 3624/4023/1620 3623/3972/1620
f 3585/3992/1625 3633/4026/1625 3626/3944/1625 3578/4002/1625
f 3590/4000/1598 3592/3937/1598 3595/4029/1598 3597/4028/1598
f 3625/3999/1607 3618/3941/1607 3626/3944/1607 3633/4026/1607
f 3594/3940/1618 3606/3939/1618 3607/3975/1618 3596/3974/1618
f 3542/4043/1646 3544/4024/1646 3557/3987/1646 3556/3986/1646
f 3600/3951/1624 3586/3952/1624 3601/3998/1624 3587/3961/1624
f 3554/3982/1641 3555/4014/1641 3563/4032/1641 3562/3983/1641
f 3540/4013/1647 3542/4046/1647 3556/4045/1647 3555/4014/1647
f 3601/3998/1644 3599/4017/1644 3619/3942/1644 3618/3941/1644
f 3543/3966/1650 3575/3936/1650 3576/4015/1650 3541/3967/1650
f 3540/4013/1482 3551/4003/1482 3549/4006/1482 3542/4046/1482
f 3550/4037/1477 3541/4047/1477 3539/3978/1477 3552/3984/1477
f 3544/4024/1480 3547/3993/1480 3545/3995/1480 3546/3929/1480
f 3549/4044/1655 3572/4048/1655 3573/3994/1655 3547/3993/1655
f 3541/4047/1653 3576/3990/1653 3577/3979/1653 3539/3978/1653
f 3572/4048/1818 3580/3957/1818 3581/3960/1818 3573/3994/1818
f 3594/3940/1603 3596/3974/1603 3591/4008/1603 3593/4007/1603
f 3553/3981/1659 3570/3980/1659 3571/4004/1659 3551/4003/1659
f 3620/4031/1666 3621/4030/1666 3629/3959/1666 3628/3958/1666
f 3642/4049/1715 3644/4050/1715 3655/4051/1715 3654/4052/1715
f 3670/4053/1716 3678/4054/1716 3679/4055/1716 3671/4056/1716
f 3688/4057/1807 3701/4058/1807 3702/4059/1807 3690/4060/1807
f 3714/4061/1718 3715/4062/1718 3723/4063/1718 3722/4064/1718
f 3705/4065/1719 3713/4066/1719 3706/4067/1719 3698/4068/1719
f 3694/4069/1720 3704/4070/1720 3705/4065/1720 3696/4071/1720
f 3696/4071/1721 3705/4065/1721 3698/4068/1721 3682/4072/1721
f 3656/4073/1722 3657/4074/1722 3665/4075/1722 3664/4076/1722
f 3676/4077/1723 3724/4078/1723 3725/4079/1723 3677/4080/1723
f 3694/4069/1724 3696/4071/1724 3683/4081/1724 3685/4082/1724
f 3679/4055/1725 3727/4083/1725 3728/4084/1725 3680/4085/1725
f 3644/4050/1484 3639/4086/1484 3637/4087/1484 3646/4088/1484
f 3715/4062/1808 3716/4089/1808 3724/4090/1808 3723/4063/1808
f 3718/4091/1727 3719/4092/1727 3727/4083/1727 3726/4093/1727
f 3692/4094/1728 3703/4095/1728 3704/4096/1728 3694/4097/1728
f 3635/4098/1729 3673/4099/1729 3666/4100/1729 3649/4101/1729
f 3657/4074/1730 3650/4102/1730 3658/4103/1730 3665/4075/1730
f 3648/4104/1731 3634/4105/1731 3650/4102/1731 3657/4074/1731
f 3652/4106/1732 3653/4107/1732 3661/4108/1732 3660/4109/1732
f 3672/4110/1733 3680/4111/1733 3681/4112/1733 3673/4099/1733
f 3643/4113/1734 3669/4114/1734 3670/4053/1734 3641/4115/1734
f 3698/4068/1735 3706/4067/1735 3707/4116/1735 3699/4117/1735
f 3683/4081/1736 3697/4118/1736 3714/4061/1736 3721/4119/1736
f 3686/4120/1737 3700/4121/1737 3701/4058/1737 3688/4057/1737
f 3673/4099/1738 3681/4112/1738 3674/4122/1738 3666/4100/1738
f 3648/4104/1482 3635/4098/1482 3649/4101/1482 3634/4105/1482
f 3647/4123/1813 3667/4124/1813 3668/4125/1813 3645/4126/1813
f 3669/4114/1821 3677/4080/1821 3678/4054/1821 3670/4053/1821
f 3689/4127/1741 3687/4128/1741 3719/4092/1741 3718/4091/1741
f 3653/4107/1742 3654/4052/1742 3662/4129/1742 3661/4108/1742
f 3655/4051/1743 3656/4130/1743 3664/4131/1743 3663/4132/1743
f 3634/4105/1744 3636/4133/1744 3651/4134/1744 3650/4102/1744
f 3671/4056/1745 3679/4055/1745 3680/4085/1745 3672/4135/1745
f 3678/4054/1746 3726/4093/1746 3727/4083/1746 3679/4055/1746
f 3682/4072/1747 3684/4136/1747 3695/4137/1747 3697/4118/1747
f 3703/4095/1748 3711/4138/1748 3712/4139/1748 3704/4096/1748
f 3667/4124/1822 3675/4140/1822 3676/4141/1822 3668/4125/1822
f 3642/4049/1477 3641/4115/1477 3639/4086/1477 3644/4050/1477
f 3704/4070/1823 3712/4142/1823 3713/4066/1823 3705/4065/1823
f 3719/4092/1751 3720/4143/1751 3728/4084/1751 3727/4083/1751
f 3640/4144/1752 3642/4049/1752 3654/4052/1752 3653/4107/1752
f 3674/4122/1753 3722/4064/1753 3723/4063/1753 3675/4140/1753
f 3675/4140/1754 3723/4063/1754 3724/4090/1754 3676/4141/1754
f 3720/4145/1755 3721/4119/1755 3729/4146/1755 3728/4147/1755
f 3693/4148/1756 3691/4149/1756 3717/4150/1756 3716/4151/1756
f 3659/4152/1824 3707/4116/1824 3706/4067/1824 3658/4103/1824
f 3680/4111/1758 3728/4147/1758 3729/4146/1758 3681/4112/1758
f 3658/4103/1759 3706/4067/1759 3713/4066/1759 3665/4075/1759
f 3695/4137/1760 3693/4153/1760 3716/4089/1760 3715/4062/1760
f 3702/4059/1761 3710/4154/1761 3711/4138/1761 3703/4095/1761
f 3691/4149/1762 3689/4127/1762 3718/4091/1762 3717/4150/1762
f 3699/4117/1763 3707/4116/1763 3708/4155/1763 3700/4156/1763
f 3646/4157/1764 3648/4104/1764 3657/4074/1764 3656/4073/1764
f 3660/4158/1765 3708/4155/1765 3707/4116/1765 3659/4152/1765
f 3684/4136/1766 3699/4117/1766 3700/4156/1766 3686/4159/1766
f 3654/4052/1767 3655/4051/1767 3663/4132/1767 3662/4129/1767
f 3692/4094/1768 3694/4097/1768 3685/4160/1768 3687/4128/1768
f 3684/4136/1769 3686/4159/1769 3693/4153/1769 3695/4137/1769
f 3665/4075/1825 3713/4066/1825 3712/4142/1825 3664/4076/1825
f 3700/4121/1806 3708/4161/1806 3709/4162/1806 3701/4058/1806
f 3677/4080/1826 3725/4079/1826 3726/4093/1826 3678/4054/1826
f 3717/4150/1773 3718/4091/1773 3726/4093/1773 3725/4079/1773
f 3664/4131/1774 3712/4139/1774 3711/4138/1774 3663/4132/1774
f 3641/4115/1775 3670/4053/1775 3671/4056/1775 3639/4086/1775
f 3682/4072/1776 3698/4068/1776 3699/4117/1776 3684/4136/1776
f 3644/4050/1777 3646/4088/1777 3656/4130/1777 3655/4051/1777
f 3661/4108/1778 3709/4162/1778 3708/4161/1778 3660/4109/1778
f 3638/4163/1479 3645/4164/1479 3643/4113/1479 3640/4144/1479
f 3634/4105/1481 3649/4101/1481 3647/4123/1481 3636/4133/1481
f 3666/4100/1779 3674/4122/1779 3675/4140/1779 3667/4124/1779
f 3688/4057/1780 3690/4060/1780 3689/4127/1780 3691/4149/1780
f 3685/4082/1781 3683/4081/1781 3721/4119/1781 3720/4145/1781
f 3651/4134/1782 3652/4165/1782 3660/4158/1782 3659/4152/1782
f 3662/4129/1783 3710/4154/1783 3709/4162/1783 3661/4108/1783
f 3701/4058/1784 3709/4162/1784 3710/4154/1784 3702/4059/1784
f 3663/4132/1785 3711/4138/1785 3710/4154/1785 3662/4129/1785
f 3687/4128/1810 3685/4160/1810 3720/4143/1810 3719/4092/1810
f 3681/4112/1787 3729/4146/1787 3722/4064/1787 3674/4122/1787
f 3686/4120/1788 3688/4057/1788 3691/4149/1788 3693/4148/1788
f 3721/4119/1789 3714/4061/1789 3722/4064/1789 3729/4146/1789
f 3690/4060/1790 3702/4059/1790 3703/4095/1790 3692/4094/1790
f 3638/4163/1791 3640/4144/1791 3653/4107/1791 3652/4106/1791
f 3696/4071/1792 3682/4072/1792 3697/4118/1792 3683/4081/1792
f 3650/4102/1793 3651/4134/1793 3659/4152/1793 3658/4103/1793
f 3636/4133/1794 3638/4166/1794 3652/4165/1794 3651/4134/1794
f 3697/4118/1795 3695/4137/1795 3715/4062/1795 3714/4061/1795
f 3639/4086/1796 3671/4056/1796 3672/4135/1796 3637/4087/1796
f 3636/4133/1480 3647/4123/1480 3645/4126/1480 3638/4166/1480
f 3646/4157/1483 3637/4167/1483 3635/4098/1483 3648/4104/1483
f 3640/4144/1478 3643/4113/1478 3641/4115/1478 3642/4049/1478
f 3645/4164/1797 3668/4168/1797 3669/4114/1797 3643/4113/1797
f 3637/4167/1798 3672/4110/1798 3673/4099/1798 3635/4098/1798
f 3668/4168/1827 3676/4077/1827 3677/4080/1827 3669/4114/1827
f 3690/4060/1800 3692/4094/1800 3687/4128/1800 3689/4127/1800
f 3649/4101/1801 3666/4100/1801 3667/4124/1801 3647/4123/1801
f 3716/4151/1802 3717/4150/1802 3725/4079/1802 3724/4078/1802
f 3738/4169/1648 3740/4170/1648 3751/4171/1648 3750/4172/1648
f 3766/4173/1634 3774/4174/1634 3775/4175/1634 3767/4176/1634
f 3784/4177/1670 3797/4178/1670 3798/4179/1670 3786/4180/1670
f 3810/4181/1610 3811/4182/1610 3819/4183/1610 3818/4184/1610
f 3801/4185/1667 3809/4186/1667 3802/4187/1667 3794/4188/1667
f 3790/4189/1671 3800/4190/1671 3801/4185/1671 3792/4191/1671
f 3792/4191/1614 3801/4185/1614 3794/4188/1614 3778/4192/1614
f 3752/4193/1662 3753/4194/1662 3761/4195/1662 3760/4196/1662
f 3772/4197/1672 3820/4198/1672 3821/4199/1672 3773/4200/1672
f 3790/4189/1591 3792/4191/1591 3779/4201/1591 3781/4202/1591
f 3775/4175/1622 3823/4203/1622 3824/4204/1622 3776/4205/1622
f 3740/4170/1478 3735/4206/1478 3733/4207/1478 3742/4208/1478
f 3811/4182/1604 3812/4209/1604 3820/4210/1604 3819/4183/1604
f 3814/4211/1602 3815/4212/1602 3823/4203/1602 3822/4213/1602
f 3788/4214/1669 3799/4215/1669 3800/4216/1669 3790/4217/1669
f 3731/4218/1656 3769/4219/1656 3762/4220/1656 3745/4221/1656
f 3753/4194/1630 3746/4222/1630 3754/4223/1630 3761/4195/1630
f 3744/4224/1638 3730/4225/1638 3746/4222/1638 3753/4194/1638
f 3748/4226/1651 3749/4227/1651 3757/4228/1651 3756/4229/1651
f 3768/4230/1660 3776/4231/1660 3777/4232/1660 3769/4219/1660
f 3739/4233/1658 3765/4234/1658 3766/4173/1658 3737/4235/1658
f 3794/4188/1673 3802/4187/1673 3803/4236/1673 3795/4237/1673
f 3779/4201/1652 3793/4238/1652 3810/4181/1652 3817/4239/1652
f 3782/4240/1668 3796/4241/1668 3797/4178/1668 3784/4177/1668
f 3769/4219/1661 3777/4232/1661 3770/4242/1661 3762/4220/1661
f 3744/4224/1484 3731/4218/1484 3745/4221/1484 3730/4225/1484
f 3743/4243/1654 3763/4244/1654 3764/4245/1654 3741/4246/1654
f 3765/4234/1664 3773/4200/1664 3774/4174/1664 3766/4173/1664
f 3785/4247/1665 3783/4248/1665 3815/4212/1665 3814/4211/1665
f 3749/4227/1629 3750/4172/1629 3758/4249/1629 3757/4228/1629
f 3751/4171/1639 3752/4250/1639 3760/4251/1639 3759/4252/1639
f 3730/4225/1649 3732/4253/1649 3747/4254/1649 3746/4222/1649
f 3767/4176/1636 3775/4175/1636 3776/4205/1636 3768/4255/1636
f 3774/4174/1635 3822/4213/1635 3823/4203/1635 3775/4175/1635
f 3778/4192/1601 3780/4256/1601 3791/4257/1601 3793/4238/1601
f 3799/4215/1828 3807/4258/1828 3808/4259/1828 3800/4216/1828
f 3763/4244/1817 3771/4260/1817 3772/4261/1817 3764/4245/1817
f 3738/4169/1479 3737/4235/1479 3735/4206/1479 3740/4170/1479
f 3800/4190/1612 3808/4262/1612 3809/4186/1612 3801/4185/1612
f 3815/4212/1606 3816/4263/1606 3824/4204/1606 3823/4203/1606
f 3736/4264/1631 3738/4169/1631 3750/4172/1631 3749/4227/1631
f 3770/4242/1596 3818/4184/1596 3819/4183/1596 3771/4260/1596
f 3771/4260/1597 3819/4183/1597 3820/4210/1597 3772/4261/1597
f 3816/4265/1594 3817/4239/1594 3825/4266/1594 3824/4267/1594
f 3789/4268/1613 3787/4269/1613 3813/4270/1613 3812/4271/1613
f 3755/4272/1628 3803/4236/1628 3802/4187/1628 3754/4223/1628
f 3776/4231/1803 3824/4267/1803 3825/4266/1803 3777/4232/1803
f 3754/4223/1621 3802/4187/1621 3809/4186/1621 3761/4195/1621
f 3791/4257/1616 3789/4273/1616 3812/4209/1616 3811/4182/1616
f 3798/4179/1609 3806/4274/1609 3807/4258/1609 3799/4215/1609
f 3787/4269/1605 3785/4247/1605 3814/4211/1605 3813/4270/1605
f 3795/4237/1608 3803/4236/1608 3804/4275/1608 3796/4276/1608
f 3742/4277/1643 3744/4224/1643 3753/4194/1643 3752/4193/1643
f 3756/4278/1600 3804/4275/1600 3803/4236/1600 3755/4272/1600
f 3780/4256/1617 3795/4237/1617 3796/4276/1617 3782/4279/1617
f 3750/4172/1632 3751/4171/1632 3759/4252/1632 3758/4249/1632
f 3788/4214/1623 3790/4217/1623 3781/4280/1623 3783/4248/1623
f 3780/4256/1588 3782/4279/1588 3789/4273/1588 3791/4257/1588
f 3761/4195/1829 3809/4186/1829 3808/4262/1829 3760/4196/1829
f 3796/4241/1592 3804/4281/1592 3805/4282/1592 3797/4178/1592
f 3773/4200/1663 3821/4199/1663 3822/4213/1663 3774/4174/1663
f 3813/4270/1589 3814/4211/1589 3822/4213/1589 3821/4199/1589
f 3760/4251/1626 3808/4259/1626 3807/4258/1626 3759/4252/1626
f 3737/4235/1633 3766/4173/1633 3767/4176/1633 3735/4206/1633
f 3778/4192/1615 3794/4188/1615 3795/4237/1615 3780/4256/1615
f 3740/4170/1645 3742/4208/1645 3752/4250/1645 3751/4171/1645
f 3757/4228/1627 3805/4282/1627 3804/4281/1627 3756/4229/1627
f 3734/4283/1481 3741/4284/1481 3739/4233/1481 3736/4264/1481
f 3730/4225/1483 3745/4221/1483 3743/4243/1483 3732/4253/1483
f 3762/4220/1640 3770/4242/1640 3771/4260/1640 3763/4244/1640
f 3784/4177/1587 3786/4180/1587 3785/4247/1587 3787/4269/1587
f 3781/4202/1619 3779/4201/1619 3817/4239/1619 3816/4265/1619
f 3747/4254/1642 3748/4285/1642 3756/4278/1642 3755/4272/1642
f 3758/4249/1599 3806/4274/1599 3805/4282/1599 3757/4228/1599
f 3797/4178/1611 3805/4282/1611 3806/4274/1611 3798/4179/1611
f 3759/4252/1590 3807/4258/1590 3806/4274/1590 3758/4249/1590
f 3783/4248/1620 3781/4280/1620 3816/4263/1620 3815/4212/1620
f 3777/4232/1625 3825/4266/1625 3818/4184/1625 3770/4242/1625
f 3782/4240/1598 3784/4177/1598 3787/4269/1598 3789/4268/1598
f 3817/4239/1607 3810/4181/1607 3818/4184/1607 3825/4266/1607
f 3786/4180/1618 3798/4179/1618 3799/4215/1618 3788/4214/1618
f 3734/4283/1646 3736/4264/1646 3749/4227/1646 3748/4226/1646
f 3792/4191/1624 3778/4192/1624 3793/4238/1624 3779/4201/1624
f 3746/4222/1641 3747/4254/1641 3755/4272/1641 3754/4223/1641
f 3732/4253/1647 3734/4286/1647 3748/4285/1647 3747/4254/1647
f 3793/4238/1804 3791/4257/1804 3811/4182/1804 3810/4181/1804
f 3735/4206/1650 3767/4176/1650 3768/4255/1650 3733/4207/1650
f 3732/4253/1482 3743/4243/1482 3741/4246/1482 3734/4286/1482
f 3742/4277/1477 3733/4287/1477 3731/4218/1477 3744/4224/1477
f 3736/4264/1480 3739/4233/1480 3737/4235/1480 3738/4169/1480
f 3741/4284/1655 3764/4288/1655 3765/4234/1655 3739/4233/1655
f 3733/4287/1653 3768/4230/1653 3769/4219/1653 3731/4218/1653
f 3764/4288/1818 3772/4197/1818 3773/4200/1818 3765/4234/1818
f 3786/4180/1603 3788/4214/1603 3783/4248/1603 3785/4247/1603
f 3745/4221/1659 3762/4220/1659 3763/4244/1659 3743/4243/1659
f 3812/4271/1830 3813/4270/1830 3821/4199/1830 3820/4198/1830
s 1
f 1446/4289/1831 1624/4290/1832 1453/4291/1833 1454/4292/1834
f 1623/4293/1835 1622/4294/1836 1450/4295/1837 1451/4296/1838
f 1594/4297/1839 1448/4298/1840 1457/4299/1841
f 1625/4300/1842 1446/4289/1831 1454/4292/1834 1455/4301/1843
f 1445/4302/1844 1623/4293/1835 1451/4296/1838 1452/4303/1845
f 1444/4304/1846 1557/4305/1847 1449/4306/1848
f 1447/4307/1849 1625/4300/1842 1455/4301/1843 1456/4308/1850
f 1624/4290/1832 1445/4302/1844 1452/4303/1845 1453/4291/1833
f 1622/4294/1836 1444/4304/1846 1449/4306/1848 1450/4295/1837
f 1448/4298/1840 1447/4307/1849 1456/4308/1850 1457/4299/1841
f 1454/4292/1834 1453/4291/1833 1462/4309/1851 1463/4310/1852
f 1451/4296/1838 1450/4295/1837 1459/4311/1853 1460/4312/1854
f 1594/4297/1839 1457/4299/1841 1466/4313/1855
f 1455/4301/1843 1454/4292/1834 1463/4310/1852 1464/4314/1856
f 1452/4303/1845 1451/4296/1838 1460/4312/1854 1461/4315/1857
f 1449/4306/1848 1557/4305/1847 1458/4316/1858
f 1456/4308/1850 1455/4301/1843 1464/4314/1856 1465/4317/1859
f 1453/4291/1833 1452/4303/1845 1461/4315/1857 1462/4309/1851
f 1450/4295/1837 1449/4306/1848 1458/4316/1858 1459/4311/1853
f 1457/4299/1841 1456/4308/1850 1465/4317/1859 1466/4313/1855
f 1459/4311/1853 1458/4316/1858 1467/4318/1860 1468/4319/1861
f 1466/4313/1855 1465/4317/1859 1474/4320/1862 1475/4321/1863
f 1463/4310/1852 1462/4309/1851 1471/4322/1864 1472/4323/1865
f 1460/4312/1854 1459/4311/1853 1468/4319/1861 1469/4324/1866
f 1594/4297/1839 1466/4313/1855 1475/4321/1863
f 1464/4314/1856 1463/4310/1852 1472/4323/1865 1473/4325/1867
f 1461/4315/1857 1460/4312/1854 1469/4324/1866 1470/4326/1868
f 1458/4316/1858 1557/4305/1847 1467/4318/1860
f 1465/4317/1859 1464/4314/1856 1473/4325/1867 1474/4320/1862
f 1462/4309/1851 1461/4315/1857 1470/4326/1868 1471/4322/1864
f 1471/4322/1864 1470/4326/1868 1479/4327/1869 1480/4328/1870
f 1468/4319/1861 1467/4318/1860 1476/4329/1871 1477/4330/1872
f 1475/4321/1863 1474/4320/1862 1483/4331/1873 1484/4332/1874
f 1472/4323/1865 1471/4322/1864 1480/4328/1870 1481/4333/1875
f 1469/4324/1866 1468/4319/1861 1477/4330/1872 1478/4334/1876
f 1594/4297/1839 1475/4321/1863 1484/4332/1874
f 1473/4325/1867 1472/4323/1865 1481/4333/1875 1482/4335/1877
f 1470/4326/1868 1469/4324/1866 1478/4334/1876 1479/4327/1869
f 1467/4318/1860 1557/4305/1847 1476/4329/1871
f 1474/4320/1862 1473/4325/1867 1482/4335/1877 1483/4331/1873
f 1476/4329/1871 1557/4305/1847 1485/4336/1878
f 1483/4331/1873 1482/4335/1877 1491/4337/1879 1492/4338/1880
f 1480/4328/1870 1479/4327/1869 1488/4339/1881 1489/4340/1882
f 1477/4330/1872 1476/4329/1871 1485/4336/1878 1486/4341/1883
f 1484/4332/1874 1483/4331/1873 1492/4338/1880 1493/4342/1884
f 1481/4333/1875 1480/4328/1870 1489/4340/1882 1490/4343/1885
f 1478/4334/1876 1477/4330/1872 1486/4341/1883 1487/4344/1886
f 1594/4297/1839 1484/4332/1874 1493/4342/1884
f 1482/4335/1877 1481/4333/1875 1490/4343/1885 1491/4337/1879
f 1479/4327/1869 1478/4334/1876 1487/4344/1886 1488/4339/1881
f 1491/4345/1879 1490/4346/1885 1499/4347/1887 1500/4348/1888
f 1488/4349/1881 1487/4350/1886 1496/4351/1889 1497/4352/1890
f 1485/4353/1878 1557/4354/1847 1494/4355/1891
f 1492/4356/1880 1491/4345/1879 1500/4348/1888 1501/4357/1892
f 1489/4358/1882 1488/4349/1881 1497/4352/1890 1498/4359/1893
f 1486/4360/1883 1485/4353/1878 1494/4355/1891 1495/4361/1894
f 1493/4362/1884 1492/4356/1880 1501/4357/1892 1502/4363/1895
f 1490/4346/1885 1489/4358/1882 1498/4359/1893 1499/4347/1887
f 1487/4350/1886 1486/4360/1883 1495/4361/1894 1496/4351/1889
f 1594/4364/1839 1493/4362/1884 1502/4363/1895
f 1496/4351/1889 1495/4361/1894 1504/4365/1896 1505/4366/1897
f 1594/4364/1839 1502/4363/1895 1511/4367/1898
f 1500/4348/1888 1499/4347/1887 1508/4368/1899 1509/4369/1900
f 1497/4352/1890 1496/4351/1889 1505/4366/1897 1506/4370/1901
f 1494/4355/1891 1557/4354/1847 1503/4371/1902
f 1501/4357/1892 1500/4348/1888 1509/4369/1900 1510/4372/1903
f 1498/4359/1893 1497/4352/1890 1506/4370/1901 1507/4373/1904
f 1495/4361/1894 1494/4355/1891 1503/4371/1902 1504/4365/1896
f 1502/4363/1895 1501/4357/1892 1510/4372/1903 1511/4367/1898
f 1499/4347/1887 1498/4359/1893 1507/4373/1904 1508/4368/1899
f 1508/4368/1899 1507/4373/1904 1516/4374/1905 1517/4375/1906
f 1505/4366/1897 1504/4365/1896 1513/4376/1907 1514/4377/1908
f 1594/4364/1839 1511/4367/1898 1520/4378/1909
f 1509/4369/1900 1508/4368/1899 1517/4375/1906 1518/4379/1910
f 1506/4370/1901 1505/4366/1897 1514/4377/1908 1515/4380/1911
f 1503/4371/1902 1557/4354/1847 1512/4381/1912
f 1510/4372/1903 1509/4369/1900 1518/4379/1910 1519/4382/1913
f 1507/4373/1904 1506/4370/1901 1515/4380/1911 1516/4374/1905
f 1504/4365/1896 1503/4371/1902 1512/4381/1912 1513/4376/1907
f 1511/4367/1898 1510/4372/1903 1519/4382/1913 1520/4378/1909
f 1513/4376/1907 1512/4381/1912 1521/4383/1914 1522/4384/1915
f 1520/4378/1909 1519/4382/1913 1528/4385/1916 1529/4386/1917
f 1517/4375/1906 1516/4374/1905 1525/4387/1918 1526/4388/1919
f 1514/4377/1908 1513/4376/1907 1522/4384/1915 1523/4389/1920
f 1594/4364/1839 1520/4378/1909 1529/4386/1917
f 1518/4379/1910 1517/4375/1906 1526/4388/1919 1527/4390/1921
f 1515/4380/1911 1514/4377/1908 1523/4389/1920 1524/4391/1922
f 1512/4381/1912 1557/4354/1847 1521/4383/1914
f 1519/4382/1913 1518/4379/1910 1527/4390/1921 1528/4385/1916
f 1516/4374/1905 1515/4380/1911 1524/4391/1922 1525/4387/1918
f 1528/4385/1916 1527/4390/1921 1536/4392/1923 1537/4393/1924
f 1525/4387/1918 1524/4391/1922 1533/4394/1925 1534/4395/1926
f 1522/4384/1915 1521/4383/1914 1530/4396/1927 1531/4397/1928
f 1529/4386/1917 1528/4385/1916 1537/4393/1924 1538/4398/1929
f 1526/4388/1919 1525/4387/1918 1534/4395/1926 1535/4399/1930
f 1523/4389/1920 1522/4384/1915 1531/4397/1928 1532/4400/1931
f 1594/4364/1839 1529/4386/1917 1538/4398/1929
f 1527/4390/1921 1526/4388/1919 1535/4399/1930 1536/4392/1923
f 1524/4391/1922 1523/4389/1920 1532/4400/1931 1533/4394/1925
f 1521/4383/1914 1557/4354/1847 1530/4396/1927
f 1533/4401/1925 1532/4402/1931 1541/4403/1932 1542/4404/1933
f 1530/4405/1927 1557/4406/1847 1539/4407/1934
f 1537/4408/1924 1536/4409/1923 1545/4410/1935 1546/4411/1936
f 1534/4412/1926 1533/4401/1925 1542/4404/1933 1543/4413/1937
f 1531/4414/1928 1530/4405/1927 1539/4407/1934 1540/4415/1938
f 1538/4416/1929 1537/4408/1924 1546/4411/1936 1547/4417/1939
f 1535/4418/1930 1534/4412/1926 1543/4413/1937 1544/4419/1940
f 1532/4402/1931 1531/4414/1928 1540/4415/1938 1541/4403/1932
f 1594/4420/1839 1538/4416/1929 1547/4417/1939
f 1536/4409/1923 1535/4418/1930 1544/4419/1940 1545/4410/1935
f 1545/4410/1935 1544/4419/1940 1553/4421/1941 1554/4422/1942
f 1542/4404/1933 1541/4403/1932 1550/4423/1943 1551/4424/1944
f 1539/4407/1934 1557/4406/1847 1548/4425/1945
f 1546/4411/1936 1545/4410/1935 1554/4422/1942 1555/4426/1946
f 1543/4413/1937 1542/4404/1933 1551/4424/1944 1552/4427/1947
f 1540/4415/1938 1539/4407/1934 1548/4425/1945 1549/4428/1948
f 1547/4417/1939 1546/4411/1936 1555/4426/1946 1556/4429/1949
f 1544/4419/1940 1543/4413/1937 1552/4427/1947 1553/4421/1941
f 1541/4403/1932 1540/4415/1938 1549/4428/1948 1550/4423/1943
f 1594/4420/1839 1547/4417/1939 1556/4429/1949
f 1550/4423/1943 1549/4428/1948 1559/4430/1950 1560/4431/1951
f 1594/4420/1839 1556/4429/1949 1566/4432/1952
f 1554/4422/1942 1553/4421/1941 1563/4433/1953 1564/4434/1954
f 1551/4424/1944 1550/4423/1943 1560/4431/1951 1561/4435/1955
f 1548/4425/1945 1557/4406/1847 1558/4436/1956
f 1555/4426/1946 1554/4422/1942 1564/4434/1954 1565/4437/1957
f 1552/4427/1947 1551/4424/1944 1561/4435/1955 1562/4438/1958
f 1549/4428/1948 1548/4425/1945 1558/4436/1956 1559/4430/1950
f 1556/4429/1949 1555/4426/1946 1565/4437/1957 1566/4432/1952
f 1553/4421/1941 1552/4427/1947 1562/4438/1958 1563/4433/1953
f 1566/4432/1952 1565/4437/1957 1574/4439/1959 1575/4440/1960
f 1563/4433/1953 1562/4438/1958 1571/4441/1961 1572/4442/1962
f 1560/4431/1951 1559/4430/1950 1568/4443/1963 1569/4444/1964
f 1594/4420/1839 1566/4432/1952 1575/4440/1960
f 1564/4434/1954 1563/4433/1953 1572/4442/1962 1573/4445/1965
f 1561/4435/1955 1560/4431/1951 1569/4444/1964 1570/4446/1966
f 1558/4436/1956 1557/4406/1847 1567/4447/1967
f 1565/4437/1957 1564/4434/1954 1573/4445/1965 1574/4439/1959
f 1562/4438/1958 1561/4435/1955 1570/4446/1966 1571/4441/1961
f 1559/4430/1950 1558/4436/1956 1567/4447/1967 1568/4443/1963
f 1571/4441/1961 1570/4446/1966 1579/4448/1968 1580/4449/1969
f 1568/4443/1963 1567/4447/1967 1576/4450/1970 1577/4451/1971
f 1575/4440/1960 1574/4439/1959 1583/4452/1972 1584/4453/1973
f 1572/4442/1962 1571/4441/1961 1580/4449/1969 1581/4454/1974
f 1569/4444/1964 1568/4443/1963 1577/4451/1971 1578/4455/1975
f 1594/4420/1839 1575/4440/1960 1584/4453/1973
f 1573/4445/1965 1572/4442/1962 1581/4454/1974 1582/4456/1976
f 1570/4446/1966 1569/4444/1964 1578/4455/1975 1579/4448/1968
f 1567/4447/1967 1557/4406/1847 1576/4450/1970
f 1574/4439/1959 1573/4445/1965 1582/4456/1976 1583/4452/1972
f 1576/4457/1970 1557/4458/1847 1585/4459/1977
f 1583/4460/1972 1582/4461/1976 1591/4462/1978 1592/4463/1979
f 1580/4464/1969 1579/4465/1968 1588/4466/1980 1589/4467/1981
f 1577/4468/1971 1576/4457/1970 1585/4459/1977 1586/4469/1982
f 1584/4470/1973 1583/4460/1972 1592/4463/1979 1593/4471/1983
f 1581/4472/1974 1580/4464/1969 1589/4467/1981 1590/4473/1984
f 1578/4474/1975 1577/4468/1971 1586/4469/1982 1587/4475/1985
f 1594/4476/1839 1584/4470/1973 1593/4471/1983
f 1582/4461/1976 1581/4472/1974 1590/4473/1984 1591/4462/1978
f 1579/4465/1968 1578/4474/1975 1587/4475/1985 1588/4466/1980
f 1588/4466/1980 1587/4475/1985 1597/4477/1986 1598/4478/1987
f 1585/4459/1977 1557/4458/1847 1595/4479/1988
f 1592/4463/1979 1591/4462/1978 1601/4480/1989 1602/4481/1990
f 1589/4467/1981 1588/4466/1980 1598/4478/1987 1599/4482/1991
f 1586/4469/1982 1585/4459/1977 1595/4479/1988 1596/4483/1992
f 1593/4471/1983 1592/4463/1979 1602/4481/1990 1603/4484/1993
f 1590/4473/1984 1589/4467/1981 1599/4482/1991 1600/4485/1994
f 1587/4475/1985 1586/4469/1982 1596/4483/1992 1597/4477/1986
f 1594/4476/1839 1593/4471/1983 1603/4484/1993
f 1591/4462/1978 1590/4473/1984 1600/4485/1994 1601/4480/1989
f 1594/4476/1839 1603/4484/1993 1612/4486/1995
f 1601/4480/1989 1600/4485/1994 1609/4487/1996 1610/4488/1997
f 1598/4478/1987 1597/4477/1986 1606/4489/1998 1607/4490/1999
f 1595/4479/1988 1557/4458/1847 1604/4491/2000
f 1602/4481/1990 1601/4480/1989 1610/4488/1997 1611/4492/2001
f 1599/4482/1991 1598/4478/1987 1607/4490/1999 1608/4493/2002
f 1596/4483/1992 1595/4479/1988 1604/4491/2000 1605/4494/2003
f 1603/4484/1993 1602/4481/1990 1611/4492/2001 1612/4486/1995
f 1600/4485/1994 1599/4482/1991 1608/4493/2002 1609/4487/1996
f 1597/4477/1986 1596/4483/1992 1605/4494/2003 1606/4489/1998
f 1609/4487/1996 1608/4493/2002 1617/4495/2004 1618/4496/2005
f 1606/4489/1998 1605/4494/2003 1614/4497/2006 1615/4498/2007
f 1594/4476/1839 1612/4486/1995 1621/4499/2008
f 1610/4488/1997 1609/4487/1996 1618/4496/2005 1619/4500/2009
f 1607/4490/1999 1606/4489/1998 1615/4498/2007 1616/4501/2010
f 1604/4491/2000 1557/4458/1847 1613/4502/2011
f 1611/4492/2001 1610/4488/1997 1619/4500/2009 1620/4503/2012
f 1608/4493/2002 1607/4490/1999 1616/4501/2010 1617/4495/2004
f 1605/4494/2003 1604/4491/2000 1613/4502/2011 1614/4497/2006
f 1612/4486/1995 1611/4492/2001 1620/4503/2012 1621/4499/2008
f 1614/4497/2006 1613/4502/2011 1444/4504/1846 1622/4505/1836
f 1621/4499/2008 1620/4503/2012 1447/4506/1849 1448/4507/1840
f 1618/4496/2005 1617/4495/2004 1624/4508/1832 1446/4509/1831
f 1615/4498/2007 1614/4497/2006 1622/4505/1836 1623/4510/1835
f 1594/4476/1839 1621/4499/2008 1448/4507/1840
f 1619/4500/2009 1618/4496/2005 1446/4509/1831 1625/4511/1842
f 1616/4501/2010 1615/4498/2007 1623/4510/1835 1445/4512/1844
f 1613/4502/2011 1557/4458/1847 1444/4504/1846
f 1620/4503/2012 1619/4500/2009 1625/4511/1842 1447/4506/1849
f 1617/4495/2004 1616/4501/2010 1445/4512/1844 1624/4508/1832
f 1655/4513/2013 1648/4514/1839 1654/4515/2014
f 1626/4516/2015 1632/4517/1882 1641/4518/2016
f 1656/4519/2017 1648/4514/1839 1655/4513/2013
f 1627/4520/2018 1632/4517/1882 1626/4516/2015
f 1653/4521/2019 1648/4514/1839 1652/4522/2020
f 1628/4523/2021 1632/4517/1882 1627/4520/2018
f 1652/4522/2020 1648/4514/1839 1651/4524/2022
f 1629/4525/2023 1632/4517/1882 1628/4523/2021
f 1651/4524/2022 1648/4514/1839 1650/4526/2024
f 1630/4527/2025 1632/4517/1882 1629/4525/2023
f 1650/4526/2024 1648/4514/1839 1649/4528/2026
f 1631/4529/2027 1632/4517/1882 1630/4527/2025
f 1649/4528/2026 1648/4514/1839 1647/4530/2028
f 1633/4531/2029 1632/4517/1882 1631/4529/2027
f 1647/4530/2028 1648/4514/1839 1646/4532/2030
f 1634/4533/2031 1632/4517/1882 1633/4531/2029
f 1646/4534/2030 1648/4514/1839 1645/4535/2032
f 1635/4536/2033 1632/4517/1882 1634/4533/2031
f 1645/4535/2032 1648/4514/1839 1644/4537/2034
f 1636/4538/2035 1632/4517/1882 1635/4536/2033
f 1644/4537/2034 1648/4514/1839 1643/4539/2036
f 1637/4540/2037 1632/4517/1882 1636/4538/2035
f 1643/4539/2036 1648/4514/1839 1642/4541/2038
f 1638/4542/2039 1632/4517/1882 1637/4543/2037
f 1642/4541/2038 1648/4514/1839 1657/4544/2040
f 1639/4545/2041 1632/4517/1882 1638/4542/2039
f 1640/4546/2042 1632/4517/1882 1639/4545/2041
f 1641/4518/2016 1632/4517/1882 1640/4546/2042
f 1654/4515/2014 1648/4514/1839 1653/4521/2019
f 1657/4544/2040 1648/4514/1839 1656/4519/2017
f 1671/4547/2043 1664/4548/1969 1670/4549/2044
f 1672/4550/2045 1664/4548/1969 1671/4547/2043
f 1669/4551/2046 1664/4548/1969 1668/4552/2047
f 1668/4552/2047 1664/4548/1969 1667/4553/2048
f 1667/4553/2048 1664/4548/1969 1666/4554/2049
f 1666/4554/2049 1664/4548/1969 1665/4555/2050
f 1665/4555/2050 1664/4548/1969 1663/4556/2051
f 1663/4556/2051 1664/4548/1969 1662/4557/2052
f 1662/4557/2052 1664/4548/1969 1661/4558/2053
f 1661/4559/2053 1664/4548/1969 1660/4560/2054
f 1660/4560/2054 1664/4548/1969 1659/4561/2055
f 1659/4561/2055 1664/4548/1969 1658/4562/2056
f 1658/4562/2056 1664/4548/1969 1673/4563/2057
f 1670/4549/2044 1664/4548/1969 1669/4551/2046
f 1673/4563/2057 1664/4548/1969 1672/4550/2045
f 1687/4564/2058 1680/4565/1926 1686/4566/2059
f 1688/4567/2060 1680/4565/1926 1687/4564/2058
f 1685/4568/2061 1680/4565/1926 1684/4569/2062
f 1684/4569/2062 1680/4565/1926 1683/4570/2063
f 1683/4570/2063 1680/4565/1926 1682/4571/2064
f 1682/4571/2064 1680/4565/1926 1681/4572/2065
f 1681/4572/2065 1680/4565/1926 1679/4573/2066
f 1679/4573/2066 1680/4565/1926 1678/4574/2067
f 1678/4574/2067 1680/4565/1926 1677/4575/2068
f 1677/4576/2068 1680/4565/1926 1676/4577/2069
f 1676/4577/2069 1680/4565/1926 1675/4578/2070
f 1675/4578/2070 1680/4565/1926 1674/4579/2071
f 1674/4579/2071 1680/4565/1926 1689/4580/2072
f 1686/4566/2059 1680/4565/1926 1685/4568/2061
f 1689/4580/2072 1680/4565/1926 1688/4567/2060
f 1703/4581/2073 1696/4582/1832 1702/4583/2074
f 1704/4584/2075 1696/4582/1832 1703/4581/2073
f 1701/4585/2076 1696/4582/1832 1700/4586/2077
f 1700/4586/2077 1696/4582/1832 1699/4587/2078
f 1699/4587/2078 1696/4582/1832 1698/4588/2079
f 1698/4588/2079 1696/4582/1832 1697/4589/2080
f 1697/4589/2080 1696/4582/1832 1695/4590/2081
f 1695/4590/2081 1696/4582/1832 1694/4591/2082
f 1694/4591/2082 1696/4582/1832 1693/4592/2083
f 1693/4592/2083 1696/4582/1832 1692/4593/2084
f 1692/4593/2084 1696/4582/1832 1691/4594/2085
f 1691/4594/2085 1696/4582/1832 1690/4595/2086
f 1690/4595/2086 1696/4582/1832 1705/4596/2087
f 1702/4583/2074 1696/4582/1832 1701/4597/2076
f 1705/4596/2087 1696/4582/1832 1704/4584/2075
f 1706/4598/2088 1715/4599/2089 1707/4600/2090
f 1707/4600/2090 1715/4599/2089 1708/4601/2091
f 1708/4601/2091 1715/4599/2089 1709/4602/2092
f 1709/4603/2092 1715/4599/2089 1710/4604/2093
f 1710/4604/2093 1715/4599/2089 1711/4605/2094
f 1711/4605/2094 1715/4599/2089 1712/4606/2095
f 1712/4606/2095 1715/4599/2089 1713/4607/2096
f 1713/4607/2096 1715/4599/2089 1714/4608/2097
f 1714/4608/2097 1715/4599/2089 1716/4609/2098
f 1716/4609/2098 1715/4599/2089 1717/4610/2099
f 1717/4610/2099 1715/4599/2089 1718/4611/2100
f 1718/4611/2100 1715/4599/2089 1719/4612/2101
f 1719/4612/2101 1715/4599/2089 1720/4613/2102
f 1720/4613/2102 1715/4599/2089 1721/4614/2103
f 1721/4614/2103 1715/4599/2089 1706/4598/2088
f 1722/4615/2104 1731/4616/2105 1723/4617/2106
f 1723/4618/2106 1731/4616/2105 1724/4619/2107
f 1724/4619/2107 1731/4616/2105 1725/4620/2108
f 1725/4620/2108 1731/4616/2105 1726/4621/2109
f 1726/4621/2109 1731/4616/2105 1727/4622/2110
f 1727/4622/2110 1731/4616/2105 1728/4623/2111
f 1728/4623/2111 1731/4616/2105 1729/4624/2112
f 1729/4624/2112 1731/4616/2105 1730/4625/2113
f 1730/4625/2113 1731/4616/2105 1732/4626/2114
f 1732/4626/2114 1731/4616/2105 1733/4627/2115
f 1733/4627/2115 1731/4616/2105 1734/4628/2116
f 1734/4628/2116 1731/4616/2105 1735/4629/2117
f 1735/4629/2117 1731/4616/2105 1736/4630/2118
f 1736/4630/2118 1731/4616/2105 1737/4631/2119
f 1737/4631/2119 1731/4616/2105 1722/4615/2104
f 1738/4632/2120 1747/4633/2121 1739/4634/2122
f 1739/4634/2122 1747/4633/2121 1740/4635/2123
f 1740/4635/2123 1747/4633/2121 1741/4636/2124
f 1741/4637/2124 1747/4633/2121 1742/4638/2125
f 1742/4638/2125 1747/4633/2121 1743/4639/2126
f 1743/4639/2126 1747/4633/2121 1744/4640/2127
f 1744/4640/2127 1747/4633/2121 1745/4641/2128
f 1745/4641/2128 1747/4633/2121 1746/4642/2129
f 1746/4642/2129 1747/4633/2121 1748/4643/2130
f 1748/4643/2130 1747/4633/2121 1749/4644/2131
f 1749/4644/2131 1747/4633/2121 1750/4645/2132
f 1750/4645/2132 1747/4633/2121 1751/4646/2133
f 1751/4646/2133 1747/4633/2121 1752/4647/2134
f 1752/4647/2134 1747/4633/2121 1753/4648/2135
f 1753/4648/2135 1747/4633/2121 1738/4632/2120
f 1754/4649/2136 1763/4650/2137 1755/4651/2138
f 1755/4651/2138 1763/4650/2137 1756/4652/2139
f 1756/4653/2139 1763/4650/2137 1757/4654/2140
f 1757/4654/2140 1763/4650/2137 1758/4655/2141
f 1758/4655/2141 1763/4650/2137 1759/4656/2142
f 1759/4656/2142 1763/4650/2137 1760/4657/2143
f 1760/4657/2143 1763/4650/2137 1761/4658/2144
f 1761/4658/2144 1763/4650/2137 1762/4659/2145
f 1762/4659/2145 1763/4650/2137 1764/4660/2146
f 1764/4660/2146 1763/4650/2137 1765/4661/2147
f 1765/4661/2147 1763/4650/2137 1766/4662/2148
f 1766/4662/2148 1763/4650/2137 1767/4663/2149
f 1767/4663/2149 1763/4650/2137 1768/4664/2150
f 1768/4664/2150 1763/4650/2137 1769/4665/2151
f 1769/4665/2151 1763/4650/2137 1754/4649/2136
f 1770/4666/2152 1779/4667/2153 1771/4668/2154
f 1771/4668/2154 1779/4667/2153 1772/4669/2155
f 1772/4669/2155 1779/4667/2153 1773/4670/2156
f 1773/4670/2156 1779/4667/2153 1774/4671/2157
f 1774/4672/2157 1779/4667/2153 1775/4673/2158
f 1775/4673/2158 1779/4667/2153 1776/4674/2159
f 1776/4674/2159 1779/4667/2153 1777/4675/2160
f 1777/4675/2160 1779/4667/2153 1778/4676/2161
f 1778/4676/2161 1779/4667/2153 1780/4677/2162
f 1780/4677/2162 1779/4667/2153 1781/4678/2163
f 1781/4678/2163 1779/4667/2153 1782/4679/2164
f 1782/4679/2164 1779/4667/2153 1783/4680/2165
f 1783/4680/2165 1779/4667/2153 1784/4681/2166
f 1784/4681/2166 1779/4667/2153 1785/4682/2167
f 1785/4682/2167 1779/4667/2153 1770/4666/2152
f 1786/4683/2168 1795/4684/2169 1787/4685/2170
f 1787/4686/2170 1795/4684/2169 1788/4687/2171
f 1788/4687/2171 1795/4684/2169 1789/4688/2172
f 1789/4688/2172 1795/4684/2169 1790/4689/2173
f 1790/4689/2173 1795/4684/2169 1791/4690/2174
f 1791/4690/2174 1795/4684/2169 1792/4691/2175
f 1792/4691/2175 1795/4684/2169 1793/4692/2176
f 1793/4692/2176 1795/4684/2169 1794/4693/2177
f 1794/4693/2177 1795/4684/2169 1796/4694/2178
f 1796/4694/2178 1795/4684/2169 1797/4695/2179
f 1797/4695/2179 1795/4684/2169 1798/4696/2180
f 1798/4696/2180 1795/4684/2169 1799/4697/2181
f 1799/4697/2181 1795/4684/2169 1800/4698/2182
f 1800/4698/2182 1795/4684/2169 1801/4699/2183
f 1801/4699/2183 1795/4684/2169 1786/4683/2168
f 1802/4700/2184 1811/4701/2185 1803/4702/2186
f 1803/4702/2186 1811/4701/2185 1804/4703/2187
f 1804/4703/2187 1811/4701/2185 1805/4704/2188
f 1805/4705/2188 1811/4701/2185 1806/4706/2189
f 1806/4706/2189 1811/4701/2185 1807/4707/2190
f 1807/4707/2190 1811/4701/2185 1808/4708/2191
f 1808/4708/2191 1811/4701/2185 1809/4709/2192
f 1809/4709/2192 1811/4701/2185 1810/4710/2193
f 1810/4710/2193 1811/4701/2185 1812/4711/2194
f 1812/4711/2194 1811/4701/2185 1813/4712/2195
f 1813/4712/2195 1811/4701/2185 1814/4713/2196
f 1814/4713/2196 1811/4701/2185 1815/4714/2197
f 1815/4714/2197 1811/4701/2185 1816/4715/2198
f 1816/4715/2198 1811/4701/2185 1817/4716/2199
f 1817/4716/2199 1811/4701/2185 1802/4700/2184
f 1818/4717/2200 1827/4718/2201 1819/4719/2202
f 1819/4720/2202 1827/4718/2201 1820/4721/2203
f 1820/4721/2203 1827/4718/2201 1821/4722/2204
f 1821/4722/2204 1827/4718/2201 1822/4723/2205
f 1822/4723/2205 1827/4718/2201 1823/4724/2206
f 1823/4724/2206 1827/4718/2201 1824/4725/2207
f 1824/4725/2207 1827/4718/2201 1825/4726/2208
f 1825/4726/2208 1827/4718/2201 1826/4727/2209
f 1826/4727/2209 1827/4718/2201 1828/4728/2210
f 1828/4728/2210 1827/4718/2201 1829/4729/2211
f 1829/4729/2211 1827/4718/2201 1830/4730/2212
f 1830/4730/2212 1827/4718/2201 1831/4731/2213
f 1831/4731/2213 1827/4718/2201 1832/4732/2214
f 1832/4732/2214 1827/4718/2201 1833/4733/2215
f 1833/4733/2215 1827/4718/2201 1818/4717/2200
f 1834/4734/2216 1835/4735/2217 1837/4736/2218 1836/4737/2219
f 1836/4737/2219 1837/4736/2218 1839/4738/2220 1838/4739/2221
f 1838/4739/2221 1839/4738/2220 1841/4740/2222 1840/4741/2223
f 1840/4741/2223 1841/4740/2222 1843/4742/2224 1842/4743/2225
f 1842/4743/2225 1843/4742/2224 1845/4744/2226 1844/4745/2227
f 1844/4746/2227 1845/4747/2226 1847/4748/2228 1846/4749/2229
f 1846/4749/2229 1847/4748/2228 1849/4750/2230 1848/4751/2231
f 1848/4751/2231 1849/4750/2230 1851/4752/2232 1850/4753/2233
f 1837/4754/2218 1835/4755/2217 1853/4756/2234 1851/4757/2232 1849/4758/2230 1847/4759/2228 1845/4760/2226 1843/4761/2224 1841/4762/2222 1839/4763/2220
f 1850/4753/2233 1851/4752/2232 1853/4764/2234 1852/4765/2235
f 1852/4765/2235 1853/4764/2234 1835/4735/2217 1834/4734/2216
f 2014/4766/2236 2015/4767/2237 2017/4768/2238 2016/4769/2239
f 2016/4769/2239 2017/4768/2238 2019/4770/2240 2018/4771/2241
f 2018/4771/2241 2019/4770/2240 2021/4772/2242 2020/4773/2243
f 2020/4773/2243 2021/4772/2242 2023/4774/2244 2022/4775/2245
f 2022/4775/2245 2023/4774/2244 2025/4776/2246 2024/4777/2247
f 2024/4778/2247 2025/4779/2246 2027/4780/2248 2026/4781/2249
f 2026/4781/2249 2027/4780/2248 2029/4782/2250 2028/4783/2251
f 2028/4783/2251 2029/4782/2250 2031/4784/2252 2030/4785/2253
f 2017/4786/2238 2015/4787/2237 2033/4788/2254 2031/4789/2252 2029/4790/2250 2027/4791/2248 2025/4792/2246 2023/4793/2244 2021/4794/2242 2019/4795/2240
f 2030/4785/2253 2031/4784/2252 2033/4796/2254 2032/4797/2255
f 2032/4797/2255 2033/4796/2254 2015/4767/2237 2014/4766/2236
f 2014/4798/2236 2016/4799/2239 2018/4800/2241 2020/4801/2243 2022/4802/2245 2024/4803/2247 2026/4804/2249 2028/4805/2251 2030/4806/2253 2032/4807/2255
o Sword_Cube
v 1.720724 -0.112627 0.059142
v 1.779336 0.053312 0.059142
v 1.720724 -0.112627 -0.059142
v 1.779336 0.053312 -0.059142
v 2.613001 -0.112627 0.059142
v 2.554389 0.053312 0.059142
v 2.613001 -0.112627 -0.059142
v 2.554389 0.053312 -0.059142
v 2.428988 -0.082970 -0.082970
v 1.904736 -0.082970 -0.082970
v 1.904736 0.082970 -0.082970
v 2.428988 0.082970 -0.082970
v 1.904736 -0.082970 0.082970
v 2.428988 -0.082970 0.082970
v 2.428988 0.082970 0.082970
v 1.904736 0.082970 0.082970
v 1.748050 -0.029658 0.059142
v 1.748050 -0.029658 -0.059142
v 2.585674 -0.029658 -0.059142
v 2.585674 -0.029658 0.059142
v 2.428988 0.000000 0.082970
v 1.904736 0.000000 0.082970
v 1.904736 0.000000 -0.082970
v 2.428988 0.000000 -0.082970
v 2.166862 -0.071563 -0.101363
v 2.166862 0.094376 -0.101363
v 2.166862 -0.071563 0.101363
v 2.166862 0.094376 0.101363
v 2.166862 0.011407 -0.101363
v 2.166862 0.011407 0.101363
v 1.940292 0.014307 0.000000
v 2.393432 0.014307 0.000000
v 2.166862 0.025714 -0.065801
v 2.166862 0.025714 0.065801
v 1.960366 2.943542 0.000000
v 2.373358 2.943542 0.000000
v 2.166862 2.861794 -0.053459
v 2.166862 2.861794 0.053459
v 2.166862 3.403756 0.000000
v 2.166862 0.293449 0.086360
v 2.472106 0.295183 0.000000
v 2.166862 0.293449 -0.086360
v 1.861617 0.295183 0.000000
v 1.938159 0.346222 0.000000
v 2.395564 0.346222 0.000000
v 2.166862 0.346587 0.086360
v 2.166862 0.346587 -0.086360
v 1.970466 0.986794 0.000000
v 2.363258 0.986794 0.000000
v 2.166862 0.987159 0.078218
v 2.166862 0.987159 -0.078218
v 1.904736 1.049823 0.000000
v 2.428988 1.049823 0.000000
v 2.166862 1.061229 0.078218
v 2.166862 1.061229 -0.078218
v 2.215780 -0.620263 -0.066823
v 2.167230 -0.620263 -0.082598
v 2.167230 -0.705237 -0.060475
v 2.167230 -0.035423 -0.060475
v 2.202776 -0.705237 -0.048925
v 2.202776 -0.035423 -0.048925
v 2.224745 -0.705237 -0.018688
v 2.224745 -0.035423 -0.018688
v 2.224745 -0.705237 0.018688
v 2.224745 -0.035423 0.018688
v 2.202776 -0.705237 0.048925
v 2.202776 -0.035423 0.048925
v 2.167230 -0.705237 0.060474
v 2.167230 -0.035423 0.060474
v 2.131684 -0.705237 0.048925
v 2.131684 -0.035423 0.048925
v 2.109715 -0.705237 0.018688
v 2.109715 -0.035423 0.018688
v 2.109715 -0.705237 -0.018688
v 2.109715 -0.035423 -0.018688
v 2.131684 -0.705237 -0.048925
v 2.131684 -0.035423 -0.048925
v 2.245785 -0.620263 -0.025524
v 2.245785 -0.620263 0.025524
v 2.215780 -0.620263 0.066823
v 2.167230 -0.620263 0.082597
v 2.118681 -0.620263 0.066823
v 2.088675 -0.620263 0.025524
v 2.088675 -0.620263 -0.025524
v 2.118681 -0.620263 -0.066823
v 2.131684 -0.583735 -0.048925
v 2.109715 -0.583735 -0.018688
v 2.167230 -0.583735 -0.060475
v 2.109715 -0.583735 0.018688
v 2.131684 -0.583735 0.048925
v 2.167230 -0.583735 0.060474
v 2.202776 -0.583735 0.048925
v 2.224745 -0.583735 0.018688
v 2.224745 -0.583735 -0.018688
v 2.202776 -0.583735 -0.048925
vt 0.439020 0.464961
vt 0.411021 0.464961
vt 0.411021 0.427611
vt 0.439020 0.427611
vt 0.228717 0.406275
vt 0.234168 0.428294
vt 0.197414 0.432543
vt 0.181273 0.410790
vt 0.169415 0.432543
vt 0.197414 0.469892
vt 0.169415 0.469892
vt 0.379718 0.491228
vt 0.374267 0.469210
vt 0.427162 0.486714
vt 0.082979 0.425019
vt 0.141833 0.432543
vt 0.141833 0.469892
vt 0.082980 0.477416
vt 0.372536 0.425208
vt 0.235900 0.472296
vt 0.303031 0.422625
vt 0.305404 0.474879
vt 0.466603 0.427611
vt 0.525456 0.420088
vt 0.525456 0.472484
vt 0.466603 0.464961
vt 0.000133 0.419211
vt 0.000133 0.483224
vt 0.182300 0.493312
vt 0.231384 0.495038
vt 0.305980 0.498418
vt 0.426136 0.404192
vt 0.377052 0.402466
vt 0.302456 0.399085
vt 0.301800 0.374649
vt 0.223543 0.382452
vt 0.439611 0.380445
vt 0.380931 0.377957
vt 0.306636 0.522854
vt 0.384892 0.515052
vt 0.168824 0.517059
vt 0.227504 0.519546
vt 0.441751 0.508938
vt 0.166684 0.388565
vt 0.608302 0.414280
vt 0.608302 0.478292
vt 0.160508 0.280887
vt 0.135613 0.343302
vt 0.000133 0.280887
vt 0.689330 0.280887
vt 0.691869 0.361758
vt 0.691869 0.200016
vt 0.135613 0.218472
vt 0.689330 0.093629
vt 0.691869 0.174500
vt 0.135613 0.156044
vt 0.160509 0.093629
vt 0.691869 0.012758
vt 0.135613 0.031213
vt 0.995115 0.093629
vt 0.999867 0.163235
vt 0.917069 0.187125
vt 0.915990 0.093629
vt 0.000133 0.093628
vt 0.999867 0.024023
vt 0.917069 0.000133
vt 0.999867 0.211281
vt 0.995115 0.280887
vt 0.915990 0.280887
vt 0.917069 0.187391
vt 0.999867 0.350493
vt 0.917069 0.374383
vt 0.900344 0.093629
vt 0.900438 0.021601
vt 0.900438 0.165657
vt 0.900344 0.280887
vt 0.900438 0.208858
vt 0.900438 0.352915
vt 0.711268 0.093629
vt 0.711407 0.031142
vt 0.711407 0.156116
vt 0.711268 0.280887
vt 0.711407 0.218400
vt 0.711407 0.343374
vt 0.710346 0.508677
vt 0.727993 0.509280
vt 0.726841 0.526056
vt 0.709958 0.525563
vt 0.679047 0.489907
vt 0.711114 0.492239
vt 0.677352 0.506027
vt 0.727229 0.476490
vt 0.967996 0.476873
vt 0.968032 0.492552
vt 0.727659 0.492657
vt 0.675659 0.522538
vt 0.968105 0.508239
vt 0.709121 0.543146
vt 0.726105 0.542722
vt 0.726801 0.559071
vt 0.709331 0.563094
vt 0.674571 0.539179
vt 0.968217 0.523946
vt 0.708354 0.391302
vt 0.727522 0.394712
vt 0.726667 0.411439
vt 0.708875 0.411397
vt 0.672005 0.555559
vt 0.968378 0.539665
vt 0.726599 0.428127
vt 0.709882 0.428796
vt 0.673154 0.400551
vt 0.676413 0.416056
vt 0.968578 0.556145
vt 0.726650 0.444467
vt 0.710690 0.445065
vt 0.678176 0.431384
vt 0.968578 0.398493
vt 0.968355 0.414170
vt 0.726371 0.460430
vt 0.711417 0.460624
vt 0.679179 0.446651
vt 0.968184 0.429848
vt 0.711506 0.476605
vt 0.679761 0.461968
vt 0.968067 0.445524
vt 0.683577 0.475583
vt 0.968005 0.461199
vt 0.666943 0.498237
vt 0.652254 0.497862
vt 0.640592 0.488924
vt 0.636410 0.474838
vt 0.641306 0.460985
vt 0.653410 0.452655
vt 0.668099 0.453031
vn -0.9357 0.3528 0.0000
vn 0.1732 0.0326 -0.9844
vn 0.9357 0.3528 0.0000
vn -0.1732 0.0326 0.9844
vn -0.1591 -0.9873 0.0000
vn -0.2302 0.9732 0.0000
vn 0.2302 0.9732 0.0000
vn -0.0435 0.9991 0.0000
vn 0.1591 -0.9873 0.0000
vn -0.0435 -0.9991 0.0000
vn 0.1732 0.0326 0.9844
vn -0.0700 0.0000 0.9975
vn -0.1732 0.0326 -0.9844
vn 0.0700 0.0000 -0.9975
vn -0.1425 0.0235 -0.9895
vn 0.1425 0.0235 0.9895
vn -0.1425 0.0235 0.9895
vn 0.9498 0.3128 0.0000
vn 0.1425 0.0235 -0.9895
vn -0.9498 0.3128 0.0000
vn 0.0700 0.0000 0.9975
vn -0.0700 0.0000 -0.9975
vn 0.0435 -0.9991 0.0000
vn 0.0435 0.9991 0.0000
vn -0.2137 0.0959 -0.9722
vn -0.2690 0.0105 -0.9631
vn 0.2690 0.0105 -0.9631
vn 0.2690 0.0105 0.9631
vn -0.2690 0.0105 0.9631
vn 0.2730 -0.0751 0.9591
vn 0.2137 0.0959 -0.9722
vn 0.2137 0.0959 0.9722
vn -0.2137 0.0959 0.9722
vn -0.2730 -0.0751 0.9591
vn 0.2730 -0.0751 -0.9591
vn -0.2730 -0.0751 -0.9591
vn -0.2997 0.2202 0.9283
vn 0.2997 0.2202 0.9283
vn 0.2997 0.2202 -0.9283
vn -0.2997 0.2202 -0.9283
vn -0.3610 0.0150 0.9324
vn 0.3610 0.0150 0.9324
vn 0.3610 0.0150 -0.9324
vn -0.3610 0.0150 -0.9324
vn -0.3157 -0.1514 0.9367
vn 0.3157 -0.1514 0.9367
vn 0.3157 -0.1514 -0.9367
vn -0.3157 -0.1514 -0.9367
vn 0.8665 0.4991 0.0000
vn 0.7853 -0.2403 -0.5706
vn 0.3090 0.0000 -0.9511
vn 0.7010 0.4991 -0.5093
vn 0.9707 -0.2404 0.0000
vn 0.8090 0.0000 -0.5878
vn 0.2678 0.4991 0.8241
vn 0.7853 -0.2403 0.5706
vn 1.0000 0.0000 0.0000
vn -0.2678 0.4991 0.8241
vn 0.3000 -0.2404 0.9232
vn 0.8090 0.0000 0.5878
vn -0.7010 0.4991 0.5093
vn -0.3000 -0.2403 0.9232
vn 0.3090 0.0000 0.9511
vn -0.8665 0.4991 0.0000
vn -0.7853 -0.2403 0.5706
vn -0.3090 0.0000 0.9511
vn -0.7010 0.4991 -0.5093
vn -0.9707 -0.2403 0.0000
vn -0.8090 0.0000 0.5878
vn -0.2678 0.4991 -0.8241
vn -0.7853 -0.2403 -0.5706
vn -1.0000 0.0000 0.0000
vn -0.3000 -0.2403 -0.9232
vn -0.8090 0.0000 -0.5878
vn 0.7010 0.4991 0.5093
vn 0.3000 -0.2404 -0.9232
vn -0.3090 0.0000 -0.9511
vn 0.0000 -1.0000 -0.0000
vn 0.2678 0.4991 -0.8241
usemtl Sword
s off
f 3842/4808/2256 3827/4809/2256 3829/4810/2256 3843/4811/2256
f 3849/4812/2257 3837/4813/2257 3833/4814/2257 3844/4815/2257
f 3844/4816/2258 3833/4814/2258 3831/4817/2258 3845/4818/2258
f 3847/4819/2259 3841/4820/2259 3827/4809/2259 3842/4821/2259
f 3834/4822/2260 3832/4823/2260 3830/4824/2260 3839/4825/2260
f 3836/4826/2261 3829/4810/2261 3827/4809/2261 3841/4820/2261
f 3833/4814/2262 3837/4813/2262 3840/4827/2262 3831/4817/2262
f 3851/4828/2263 3836/4826/2263 3841/4820/2263 3853/4829/2263
f 3828/4830/2264 3835/4831/2264 3838/4832/2264 3826/4833/2264
f 3850/4834/2265 3834/4822/2265 3839/4825/2265 3852/4835/2265
f 3845/4836/2266 3831/4817/2266 3840/4827/2266 3846/4837/2266
f 3855/4838/2267 3853/4829/2267 3841/4820/2267 3847/4819/2267
f 3843/4839/2268 3829/4810/2268 3836/4826/2268 3848/4840/2268
f 3854/4841/2269 3851/4828/2269 3837/4813/2269 3849/4812/2269
f 3850/4842/2269 3854/4841/2269 3849/4812/2269 3834/4843/2269
f 3828/4844/2270 3843/4839/2270 3848/4840/2270 3835/4845/2270
f 3852/4846/2267 3855/4838/2267 3847/4819/2267 3838/4847/2267
f 3830/4848/2271 3845/4836/2271 3846/4837/2271 3839/4849/2271
f 3838/4847/2272 3847/4819/2272 3842/4821/2272 3826/4850/2272
f 3832/4823/2273 3844/4816/2273 3845/4818/2273 3830/4824/2273
f 3834/4843/2274 3849/4812/2274 3844/4815/2274 3832/4851/2274
f 3826/4833/2275 3842/4808/2275 3843/4811/2275 3828/4830/2275
f 3839/4849/2276 3846/4837/2276 3855/4838/2276 3852/4846/2276
f 3835/4845/2277 3848/4840/2277 3854/4841/2277 3850/4842/2277
f 3848/4840/2277 3836/4826/2277 3851/4828/2277 3854/4841/2277
f 3846/4837/2276 3840/4827/2276 3853/4829/2276 3855/4838/2276
f 3835/4831/2278 3850/4852/2278 3852/4853/2278 3838/4832/2278
f 3837/4813/2279 3851/4828/2279 3853/4829/2279 3840/4827/2279
f 3862/4854/2280 3860/4855/2280 3864/4856/2280
f 3880/4857/2281 3877/4858/2281 3860/4855/2281 3862/4854/2281
f 3878/4859/2282 3880/4857/2282 3862/4854/2282 3861/4860/2282
f 3879/4861/2283 3878/4862/2283 3861/4863/2283 3863/4864/2283
f 3877/4865/2284 3879/4861/2284 3863/4864/2284 3860/4866/2284
f 3859/4867/2285 3857/4868/2285 3866/4869/2285 3865/4870/2285
f 3861/4860/2286 3862/4854/2286 3864/4856/2286
f 3863/4864/2287 3861/4863/2287 3864/4871/2287
f 3860/4866/2288 3863/4864/2288 3864/4871/2288
f 3856/4872/2289 3859/4867/2289 3865/4870/2289 3868/4873/2289
f 3857/4874/2290 3858/4875/2290 3867/4876/2290 3866/4877/2290
f 3858/4875/2291 3856/4878/2291 3868/4879/2291 3867/4876/2291
f 3868/4873/2292 3865/4870/2292 3871/4880/2292 3869/4881/2292
f 3865/4870/2293 3866/4869/2293 3870/4882/2293 3871/4880/2293
f 3866/4877/2294 3867/4876/2294 3872/4883/2294 3870/4884/2294
f 3867/4876/2295 3868/4879/2295 3869/4885/2295 3872/4883/2295
f 3869/4881/2296 3871/4880/2296 3875/4886/2296 3873/4887/2296
f 3871/4880/2297 3870/4882/2297 3874/4888/2297 3875/4886/2297
f 3870/4884/2298 3872/4883/2298 3876/4889/2298 3874/4890/2298
f 3872/4883/2299 3869/4885/2299 3873/4891/2299 3876/4889/2299
f 3873/4887/2300 3875/4886/2300 3879/4861/2300 3877/4865/2300
f 3875/4886/2301 3874/4888/2301 3878/4862/2301 3879/4861/2301
f 3874/4890/2302 3876/4889/2302 3880/4857/2302 3878/4859/2302
f 3876/4889/2303 3873/4891/2303 3877/4858/2303 3880/4857/2303
f 3903/4892/2304 3919/4893/2304 3918/4894/2304 3904/4895/2304
f 3885/4896/2305 3881/4897/2305 3903/4892/2305 3887/4898/2305
f 3913/4899/2306 3884/4900/2306 3886/4901/2306 3920/4902/2306
f 3881/4897/2307 3920/4902/2307 3919/4893/2307 3903/4892/2307
f 3887/4898/2308 3903/4892/2308 3904/4895/2308 3889/4903/2308
f 3920/4902/2309 3886/4901/2309 3888/4904/2309 3919/4893/2309
f 3905/4905/2310 3917/4906/2310 3916/4907/2310 3906/4908/2310
f 3889/4903/2311 3904/4895/2311 3905/4905/2311 3891/4909/2311
f 3919/4893/2312 3888/4904/2312 3890/4910/2312 3918/4894/2312
f 3906/4911/2313 3916/4912/2313 3915/4913/2313 3907/4914/2313
f 3891/4909/2314 3905/4905/2314 3906/4908/2314 3893/4915/2314
f 3918/4894/2315 3890/4910/2315 3892/4916/2315 3917/4906/2315
f 3907/4914/2316 3915/4913/2316 3914/4917/2316 3908/4918/2316
f 3893/4919/2317 3906/4911/2317 3907/4914/2317 3895/4920/2317
f 3917/4906/2318 3892/4916/2318 3894/4921/2318 3916/4907/2318
f 3908/4918/2319 3914/4917/2319 3912/4922/2319 3909/4923/2319
f 3895/4920/2320 3907/4914/2320 3908/4918/2320 3897/4924/2320
f 3916/4912/2321 3894/4925/2321 3896/4926/2321 3915/4913/2321
f 3909/4923/2322 3912/4922/2322 3911/4927/2322 3910/4928/2322
f 3897/4924/2323 3908/4918/2323 3909/4923/2323 3899/4929/2323
f 3915/4913/2324 3896/4926/2324 3898/4930/2324 3914/4917/2324
f 3910/4928/2325 3911/4927/2325 3913/4899/2325 3882/4931/2325
f 3899/4929/2326 3909/4923/2326 3910/4928/2326 3901/4932/2326
f 3914/4917/2327 3898/4930/2327 3900/4933/2327 3912/4922/2327
f 3901/4932/2328 3910/4928/2328 3882/4931/2328 3883/4934/2328
f 3912/4922/2329 3900/4933/2329 3902/4935/2329 3911/4927/2329
f 3904/4895/2330 3918/4894/2330 3917/4906/2330 3905/4905/2330
f 3883/4934/2331 3882/4931/2331 3881/4897/2331 3885/4896/2331
f 3911/4927/2332 3902/4935/2332 3884/4900/2332 3913/4899/2332
f 3883/4934/2333 3885/4896/2333 3887/4936/2333 3889/4937/2333 3891/4938/2333 3893/4939/2333 3895/4940/2333 3897/4941/2333 3899/4942/2333 3901/4932/2333
f 3882/4931/2334 3913/4899/2334 3920/4902/2334 3881/4897/2334
